Pregunta,Opción A,Opción B,Opción C,Opción D,Puntos,,,,,,,,,,,,
"paciente masculino de 7 meses de edad. tres días con diarrea acuosa sin moco o sangre, seis a 7 evacuaciones diarias y desde ayer 5 vómitos de contenido gástrico. la madre busca atención por irritabilidad y persistencia de la diarrea, así como disminución de la uresis. ef: fc 165 lpm, fr 34 rpm, temp 38ºc, spo2% 94 al aire ambiente, t/a 87/56. saliva filante, ojos relativamente hundidos, piel seca, signo de lienzo ++, lagrimas escasas. llenado capilar de 3 ss, pulsos periféricos presentes y rápidos. peristalsis presente. de acuerdo a las características clínicas descritas cual es el diagnóstico que tiene este paciente?",deshidratación leve,deshidratación grave,deshidratación moderada,choque hipovólemico,,,,,,,,,,,,,
"De todos los signos de deshidratación, ¿cual de los siguientes se incluye entre los mas sensibles para el diagnóstico de deshidratación?",signo de lienzo,sed,ausencia de lagrimas,fontanela deprimida,,,,,,,,,,,,,
¿Cual es el tratamiento indicado en este paciente?,Rehidratación intravenosa,Plan A de hidratación,Cargas a 20 mlkgdosis,Plan B de hidratación,,,,,,,,,,,,,
¿Que solución utilizaría para su tratamiento?,"solución glucosa 5% con aporte de electrolitos, cubriendo requerimientos de mantenimiento + deficit","solución de rehidratación oral con sodio a 75meqlt y glucosa a 75mg/dl, relación 1:1","solución de rehidratación oral con sodio a 45-90 meq/lt y glucosa a 75mg/dl, relación 1:3",solución cristaloide isótonica,,,,,,,,,,,,,
"masculino de 6 años de edad que ingresa por tce moderado. se solicita tac de cráneo simple. ef, irritable, glasgow de 13. peso 20 kg. usted decide dejarlo en ayuno. ¿cuál es la cantidad total de líquidos de mantenimiento que le tocan a este paciente al utilizar la fórmula de calorías metabolizadas (holliday-segar)?",1500 ml/24 horas,1300 ml/24 horas,1000 ml/24 horas,2000 ml/24 horas,,,,,,,,,,,,,
¿De acuerdo al método que decidió utilizar en este paciente,que requerimientos de líquidos esta cubriendo?,perdidas insensibles y agua obligatoria renal,perdidas insensibles y perdidas sensibles (agua obligatoria renal y gastrointestinal sin déficit extra),agua obligatoria renal,perdidas renales y déficit extra por perdidas gastrointestinales,,,,,,,,,,,,
¿De acuerdo a este método,cuál es la cantidad de sodio que le corresponde con base a la cantidad de líquidos administrados?,5 meq/100 ml,3 meq/100 ml,30 meq/100 ml,50 meq/100 ml,,,,,,,,,,,,
¿De acuerdo a este método,cuál es la cantidad de potasio que le corresponde con base a la cantidad de líquidos administrados?,2 meq/100 ml,40 meq/100 ml,4 meq/100 ml,20 meq/100 ml,,,,,,,,,,,,
Mencione cuál es el tipo de choque más frecuente en pediatría.,choque hemorrágico,choque séptico,choque hipovolémico,choque neurogénico,,,,,,,,,,,,,
¿Cuál de los siguientes enunciados es correcto?,"dificultad respiratoria está caracterizado por signos de aumento o disminución del trabajo respiratorio, por lo general se presenta bradicardia.",insuficiencia respiratoria es el estado clínico caracterizado por una inadecuada oxigenación y adecuada ventilación. siempre existe incremento del trabajo respiratorio.,choque es el estado clínico caracterizado por un déficit de energía global (atp) debido a inadecuada perfusión tisular resultando en una entrega de oxígeno y sustratos metabólicos insuficiente para satisfacer las demandas metabólicas de los tejidos.,"choque compensado es un estado clínico de inadecuada perfusión de los tejidos, con alteración en la presión arterial and el gasto cardiaco, pero sin alteraciones en la gasometría",,,,,,,,,,,,,
¿Cuál es la presión arterial sistólica mínima normal (percentil 5º) en un niño de 5 años?,70 mmhg,75 mmhg,80 mmhg,90 mmhg,,,,,,,,,,,,,
"Usted revisa a un niño de 5 años de edad, el cual presenta tos, fiebre y taquipnea, y dificultad respiratoria la cual se ha agravado. al examen inicial se encuentra ansioso con respiraciones trabajosas y rápidas, y aleteo nasal. se le administra oxígeno por puntas nasales a 3 l/min y la oximetría de pulso es de 85%. pulsos periféricos rápidos, la fc es de 135 lpm y la pa de 92/45 mmhg, temp 39ºc. se escucha murmullo vesicular bilateral presente y estertores crepitantes bilaterales. ¿cuál de las siguientes sería la conducta a seguir más apropiada?","suministro de oxígeno con un dispositivo de alto flujo, con mascarilla facial que no permita la reinhalación parcial",intubación traqueal inmediata,tomar una radiografía pa y lateral de tórax,aspiración de secreciones y aumentar el flujo de oxígeno a 10 l/min,,,,,,,,,,,,,
"De acuerdo a la clínica del paciente, ¿cual es su sospecha diagnóstica?",crisis asmática,crup,bronquiolitis,neumonía,,,,,,,,,,,,,
¿Que estudio de gabinete le ayudaría a corroborar su diagnostico?,radiografía ap y lateral de cuello,espirometría,tele de torax,ningún estudio es necesario,,,,,,,,,,,,,
"Se solicita una biometría hemática y usted encuentra leucocitosis con neutrofilia y bandemia. de acuerdo a estos hallazgos, ¿cual es la etiología mas probable?",virus sincicial respiratorio,activación de macrófagos y liberación de citocinas pro-inflamatorias,pneumococo,virus parainfluenza,,,,,,,,,,,,,
¿cual sería el tratamiento de elección?,ceftriaxona,tratamiento sintomático,penicilina g sódica cristalina,dexametasona y adrenalina nebulizada,,,,,,,,,,,,,
"Usted revisa un lactante de 8 meses de edad letárgico y pálido con antecedente de vómito y diarrea. fr 57 rpm, fc 198 lpm, pulsos débiles, tiempo de llenado capilar de 5 segundos. ta 50/30 mmhg ¿cuál de los siguientes diagnósticos es el más compatible con el cuadro de este lactante?",insuficiencia cardiorrespiratoria,deshidratación leve,taquicardia supraventricular con hipoperfusión,choque hipovolémico,,,,,,,,,,,,,
¿Una vez permeabilizada la vía aérea y colocado oxígeno,¿cual sería el tratamiento mas apropiado a continuación?,obtener una radiografía de tórax,dar líquidos de mantenimiento en infusión,administrar un bolo de 20 ml/kg de líquidos cristaloides isotónicos iv,administrar adenosina a 0.1 mgkgdo,,,,,,,,,,,,
"Paciente masculino de 8 años de edad, acude a urgencias por dificultad para respirar. al ingreso a la prehospitalización: retracciones supraesternales marcadas, con fr 50rpm, sat 89% aire ambiente, sibilancias inspiratorias y espiratorias, estertores crepitantes aislados difusos. fc 120 lpm, ta 85/65mmhg, adecuada coloración, ruidos cardíacos sin alteración. se observa reactivo, cooperador.. temperatura 37.8°c. peso 18kg. ¿cual es el tratamiento inicial mas adecuado?","oxigeno a flujo libre a 10l/minuto, nus con combivent en serie de 3, después dejar cada 2 horas por la gravedad, y esteroide iv 2mgkgdo.","oxígeno con mascarilla reservorio y válvula de no reinahlación a 5l/min, y nus salbutamol una ocasión y evaluar de acuerdo a gravedad el intervalo de las subsecuentes, y prednisona 2mgkgdo dosis única vo","oxigeno con puntas nasales, y nus con salbutamol 1 cada 20 minutos durante 1 hora, evaluar después de acuerdo a severidad, prednisona 2mgkgdo dosis única vo.","oxígeno con mascarilla reservorio y válvula de no reinhalación a 10l/min, y nus con salbutamol 0.15mgkgdo, 1 cada 20 minutos durante 1 hora, evaluar subsecuentes de acuerdo a gravedad, prednisona 1-2mgkgdo du.",,,,,,,,,,,,,
"Tomando en cuenta el índice (score) pulmonar, ¿que parámetros se utilizan para evaluar gravedad de la crisis?","frecuencia respiratoria, uso de músculos accesorios, presencia de sibilancias o estertores, oximetría de pulso.","frecuencia respiratoria, auscultación, uso de músculos accesorios esternocleidomastoideos.","frecuencia respiratoria, uso de músculos intercostales, subcostales y esternocleidomastoideo, auscultación.","frecuencia respiratoria, uso de músculos accesorios esternocleidomastoideo y oximetría de pulso.",,,,,,,,,,,,,
"Posterior al manejo inicial el paciente se encuentra: fc 140, fr 35, ta 89/65mmhg, t 38°c, sat 92% con oxígeno, leve uso de esternocleidomastoideo, y con sibilancias espiratorias e inspiratorias. ¿como categoriza la gravedad de la crisis en este momento?",leve,moderada,grave,,,,,,,,,,,,,,
"De acuerdo con la gravedad de la crisis, ¿cual es el manejo a continuación?","o2 para mantener sao2% por arriba de 90%, nus con salbutamol cada hora, esteroide a 1 mgkgdo cada 6 hrs, sulfato de magnesio.","o2 para mantener sao2% por arriba de 90%, esteroide a 1 mgkgdo cada 6 hrs , nus con salbutamol/bromuro de ipatropio cada 2 hrs.","o2 para mantener sao2% por arriba de 90%, nus con salbutamol/bromuro de ipatropio cada hora, esteroide a 1 mgkgdo cada 6 hrs","o2 para mantener sao2% por arriba de 90%, nus con salbutamol cada 2 horas.",,,,,,,,,,,,,
¿Qué antecedentes debemos de interrogar en este paciente para establecer factores de riesgo de asma casi fatal?,antecedentes de atopia. bajo nivel socioeconómico,"padres con asma, mas de 3 crisis en un mes.",antecedente de ventilación mecánica por una crisis asmática.,uso de esteroides como tratamiento de mantenimiento.,,,,,,,,,,,,,
"Después de 6 horas de vigilancia. el paciente tiene adecuada aceptación a la vía oral, los signos vitales sin oxígeno son: fc 89, fr 28, ta 90/60mmhg sat 92%. no hay aumento del trabajo respiratorio. campos pulmonares con sibilancias espiratorias aisladas. ¿cuál es la conducta a seguir?","continuar tratamiento en hospitalización, con nus cada 4 horas ya solo con salbutamol y sin oxígeno, y con esteroide vo 1mgkgdía.",reevaluar en 4 horas más.,"iniciar esteroide inhalado, mantener en urgencias con plan de ingreso, nus con bromuro de ipatropio/salbutamol, mantener con esteroide 1mgkgdo.",egreso a domicilio con tratamiento inhalado y revisión en 24 horas.,,,,,,,,,,,,,
"Paciente femenino de 7 años de edad. ingresa a urgencias con antecedente de fiebre hoy por la mañana y tos desde hace 2 días, tratada con qxtx desde hace 2 semanas debido a una lal preb de reciente diagnostico. a su ingreso es traída después de la administración de qxtx ambulatoria con fc 166, fr 42, sao2% 87, temp 39.5, ta 76/36. irritable, csps con sibilancias y estertores crepitantes, tiraje intercostal y aleteo nasal. rscs rítmicos, taquicardico.. extremidades calientes, pulsos intensos. llenado capilar inmediato. presenta un exantema petequial de predominio en extremidades. durante la exploración presenta 3 vómitos y refiere el médico que la bajo que presento 3 mas en piso. ¿que diagnostico realiza en este paciente?",choque anafiláctico,choque cardiogénico,choque séptico,choque hipovolémico,,,,,,,,,,,,,
¿Una vez que administra oxígeno,intenta colocar dos accesos vasculares y después de 2 minutos no es posible. ¿cual es su siguiente acción?,intentar un acceso central para monitorización y administración de medicamentos,continuar con intentos de acceso periférico hasta cumplir 5 minutos y si no colocar osteoclisis,colocar osteoclisis,realizar una venodisección tibial distal,,,,,,,,,,,,
"Una vez obtenido el acceso vascular, decide pasar tratamiento con cargas de solución cristaloide isotónica, ¿que cantidad de líquidos en carga de esta solución deberá de administrar en la primer hora si persisten los datos de choque y no hay datos de insuficiencia cardiaca?",20 mlkgdo y después valorar coloide,hasta 80 mlkgdo,hasta 60 mlkgdo,la cantidad que sea necesarias hasta mejorar perfusión,,,,,,,,,,,,,
"Ya se han administrado las cargas de solución cristaloide isotónico, el paciente presenta ahora fc 145, fr 35, ta 90/36, temp 38.9 ºc, sao2% 93 con oxígeno. taquipneico y con aleteo nasal. ligera mejoría en el estado de alerta. extremidades calientes y llenado en flash. ¿cual sería su acción terapéutica mas adecuada a continuación?","iniciar administrar adrenalina subcutánea a 0.1 mgkgdo, solución 1:1000",iniciar infusión de vasopresor,administrar adrenalina en infusión a 0.1 mcgkgmin,iniciar infusión de inotrópico,,,,,,,,,,,,,
"Después de las acciones que ha realizado, han pasado 45 minutos de tratamiento, ¿que terapéutica debe de administrar antes de cumplir 60 minutos ya que ha demostrado que disminuye la mortalidad si se realiza en ese tiempo?",antibióticos empíricos cubriendo los sitios de infección sospechados o confirmados,antihistamínico y esteroide,inotrópico y corrección de calcio,"corrección de calcio, alteraciones de la glucosa y anemia",,,,,,,,,,,,,
Al cumplir una hora de tratamiento el paciente esta intubado y tiene un acceso central y una línea arterial. que parámetro gasométrico solicitaría y cuál es la resultado que debe de obtener como meta para evidenciar que el tratamiento ha sido adecuado y que ha probado disminución en la mortalidad de estos pacientes.,lactato,menor a 2 mmol/lt,exceso de base menor a -5,índice cardiaco entre 3.3 y 5 mlm2min,sao2% venosa central arriba de 75%,,,,,,,,,,,,
Está atendiendo a un niño con sospecha de intoxicación grave por narcóticos. ¿cuál de las siguientes opciones representa el tratamiento más apropiado?,abrir la vía aérea y apoyar la ventilación antes de administrar naloxona,administrar epinefrina para revertir la bracidardia,administrar primero naloxona y apoya la ventilación si no hay respuesta,administrar bicarbonato para revertir la acidosis,,,,,,,,,,,,,
¿Cuales serían los hallazgos clínicos que coincidirían con la intoxicación que sospecha en este paciente?,miosis,bradicardia y salivación.,taquicardia,diaforesis y agitación.,bradicardia,estreñimiento y midriasis.,miosis,depresión respiratoria y coma,,,,,,,,,
"Ante la presencia de dificultad respiratoria y estertores crepitantes en este paciente, ¿que complicación sospecharía?",insuficiencia cardiaca,neumonía por aspiración.,edema agudo de pulmón,broncoespasmo,,,,,,,,,,,,,
"Paciente masculino de 16 años de edad, previamente sano. es traído a urgencias por el servicio médico de emergencias después de haber sufrido atropellamiento. refieren que en el sitio del accidente perdió el estado de alerta y tenía respiraciones superficiales con cianosis generalizada. lograron intubación endotraqueal y colocaron un acceso intravenoso. al ingreso a sala de choque, sv: fc 145 lpm, fr 25 rpm (asistida), ta 75/45, temp 37ºc, spo2% 81. ef: craneo con trauma en región parietal derecha, laceración de 5 cm, sangrante. equimosis periorbitaria derecha. salida de secreción sanguinolenta por ambas narinas. orofaringe intubada. sin resistencia a la ventilación. cuello simétrico con desviación de la traquea hacia la izquierda. torax con multiples abrasiones y presence de enfisema subcutáneo, elevación asímetrica del torax derecho, disminución de los ruidos respiratorios en ese mismo lado. abdomen sin heridas aparentes. extremidades con deformidad en antebrazo izquierdo, fractura expuesta en femur derecho, sangrante. pulsos disminuidos periféricos y llenado capilar de 5 segundos. ¿cual consideraría que es la acción inicial más adecuada?",asegurar permeabilización de la cánula endotraqueal,detener hemorragia femoral,conectar a un ventilador,obtener un segundo acceso vascular e iniciar carga de cristaloide,,,,,,,,,,,,,
El paciente persiste con oximetría de pulsos disminuida y datos de dificultad respiratoria. de acuerdo a los datos clínicos descritos,¿cual sería su siguiente acción?,reintubar al paciente,realizar descompresión con aguja en hemitórax derecho,retirar la cánula y ventilar con bvm,colocar una sonda pleural,,,,,,,,,,,,
La oximetría de pulso sube a 90% y disminuyen los datos de dificultad respiratoria. sv: fc 123 lpm,fr 16 rpm (asistida),ta 87/56. ritmo sinusal. continua con disminución de los ruidos respiratorios del lado derecho y ahora se escucha mate a la percusión. ¿cuál es su decisión a continuación?,iniciar carga de cristaloide isotónico y compresión en la fractura expuesta,solicitar pruebas rápidas y esperar sangre para administrar,administrar carga de albumina al 5%,colocar sonda pleural,,,,,,,,,,,
¿Qué considera que esta causando la sintomatología descrita?,choque hipovolémico,choque obstructivo,choque neurogénico,choque cardiogénico,,,,,,,,,,,,,
La fc disminuye a 113 lpm,la fr sin cambios,ta 90/56,spo2% 92,llenado capilar de 3 segundos,pulsos periféricos apenas perceptibles. la herida en femur dejo de sangrar mediante compresión. se solicita rx de torax: ¿qué diagnóstico sospecha con la siguiente radiografía?,neumotorax,hemoneumotorax,contusión pulmonar,derrame pericárdico,,,,,,,,
¿Cuál sería su acción a continuación?,colocación de sonda pleural,descompresión con aguja,punción pericárdica,conectar al ventilador con peep elevada,,,,,,,,,,,,,
La sangre ya esta disponible y se le esta administrando paquete globular a 20 ml/kg/dosis. la fc mejora hasta 105 lpm,fr asistida,spo2% 93,ta 123/65. se observan pupilas conanisocoria,pupila derecha de 4 mm,pupila izquierda 1 mm. retira al dolor. usted sospecha una fractura de cráneo. de acuerdo a los hallazgos pupilares,¿qué diagnóstico puede realizar?,herniación uncal,herniación transtentorial,hipertensión endocraneana,herniación del cíngulo,,,,,,,
¿Qué dato clínico le hace sospechar en fractura de cráneo?,salida de sangre por narinas,equimosis periorbitaria,trauma parietal,anisocoria,,,,,,,,,,,,,
¿Qué acción realizaría ante la presencia de anisocoria?,solicitar tac de cráneo,administrar manitol,administrar nacl 3% en carga,hiperventilación transitoria,,,,,,,,,,,,,
¿Qué lesión pulmonar pensaría encontrar de acuerdo al cuadro clínico y a la epidemiología de trauma torácico cerrado?,contusión pulmonar,torax inestable,neumomediastino,neumotorax,,,,,,,,,,,,,
"Paciente masculino de 15 años de edad que se encontraba realizando actividad física intensa hace 2 horas cuando de manera súbita durante la actividad física cursa con mareos, desorientación y posteriormente síncope. el paciente es traído al servicio de urgencias. a su ingreso se encuentra el paciente con fc de 130xmin, fr de 35xmin, ta de 83/35, temperatura corporal de 39.5 °, glasgow de 13, se encuentra con sudoración profusa. usted realiza como primera acción:",intubación orotraqueal,"administrar oxígeno al 100% con un dispositivo del alto flujo, monitorizar e iniciar con la secuencia abcde",administrar antipirético de manera urgente vía intravenosa,iniciar con enfriamiento activo,,,,,,,,,,,,,
"Tras la acción antes realizada, usted considera que la siguiente acción más adecuada es:",solicitar tac de cráneo,canalizar dos vías periféricas y administrar carga con solución cristaloide a 20ml/kg en carga,iniciar con soluciones de rehidratación vía oral,iniciar con líquidos a requerimientos vía intravenosa,,,,,,,,,,,,,
El enfriamiento activo en éste paciente se debe de realizar:,de manera pasiva hasta llegar a normotermia,de manera activa hasta llegar a normotermia,de manera activa hasta llegar a 38 °,,,,,,,,,,,,,,
Usted recomendaría para evitar éste tipo de eventos:,no realizar actividad física durante el verano,"evitar realizar ejercicio durante las 10 am-4 pm, ropa ligera y descansos frecuentes",enfriamiento activo previo a la actividad física,ingesta abundante de soluciones de rehidratación posterior a la actividad física,,,,,,,,,,,,,
Una niña de 4 años de edad presentan dificultad respiratoria leve de inicio gradual. está alerta,pero presenta dolor faríngeo con estridor inspiratorio leve,tos traqueal y disfonía. fiebre 38.6,fc 145,fr 65. su oximetría de pulso es de 90% al aire ambiente,los campos pulmonares e encuentran limpios y bien ventilados bilateralmente. ¿cuál de las siguientes en la intervención inicial más apropiada para está niña?,intubación traqueal inmediata,evaluación radiológica de tejidos blandos del cuello,inmediata evaluación con oximetría de pulso y análisis de gases arteriales,aplicar oxígeno suplementario a tolerancia y continuar evaluación,,,,,,,,
¿Cual es el diagnostico mas probable de esta niña?,epiglotitis,crup,traqueítis,abceso retrofaringe,,,,,,,,,,,,,
¿Cual es la etiología mas probable en este caso?,infección por h. influenza tipo b,infección por s.pyogenes,infección por virus parainfluenza,obstrucción subglotica por comida,,,,,,,,,,,,,
¿Cual es tratamiento de elección para este caso?,nus con adrenalina y dexametasona im,ceftriaxona iv y asegurar la vía aérea,antibióticos iv y cirugía,dicloxacilina iv,,,,,,,,,,,,,
¿Que observaría en una radiografía lateral de cuello?,signo del pulgar,hiperinflación en el hemitorax con obstrucción,aumento del grosor del espacio retrofaringeo,estrechamiento sub-glótico,,,,,,,,,,,,,
Usted recibe a un paciente de 18 meses de edad,con el antecedente de haberse caído de su propia altura y presentar un golpe en la parte izquierda de la cabeza,la madre refiere tuvo perdida del estado de alerta por 1 minuto y posteriormente presenta llanto intenso y actualmente se encuentra asintomático,y es traído al departamento de urgencias. a la exploración física se encuentra con una escala de coma de glasgow de 15,reactivo,sin datos neurológicos focales,solo encuentra un hematoma subgaleal en la región parietal izquierda blanda de 3 x 4 cm. ¿cuál sería la conducta más adecuada a seguir en el abordaje de este paciente?,dar de alta al paciente con datos de alarma.,observarlo durante 24 horas y si se encuentra asintomático egresarlo,realizar radiografía ap y lateral de cráneo,realizar tomografía de cráneo,,,,,,,
Con respecto a los datos clínicos en la evaluación de un paciente con intoxicación,mencione cuál de los siguientes produce midriasis en un paciente.,antihistamínicos,colinérgicos,opioides,sedantes hipnóticos,,,,,,,,,,,,
Un paciente de 3 años de edad,se presenta en el departamento de urgencias,con el antecedente de haber presentado crisis convulsivas tónico – clónicas generalizadas,la ultima vez que la vieron normal fue hace 1 hr con 20 minutos,se encuentra alternando irritabilidad y somnolencia,los signos vitales con temp. 39º c,fc: 157 lpm,fr: 30 rpm,ta: 125/80,la piel se encuentra seca y rubicunda,pupilas midriáticas,campos pulmonares limpios y bien ventilados,ruidos cardiacos rítmicos de buena intensidad y amplitud; sonidos intestinales disminuidos. usted sospecha en intoxicación. ¿cuál es el toxíndrome que puede integrar de este paciente?,intoxicación por simpaticomimeticos,intoxicación por colinergicos,intoxicación por anticolinérgicos,intoxicación por sedantes hipnóticos,
Usted le pide a los padres que busquen medicamentos posibles,ellos afirman que la abuela que vive en casa es la única que toma varios medicamentos psiquiatricos. ¿de acuerdo a la historia clínica y al toxindrome que presenta el paciente cual sería el mejor método de descontaminación que debe realizar?,lavado gastrico,inducción del vómito,dosis única de carbon activado,lavado intestinal total,,,,,,,,,,,,
Usted solicita un ekg y observa alargamiento del qt,y los padres encuentran algunos pedazos de pastillas masticadas en el cuarto de la niña. de los siguientes medicamentos que toma la abuela,la ¿cual coincide con el cuadro que presenta la paciente?,propanolol,alprazolam,imipramina,asa,,,,,,,,,,,
¿Cual sería el tratamiento mas adecuado para la alteración en el ekg que presenta?,bicarbonato de sodio,dosis múltiples de carbón activado,naloxona,fisiostigmina,,,,,,,,,,,,,
Mencione cual es el tratamiento de elección para la intoxicación por acetaminofén,carbón activado,n – acetilcisteína,deferoxamina,flumazenil,,,,,,,,,,,,,
"En un paciente intoxicado por monóxido de carbono, con niveles de cohb de 18%, mencione cual es el tratamiento más adecuado",no es una cifra de riesgo y puede egresarse,"administrar oxígeno a 15 l/min, con mascarilla y reservorio",intubación endotraqueal y ventilación asistida,manejo en cámara hiperbárica,,,,,,,,,,,,,
Mencione cual es la dosis del carbón activado,50 g/kg,20 g/kg,5 g/kg,1 g/kg,,,,,,,,,,,,,
De las siguientes aseveraciones mencione cual es la composición correcta de la solución de rehidratación oral de la oms en la actualidad:,"glucosa 75 mmol/l, na 75 meq/l, k 20 meq/l, citrato 10 meq/l, cloro 65 meq/l, ph 8","glucosa 75 mmol/l, na 75 meq/l, k 20 meq/l, bicarbonato 30 meq/l, cloro 80 meq/l, ph 7","glucosa 248 mmol/l, na 30 meq/l, k 20 meq/l, bicarbonato 30 meq/l, cloro 40 meq/l, ph 7","glucosa 139 mmol/l, na 45 meq/l, k 20 meq/l, citrato 10 meq/l, cloro 50 meq/l, ph 8",,,,,,,,,,,,,
Usted recibe un paciente de 5 años de edad,víctima de una caída de 4 metros de altura,el cual es traído por lo padres. los signos vitales con fc: 110 lpm,fr: 14 rpm,ta: 90/60 mmhg,temp. 37º c,sao2% 91. a la exploración física el paciente responde a estímulos dolorosos con movimientos irregulares,solo abre los ojos al dolor y no produce sonidos,usted encuentra un hematoma subgaleal en región temporal derecha y salida de sangre por el conducto auditivo derecho,se encuentra con anisocoria a expensas de dilatación pupilar derecha sin repuesta a la luz. ¿cuál sería la conducta terapéutica más adecuada a realizar en este paciente?,colocar un acceso vascular e iniciar carga rápida con solución salina a 20 ml/kg,colocar un acceso vascular e iniciar infusión de manitol a 0.25 g/kg,inmovilizar columna cervical y realizar secuencia rápida de intubación,solicitar rx de cráneo y rmn,,,,
"Una vez esta estabilizada la vía aérea, continua con anisocoria, ¿cual sería su siguiente acción?",solicitar tac simple de cráneo,administrar carga de solución hipertónica al 3 %,realizar hiperventilación hasta corregir anisocoria,solicitar valoración por neurocirugía,,,,,,,,,,,,,
¿Cual sería la mejor forma de monitorizar la evolución de este paciente?,solicitar monitorización con transductor intraparenquimatoso cerebral,línea arterial y colocación de catéter central,monitorización de co2 exhalado,electroencefalograma continuo,,,,,,,,,,,,,
¿Cual seria su meta a lograr con la terapia en la monitorización que decidió?,esta media mínima de 70 mmhg y pvc de 12 cm h20,evidencia de brote-supresión,pic menor a 20 mmhg y ppc mínima de 60 mmhg,paco2 entre 35 y 40 mmhg.,,,,,,,,,,,,,
Usted se encuentra como médico de una competencia escolar y observa como cae súbitamente un niño de 6 años al estar practicando una prueba de carreras. se acerca a revisarlo. ¿cuál sería la acción más adecuada a realizar a esta víctima?,"verificar el estado de conciencia y respiración, si están alteradas, activar el sistema médico de emergencia y solicitar un desfibrilador automático externo.","iniciar ventilaciones de rescate. determinar si presenta pulso, y si está ausente activar el sistema médico de emergencia.",iniciar inmediatamente compresiones torácicas,,,,,,,,,,,,,,
Después de haber realizado la acción mencionada. usted determina que existe absence de pulsos. ¿cuál sería la acción a seguir más adecuada para este paciente?,iniciar compresiones torácicas y respiraciones con una relación 3:1,iniciar compresiones torácicas y respiraciones con una relación 5:1 x 5 ciclos,iniciar compresiones torácicas and respiraciones con una relación 15:2 x 5 ciclos,iniciar compresiones torácicas y respiraciones con una relación 30:2 x 5 ciclos,,,,,,,,,,,,,
Paciente masculino de 5 año 2 meses,quien sufre caída desde dos escalones,contra superficie dura,refieren perdida del estado de alerta mayor a 5 minutos,con presence de 1 vomito. niega movimientos anormales. a su llegada a urgencias,con glasgow de 13. desorientado. resto de la exploración normal. de acuerdo a la escala de coma de glasgow,usted clasifica a este paciente con:,traumatismo craneoencefálico leve,traumatismo craneoencefálico moderado,traumatismo craneoencefálico grave,,,,,,,,
Los criterios de riesgo para lesión intracraneal con los que cuenta son:,"vómito, estado mental alterado.",perdida del estado de alerta,caída sobre superficie dura,hiperreflexia,perdida de estado de alerta,"vómitos, perdida del estado de alerta, caída sobre superficie dura",,,,,,,,,,,
De acuerdo a los hallazgos a la exploración física usted solicitaría:,radiografía ap y lateral de cráneo,tomografía simple de cráneo,resonancia magnética,radiografía ap y lateral de cráneo y de encontrara fractura tomografía simple y contrastada,,,,,,,,,,,,,
Los criterios directivos para realización de tac para buscar lesión intracraneal en trauma menor incluyen en el mayor de 2 años:,más de tres vómitos en 1 hora,evidencia de fractura de cráneo.,hematoma subgaleal en localización no frontal,crisis convulsivas inmediatas,,,,,,,,,,,,,
"En toxicología síndrome caracterizado por nausea, vómitos, diarrea, sialorrea, miosis y bradicardia",síndrome adrenérgico,síndrome anticolinérgico,síndrome simpaticomimético,síndrome colinérgico,,,,,,,,,,,,,
Cuál es el antídoto de elección en la intoxicación por hierro:,d-penicilamina,naloxona,deferoxamina,bal,,,,,,,,,,,,,
El hallazgo bioquímico característico en la intoxicación por metanol es:,alcalosis respiratoria,acidosis metabólica hipercloremica,brecha osmolar aumentada,acidosis metabólica con anion gap normal,,,,,,,,,,,,,
Antagonista de elección en la intoxicación por organofosforados,azul de metileno,atropina,n- acetilcisteina,naloxona,,,,,,,,,,,,,
"En el caso de la intoxicación por opioides, el antídoto de elección es",naloxona,protamina,flumazenil,azul de metileno,,,,,,,,,,,,,
El tratamiento de elección de la intoxicación por etilenglicol es:,d-penicilamina,etanol,metanol,diálisis peritoneal,,,,,,,,,,,,,
La realización de lavado gástrico en la intoxicación aguda se justifica si:,el toxico ingerido disminuye la motilidad intestinal,la ingestión del toxico se realizo menos de 60 minutos antes de su llegada a urgencias,solamente posterior a la utilización de jarabe de ipecacuana,en intoxicación por cualquier medicamento de liberación prolongada,,,,,,,,,,,,,
La primera causa de paro cardiorrespiratorio en niños es:,insuficiencia cardiaca,insuficiencia respiratoria,arritmias,trauma,,,,,,,,,,,,,
La recomendación para la rcp con dos reanimadores en niños es:,15 compresiones por 2 respiraciones por 5 ciclos,30 compresiones por 2 respiraciones por 5 ciclos,15 compresiones por 2 respiraciones por 10 ciclos,30 compresiones por 1 respiración por 5 ciclos,,,,,,,,,,,,,
Una vez obtenida una vía aérea avanzada la secuencia de compresiones/respiraciones es:,100 compresiones por minuto con 8-12 respiraciones asincrónicas,100 compresiones por minuto con 20 respiraciones sincrónicas,80 compresiones por minuto con 10-20 respiraciones sincrónicas,80-100 compresiones con 8-12 respiraciones asincrónicas,,,,,,,,,,,,,
La dosis de adrenalina para paro cardiorrespiratorio es:,0.1ml por kg de una solución 1:10000,0.1ml por kg de una solución 1: 1000,0.1mcg por kg de peso,0.15 mcg por kg de peso,,,,,,,,,,,,,
"En la clasificación de la quemaduras de acuerdo a su profundidad, en cual existe destrucción del epitelio, son rojas con presence de ampollas y edema",primer grado,tercer grado,graves,segundo grado,,,,,,,,,,,,,
Cuál de las siguientes corresponde a la formula de parkland modificada,10 ml/kg de solución ringer lactato por % de superficie corporal quemada,3 ml/kg de solución ringer lactato por % de superficie corporal quemada,5 ml/kg de solución ringer lactato por % de superficie corporal quemada,15 ml/kg de solución ringer lactato por % se superficie corporal quemada,,,,,,,,,,,,,
Es un signo clínico de fractura de piso anterior en traumatismo craneoencefálico,"equimosis periorbitaria, 'ojos de mapache'",otorraquia,hemotimpano,hematoma subgaleal extenso,,,,,,,,,,,,,
"En el caso de choque hemorrágico, es el tratamiento de elección:",infusión de cargas de albumina al 5%,infusión de paquete globular,infusión de aminas vasoactivas,infusión de cargas con solución cristaloide isotónica,,,,,,,,,,,,,
En niños en fármaco de elección para choque caliente o de gasto alto que no responde a la administración de líquidos y dopamina es:,adrenalina,norepinefrina,dobutamina,milrinona,,,,,,,,,,,,,
Una paciente femenina de 2 años con peso de 13 kg.,acude al servicio de urgencias después de que sus papas la encontraron con una botella vacía de jarabe de acetaminofen hace 1 hora. usted nota que la botella contenía 30 ml con una concentración de 80mg/1cc. los papas refieren que ese día habían comprado la botella para su otra hija de 2 meses. no se ha administrado ningún tratamiento hasta su llegada al du. los signos vitales de la paciente son normales y su exploración física no tiene ninguna alteración. el siguiente paso en el manejo de este paciente seria:,intubar y asegurar la vía aérea,no hacer nada hasta pasado 4 hrs.,de la ingesta dar carbón activado a dosis de 1 gr/kg.,via oral y tomar niveles de acetaminofen a las 4 hrs post-ingesta inducir el vómitos con jarabe de ipecacuana,,,,,,,,,,,,
Continúas con el manejo. los niveles a las 4 hrs. son de 200mg/kg.(rango de probable toxicidad en nomograma rumack). ahora usted debería,continuar observación por 6 hrs. y dar de alta si el paciente se mantiene asintomático,iniciar antídoto,n-acetilcisteina,continuar carbón activado cada 4 hrs.,junto con el antídoto n- acetilcisteina: iniciar la preparación para realizar un trasplante de hígado,,,,,,,,,,,,
La toxicidad del acetaminofen esta ejercida por:,sus metabolitos renales,su metabolito glucoronisado,su metabolito sulfado,los metabolitos del citocromo p450,,,,,,,,,,,,,
Un paciente de 17 años previamente sano es traído por sus familiares porque lo encentran muy dormido desde la mañana en que no lo pudieron levantar. sus sv son fc 40,t 37 g c,fr 8,ta 90/50. al revisar al paciente se encuentra un paciente obnubilado que no responde al dolor,no tiene reflejo nauseoso. también se aprecia la presence de pupílas puntiformes. el primer paso en el manejo del paciente seria:,administrar una carga de glucosa,obtener una muestra de orina para hacer un screen toxicológico,flumazenil intravenoso,asegurar la vía aérea y establecer una buena ventilación,,,,,,,,,
Se refiere que existen varios tipos de medicamento en la casa y temen que se trate de algún intento suicida debido a que han visto muy deprimido al paciente en los últimos días. ¿cuál de los siguientes medicamento podría estar causando los síntomas en este paciente?,imipramina,midazolam,propranolol,codeína,,,,,,,,,,,,,
Un adolescente refiere que fue picado por una araña. trae la araña con él y al revisarla parece tratarse de una viuda negra. el síntoma más frecuente de este tipo de lesión seria:,fiebre,necrosis en el sitio de la picadura,"espasmos, rigidez, dolor.",falla renal,,,,,,,,,,,,,
Un lactante acude posterior a una sobredosis de tabletas de hierro. se encuentra vomitando,con acidosis metabólica y en una rx de abdomen se encuentra la presence de varios fragmentos de tabletas. que método de descontaminación sería el más indicado:,carbón activado,irrigación intestinal total,catártico,jarabe de ipecacuanha,,,,,,,,,,,,
Un adolescente de 16 años se encuentra inconsciente,con debilidad generalizada,salivación excesiva,bradicardia y miosis. los familiares se encuentran tan nerviosos que es muy difícil obtener información confiable. sin embargo un medico del dpto. de urgencias sospecha que el toxico más acorde a este tipo se síntomas es:,difenhidramina,fenobarbital,alcohol etílico,organofosforados,,,,,,,,,,
Un preescolar acude al dpto. de urgencias después de haber ingerido varias tabletas de hierro. al parecer por el número de tabletas que ingirió la dosis fue de 20mg / kg. a su admisión se encuentra vomitando. cuál de los siguientes agentes quelantes se debe administrar:,deferoxamina,edta ( acido etilen diamino tertaacetico),bal ( british anti lewisite),penicilamina,,,,,,,,,,,,,
Un anion gap elevado es característico de que intoxicación,"salicilatos, metanol, etilenglicol","acetaminofen, marihuana,benzodiacepinas","alcohol isopropilo, plomo, cocaína","bloqueadores canales de ca,aceite de pino, etilen glicol",,,,,,,,,,,,,
"El edema pulmonar no cardiogenico, ¿es característico de qué tipo de intoxicación?",acetaminofen,bloqueadores de canales de calcio,opiáceos,beta bloqueadores,,,,,,,,,,,,,
Un niño de 15 años se presenta al servicio de urgencias para evaluación de dolor abdominal,vómitos,y letárgico posterior a la ingesta de liquido limpia parabrisas 2 horas antes de su ingreso. ¿cuál de los siguientes estudios resultarían más útiles para establecer rápidamente el diagnostico de intoxicación por metanol?,niveles sericos de metanol,acidosis respiratoria en una gasometría arterial,cristales de oxalato de calcio en orina,un anion gap elevado con acidosis metabólica,,,,,,,,,,,
"Paciente masculino de 19 años que presenta cuadro gastrointestinal con vomito y diarrea. hace algunas horas se presenta con espasmos masivos, torsión de cuello, no puede mantenerse quieto. ¿qué clase de medicamento pudo haber ingerido?",metoclopramida,difenhidramina,pralidoxima,atropina,,,,,,,,,,,,,
"Masculino de 14 años, antecedente de dolor torácico ocasional con actividad física. desde hace 2 horas con palpitaciones y ligera ansiedad. a su ingreso con sv: fc 197, fr 23, ta 100/60, temp 36.7 ºc. a: permeable y mantenible. b: sin dificultad respiratoria, taquipneico. csps sin alteraciones. c: taquicardico, sin soplos, llenado capilar de 2 ss. d: alerta, dxtx 110 mg/dl e: sin lesiones, rash o trauma se comienza a monitorizar al paciente y se administra oxígeno con dispositivo de alto flujo. ¿que estudio solicitaría de primera instancia?",gasometría,tele de tórax,ekg,ecocardiograma,,,,,,,,,,,,,
¿cual es el diagnostico electrocardiografico?,taquicardia ventricular,taquicardia sinusal,taquicardia supraventricular,torsión de puntas,,,,,,,,,,,,,
"De acuerdo a las características clínicas del paciente, ¿cual es la primera línea de tratamiento?",maniobras vagales,tratar causa desencadenante,sulfato de magnesio,amiodarona,,,,,,,,,,,,,
¿Cual es el factor que considera para iniciar con este tratamiento?,el antecedente de palpitaciones,la edad,la estabilidad hemodinámica,la ansiedad que presenta el paciente,,,,,,,,,,,,,
"El tratamiento instaurado inicialmente no da resultado, ¿cual sería la siguiente intervención a realizar?",adenosina,amiodarona,lidocaína,solución fisiológica,,,,,,,,,,,,,
¿Cual es la dosis a la que administraría el tratamiento?,5 mgkgdosis,1 mgkgdosis,20 mlkgdosis,0.1 mgkgdosis,,,,,,,,,,,,,
"A pesar del tratamiento, el paciente continua con el mismo ritmo y frecuencia. a la revalorización: a: permeable y mantenible b: fr 28 rpm. taquipneica y sin datos de dificultad respiratoria. csps sin alteraciones c: fc 198 lpm. pulsos distales apenas perceptibles. llenado capilar de 4 ss. t/a 87/45 d: letargica e: sin fiebre o lesiones de acuerdo a estos datos clínicos, ¿cual es el tratamiento de elección a continuación?",desfibrilación,cardioversión sincronizada,verapamilo,esmolol,,,,,,,,,,,,,
"Paciente masculino de 1 a 2 meses de edad que ingresa a urgencias por episodio de cianosis y dificultad para respirar. antecedentes de infección de vías respiratorias y gastrointestinal hace dos semanas resuelta sion complicaciones. sv: fc 176, fr 60, t/a 75/48. sao2% 78 al aire ambiente. temperatura 37.5ºc. a: permeable y mantenible. b: taquipneico con tiros intercostales y retracción supraesternal, csps con estertores crepitantes bilaterales. c: taquicardico, piel fría, marmóreo en las extremidades, pulsos distales disminuidos, llenado capilar de 4 ss. ef positiva. rscs rítmicos, taquicardicos, galope, sin soplos. abdomen sin dolor, hepatomegalia percusión total de 6 cm. edema en miembros inferiores y periorbitario. neurológicamente irritable, sin focalización. de acuerdo a las características clínicas que presenta el paciente, ¿cual es su sospecha diagnostica?",síndrome nefrótico,choque compensado con insuficiencia cardíaca,insuficiencia renal,neumonía comunitaria,,,,,,,,,,,,,
¿Que signo clínico le apoya el diagnóstico que sospecha?,estertores crepitantes,ritmo de galope,edema en miembros inferiores,edema periorbitario,,,,,,,,,,,,,
¿Cual sería su tratamiento e intervención inicial?,administración de oxígeno y tratamiento antibiótico,administración de oxígeno y valorar carga lenta de solución a 5-10 mlkgdo,esteroide sistémico,diurético,,,,,,,,,,,,,
¿Que considerararía como coadyuvante en el tratamiento?,valorar diálisis,inotrópico,inmunosupresor,administración de oxígeno con alto flujo,,,,,,,,,,,,,
Usted solicita una radiografía de tórax ¿Que hallazgos radiológicos pulmonares encuentra en la radiografía que coinciden con los hallazgos en la ef?,consolidación apical derecha,edema agudo de pulmón,datos de hiperinflación,infiltrado intersticial bilateral,,,,,,,,,,,,,
femenino de 7 años,acude a urgencias 5 horas después del evento por sospecha de mordedura de un animal o insecto. fc 110,fr 29,sao2% 97,temp 37.5,t/a 90/60. ef: marcas de puntiformes en pantorrilla derecha con induración y edema de 12 cm de diámetro,con dolor en la lesión y sin otra sintomatología. neurológicamente integra. no rigidez muscular. con las características clínicas,usted sospecha:,mordedura de serpiente coralillo,mordedura de serpiente de cascabel,mordedura de araña viuda negra,mordedura de araña violinista.,,,,,,
"De acuerdo a su sospecha diagnostica, ¿que tratamiento decide administrar?",suero anti-crotalico 6 viales,suero anti-viperino variedad sonora 3 viales,dapsona,suero anti-viuda negra,,,,,,,,,,,,,
¿Que dato clínico le indicaría que no se ha controlado el envenenamiento?,presencia de parestesias,aumento del edema con presencia de flictenas,rigidez muscular,evolución hacia lesión necrótica,,,,,,,,,,,,,
A las 8 hrs,usted considera que el envenenamiento esta controlado. ¿cual es la conducta mas adecuada a continuación?,continuar con la administración de anti-veneno,egresar con control a las 24 hrs,mantener en observación hasta completar 24 hrs,iniciar tratamiento antibiótico profiláctico,,,,,,,,,,,,
¿que tipo de veneno causo la sintomatología?,hemotoxinas,neurotoxinas,escorpaminas,hiauloronidasas,,,,,,,,,,,,,
Masculino de 6 meses de edad con padecimiento de 2 dias de evolución con cuadro de vías respiratorias superiores mas fiebre de 38.3 grados,el dia de hoy se agrega taquipnea y dificultad respiratoria. fc 167,fr 53,sao2% 89,temp 37 grados,t/a 73/54. ef: alerta,csps con estertores crepitantes bilaterales. y sibilancias espiratorias. piel caliente,pulsos periféricos normales. ¿cual es su sospecha diagnostica?,neumonía,bronquiolitis,crup,crisis asmática,,,,,,
¿Que estudio de laboratorio consideraría?,placa de tórax,espirometria,"ninguno, el diagnostico es clínico",placa lateral de cuello,,,,,,,,,,,,,
¿Cuál es el tratamiento de elección?,dexametasona y adrenalina nebulizada,solución salina al 3% nebulizada,prednisona y salbutamol,antibiótico,,,,,,,,,,,,,
¿Cuales son factores de riesgo para cuadro grave en esta enfermedad?,pacientes con cardiopatía y presencia de atelectasias,antecedente de cuadro grave similar que amerito ventilación mecánica,estridor en reposo,presencia de derrame en la rx,,,,,,,,,,,,,
¿Cual es el agente etiológico mas probable en este paciente?,virus sincicial respiratorio,pneumococo,alérgenos,virus parainfluenza 2,,,,,,,,,,,,,
Masculino de 5 años edad que es traído en ambulancia por haber estado en un incendio en su casa. fue encontrado inconsciente. ef. fc 176,fr 54,temp 38 grados,ta 70/40,sao2% 87. al examen físico,piel rojiza,con quemaduras en cara tórax y extremidades. llenado capilar de 6 ss,pulsos periféricos disminuidos. usted decide intubar al paciente. ¿cual es la indicación de intubación endotraqueal?,intoxicación por monóxido de carbono,sospecha de lesión por inhalación,escala de coma de glasgow,estado de choque,,,,,,
Una vez realizada la intubación ¿cual es la acción que usted realiza a continuación?,colocar un acceso intraóseo y administrar una carga de solución cristaloide a 20 mlkgdo,realizar broncoscopia,calcular superficie corporal quemada e iniciar inmediatamente esquema de restitución hídrica,administrar oxígeno al 100% y trasladar a una unidad para tratamiento con oxígeno hiperbárico,,,,,,,,,,,,,
¿Cual es método mas adecuado para calcular la superficie corporal quemada en este paciente?,regla de los nueve,utilizar la palma de la mano del paciente,tabla de lund y browder,no se puede calcular por la extensión,,,,,,,,,,,,,
Usted calcula 28% de scq,¿como clasifica las quemaduras de este paciente?,leve,moderada,grave,,,,,,,,,,,,,
Femenino de 16 años de edad,quien durante un entrenamiento de atletismo presenta perdida súbita del estado de alerta. fue atendida por paramédicos,obtuvieron un acceso vascular y lo manejaron con oxígeno con mascarilla. refieren que durante el traslado presenta cianosis y respiraciones superficiales. a su llegada inconsciente,apneica y con ausencia de pulsos. decide iniciar rcp. ¿cuál es la relación compresión ventilación mas adecuada en este paciente?,15 compresiones seguidas de 2 ventilaciones por 10 repeticiones,3 compresiones por 1 ventilación por 5 repeticiones,100 compresiones por minuto con 12 ventilaciones asíncrónicas,30 compresiones seguidas de 2 ventilaciones por 5 repeticiones,,,,,,,,,,
Una vez iniciadas las compresiones,usted monitoriza al paciente y observa el trazo en el monitor. ¿Cual es la conducta mas adecuada a seguir a continuación?,administrar adrenalina,desfibrilar a 2 jkgdo,administrar amiodarona,investigar causas reversibles,,,,,,,,,,,,
Usted continua con compresiones y ventilaciones,intenta verificar la calidad de la rcp. ¿a que ritmo deben de administrarse las compresiones torácicas?,a un ritmo de entre 80 y 120 compresiones por minuto,a un ritmo no menor de 100 y no mayor de 150 compresiones por minuto,a un ritmo no menor de 100 y no mayor de 120 compresiones por minuto,a un ritmo no menor de 100 compresiones por minuto,,,,,,,,,,,,
¿Cual debe de ser la profundidad de cada compresión en este paciente?,4 cm,al menos 5 cm,5 cm y no mas de 6 cm,3 cm,,,,,,,,,,,,,
¿Cual es el intervalo de tiempo ideal si es necesario interrumpir las compresiones?,entre 10 y 20 segundos,el menor tiempo posible y no mas de 10 segundos,no mas de 10 segundos,entre 5 y 10 segundos,,,,,,,,,,,,,
Paciente 5 años,jugando en el jardín de su casa percibe dolor tipo ardoroso en dorso de su mano izquierda,observa un insecto de color obscuro,dolor leve. en los próximos 30 minutos el paciente presenta dolor en miembro superior izquierdo,aumento de volumen y dolor intenso el mismo miembro. a la hora con nausea,vómitos,disnea,hipertensión,taquicardia y priapismo,con contracturas musculares sin alteración neurológica,el cual se acompaña de calambres. ¿qué tipo de lesión considera es la más probable?,mordedura por una araña loxoceles,mordedura por una araña lactrodectus,picadura por alacrán,,,,
¿Cuál es la fisiopatología de esta sintomatología?,liberación de catecolaminas en las terminaciones de los nervios adrenérgicos,acción de la esfingomielinasa d,con acción necrótica y hemolítica,bloqueo de canales de k y na por escorparminas.,,,,,,,,,,,,,
¿Cuál sería el grado de intoxicación que tiene éste paciente?,leve (grado i),moderado (grado ii),grave (grado iii),,,,,,,,,,,,,,
¿Cuál sería el manejo inicial más apropiado?,abrir vía aérea,acceso vascular permeable,preparación para secuencia de intubación.,abrir vía aérea,acceso vascular con sf0.9% 20mlkgdo y considerar sedación con midazolam,abrir vía aérea,oxígeno a 10l/minuto,acceso vascular con líquidos de mantenimiento.,,,,,,,,,
"Una vez realizado el abcde, ¿cuál sería el manejo específico del paciente?",antiveneno faboterápico antilactrodectus.,dapsona 1 – 2 mgkgdía y antiveneno fab2 con reconocimiento de esfingomielinasa d,antiveneno faboterápico fab2 antialacrán,,,,,,,,,,,,,,
Paciente masculino de 17 años de edad que sufre accidente como peatón,sin perdida del estado de alerta. es traído por el servicio pre-hospitalario con puntas nasales,una canalización ante-cubital derecha. ef: fc 156 lpm,fr 14 rpm,t/a 87,sao2% 94 al aire ambiente,temp 37ºc. diaforética,cuello sin alteraciones,csps buena entrada y salida de aire. dolor abdominal generalizado,de predominio izquierdo,se irradia a hombro del mismo lado. extremidades frías,llenado capilar de 4 ss,pulsos periféricos disminuidos. ¿cual es la acción inicial mas adecuada en este paciente?,mejorar aporte de oxígeno,colocar un segundo acceso vascular e iniciar una carga a 20 mlkgdo de cristaloide isotónico,solicitar un ultrasonido fast,solicitar una tac de abdomen,continuar con mismo aporte de oxígeno y administrar una carga de albúmina
¿Que órgano abdominal considera que pueda estar afectado?,hígado,páncreas,bazo,riñon,,,,,,,,,,,,,
¿Que estudio solicitaría como prueba de tamizaje para lesión abdominal?,biometría hemática,ast y alt,dhl,creatinina sérica,,,,,,,,,,,,,
¿Cual sería su acción a continuación?,administrar pg a 10 mlkgdo,solicitar un us abdominal,administrar análgesico,solicitar tac simple y contrastada de abdomen,,,,,,,,,,,,,
Paciente femenino de 5 meses,previamente sana. cuadro de 5 días con fiebre de 39 ºc,recibió tratamiento para faringitis. desde hace 24 hrs. con dificultad respiratoria,detectan soplo y envían a urgencias. a su ingreso,reactiva,tiraje intercostal y coloración normal. ¿cuál es el manejo inicial?,o2 a 10 lts por minuto indirecto,"permeabilizar la vía aerea, oxigeno con fio2 lo más cercano al 100%, obtener acceso venoso periferico.",acceso venoso periférico y carga a 20 mlkgdosis,acceso venoso periférico y carga a 10 mlkgdosis,,,,,,,,
Después del manejo inicial,presenta fc de 167,fr 38,temp 38 grados,ta 60/40,sao2% 91. al examen fisico: estertores crepitantes bibasales y sibilancias,ritmo de galope,hepatomegalia. pulsos disminuidos y llenado capilar retardado. ¿cual es diagnostico más probable?,neumonia,bronquiolitis,miocarditis e insuficiencia cardiaca,choque cardiogenico,,,,,,
¿Cuál es el manejo más adecuado a este paciente?,antibioticos iv,diureticos,solución hipertonica al 3% en nus,cargas a 5 mlkgdosis e inotropico,,,,,,,,,,,,,
¿Cuál es la etiología mas probable en este paciente?,pneumococo,coxsackie,cardiopatía congenita,virus sincicial respiratorio,,,,,,,,,,,,,
¿Cuál es el estudio de elección en este paciente?,rx de torax,"no se necesita, el diagnostico es clinico",ecocardiograma,radiografia lateral de cuello,,,,,,,,,,,,,
Paciente masculino de 6 meses de edad que ingresa al servicio de urgencias con crisis convulsivas tónico-clónicas de 10 minutos de duración. se refiere previamente sano. los signos vitales son: fc 160,fr 34 irregular,sao2% 87,ta 100/70. temp 38.5 grados. a la valoración primaria vía aérea con abundantes secreciones,auscultación con disminución de la entrada y salida de aire. pulsos presentes,aumentados en frecuencia,llenado capilar de 2 segundos. estado neurológico con crisis convulsivas presentes. sin evidencia de exantema o lesiones externas. ¿el diagnóstico mas adecuado con los datos proporcionados es?,epilepsia parcial secundariamente generalizadas,neuro-infección,estado epiléptico generalizado,estado epiléptico no convulsivo,,,,,,,
¿La acción terapéutica inicial mas importante es?,permeabilización de la vía aérea y administración de oxígeno,obtener un acceso vascular,administración de medicamentos anti-convulsivos,intubación endotraqueal,,,,,,,,,,,,,
¿El tratamiento farmacológico de elección de primera línea es?,fenobarbital,tiopental,benzodiacepina,dfh,,,,,,,,,,,,,
¿Cuál es la definición de estado epiléptico refractario?,estado epiléptico que dura más de 15 minutos,estado epiléptico que dura más de 5 minutos,estado epiléptico que no responde a tratamiento de primera línea,estado epiléptico que no responde a tratamiento de segunda línea,,,,,,,,,,,,,
¿Que sería prioritario controlar en este momento además de la permeabilización de la vía aérea y buena ventilación debido a que afecta el control del estado epiléptico por aumento del metabolismo del tejido cerebral?,temperatura,dolor,sodio,calcio,,,,,,,,,,,,,
Recibe en el servicio de urgencias a niño de 2 años,se encontraba dentro de una casa en llamas,con leve estridor. fc 140 lpm,fr 40 rpm,ta 80/40,saturación de oxígeno 90%. vía aérea con respiración espontánea,aleteo nasal leve,leve estridor,campos pulmonares sin alteraciones,ruidos cardíacos rítmicos,sin alteración,abdomen blando y no doloroso. extremidades con pulsos presentes y llenado capilar inmediato. se observa en cara enrojecimiento y flictenas,hollín alrededor de narinas y zonas enrojecidas con flictenas en parte anterior del tórax,abdomen y brazos. scq20% ¿cuál sería el manejo inmediato más adecuado para este paciente?,oxígeno al 100% y mantener así durante el resto de la evaluación.,oxígeno al 100% y realizar intubación orotraqueal a la brevedad.,colocar 2 accesos venosos periféricos y administrar carga con cristaloide a 20mlkgdo.,colocar 2 accesos venosos periféricos y administrar carga con coloide 10mlkgdo
¿Qué grado de lesión presenta?,quemaduras de 1er grado,quemaduras de 2o grado,quemaduras de 3er grado,,,,,,,,,,,,,,
¿Cuál es el esquema de líquidos recomendado para este paciente de forma inicial?,holliday segar,parkland modificado 3ml%scq + requerimientos a 100mlkgdía.,galveston modificado 5000mlm2scq + requerimientos a 2000mlm2sc,,,,,,,,,,,,,,
¿Cuál sería el analgésico de elección para este paciente?,paracetamol.,morfina,midazolam,,,,,,,,,,,,,,
Paciente de 8 meses de edad,con evacuaciones líquidas desde hace 3 días,vómitos. el día de hoy se observa alerta,ojos sin alteraciones,lengua bien hidratada,llanto con lágrimas. toma leche materna,ha disminuida ingesta de alimentos. ¿cuál sería la conducta más apropiada?,plan a de hidratación oral,plan b de hidratación oral,plan c de hidratación,,,,,,,,
¿En qué consiste la terapéutica indicada?,administración de soluciones de rehidratación oral osmolaridad 245mosml/ 100mlkg,administración de soluciones de rehidrataciòn oral osmolaridad 245mosm/l 50 a 100ml después de cada evacuación o vómito.,administración de soluciones de rehidratacion oral olmolaridad 290mosm/l en 8 tomas cada 30 minutos.,,,,,,,,,,,,,,
¿Cuál sería la recomendación con respecto a la alimentación?,inicio gradual,con restricción de lactosa.,dieta normal,y en todos los casos posible leche materna.,leche deslactosada durante 2 semanas y después inicio gradual de la alimentación,,,,,,,,,,,,
¿Cuál de los siguientes enunciados es correcto con respecto a las soluciones de rehidratación oral?,la efectividad de la soluciones está relacionada con mantener una relación sodio y osmolaridad cercanas 1:1,la efectividad de las soluciones con osmolaridad reducida 245mosm/l es igual a las de 290mosm/l para corregir deshidratación y son igual de seguras.,las soluciones de osmolaridad 290mosm/l dejaron de ser efectivas porque no tenían una relación de na:glucosa 1:1 y ocasionaban muchos vómitos,,,,,,,,,,,,,,
Paciente de 9 meses,que se cae de la cama hace 30 minutos. llega con glasgow de 15,con hematoma parietal derecho,llanto inmediato,sin otras alteraciones a la exploración física. ¿cuál es el riesgo de lesión intracraneal clínicamente importante?,4.40%,0.90%,1%,,,,,,,,,,
De acuerdo a esto,¿cuál sería la conducta más apropiada en éste paciente?,tac de cráneo de forma absoluta,observación de manera absoluta,observacion vs tac,,,,,,,,,,,,,
¿Qué factor se considera de alto riesgo para lesión intracraneal clínicamente importante?,glasgow menor a 15,hematoma subgaleal no frontal,vómitos,,,,,,,,,,,,,,
Paciente femenino de 14 años de edad con historia de poliuria y polidipsia,disminución de 5 kg de peso en dos meses. Disuria y fiebre de bajo grado (38.5) desde hace 3 días. Hoy con vómitos (6). A su ingreso a urgencias con SV: FC 156,FR 45,T/A 98/76,Temp 37ºC,Spo2% 93. EF: mucosas orales secas,CsPs bien ventilados,abdomen doloroso a la palpación profunda. Extremidades frías,pulsos periféricos presentes y normales,llenado capilar de 2-3 ss. Desorientada. Se permeabiliza la vía aérea,se coloca mascarilla con reservorio,yardage se obtiene un acceso vascular. Dxtx: 450 mg/dl ¿Que diagnostico considera?,Obstrucción intestinal,Cetoacidosis diabética,Apendicitis aguda,Choque séptico (infección de vías urinarias),,
¿Cuál es la acción mas adecuada a continuación?,Iniciar carga con solución isotónica a 10 ml/kg/dosis para 1 h.,Iniciar infusión de insulina a 0.1 UI/kg/hr,Carga a 20 mlkgdosis para 20 min,Iniciar reposición de líquidos a 3000 ml/m2/SC,,,,,,,,,,,,,
"Los exámenes de laboratorio reportan: Na 123, K 7.5, Cl 98. Gasometría con pH 7.07, Hco3 9 meq/lt, Pco2 21 mmHg. Creatinina 1.6. El EKG muestra extrasístoles ventriculares con ondas T elevadas y acuminadas. ¿Qué acción realizaría a continuación?",Administración de Hco3,Gluconato de calcio,Solución polarizante,NUS con salbutamol,,,,,,,,,,,,,
¿Cuál es la complicación con mayor mortalidad para esta paciente?,Edema cerebral,Perforación intestinal,Falla orgánica múltiple,Fuga a tercer espacio,,,,,,,,,,,,,
¿El tratamiento definitivo para esta paciente es ?,Antibióticos IV,Colocación de SOG e hidratación IV,Inicio de insulina en infusión continua,Apendicectomía.,,,,,,,,,,,,,
¿Cuál de los siguientes tratamiento preferiría iniciar como tratamiento para el edema cerebral?,Manitol,Hiperventilación,Solución de Na hipertónico al 3%,Dexametasona,,,,,,,,,,,,,
Paciente femenino de 15 años de edad con cetoacidosis diabética. Se encuentra con 6 hrs de evolución bajo tratamiento. Se indico esquema de rehidratación intravenosa dos veces su mantenimiento con aporte de sodio y potasio. A su ingreso con glucosa de 450 mg/dl,actualmente con 250 mg/dl,en las ultimas dos horas la glucosa ha disminuido a un ritmo de 150 mg/dl/hr,la infusión de insulina se encuentra a 0.1 UI/kg/hr. Se encuentra con FC 110 lpm,FR 34 rpm,T/A 110/67,Temp 37 ºC,Spo2% 93. Deshidratación leve. pH 7.23,Hco3 14 meq/lt,cetonas positivas. ¿Cómo considera el ritmo de disminución de la glucosa sérica?,Esperado,Aumentado,Disminuido,,,,,
"Dado el ritmo de disminución de la glucosa sérica, ¿Qué acción decide a continuación?",Disminuir la infusión de insulina a 0.05 UI/kg/hr,Aumentar la infusión de insulina,Aumentar el aporte de glucosa,Ajustar el aporte de líquidos al grado de deshidratación,,,,,,,,,,,,,
Paciente femenino de 10 años de edad con cetoacidosis diabética en el que la glucosa sérica se ha mantenido sin cambios en las ultimas tres horas a pesar del tratamiento con insulina a 0.1UI/Kg/hr. Aun con acidosis metabólica. FC 105 lpm,FR 23 rpm,T/A 110/67,Temp 38 ºC,Spo2% 93. ¿Cuál es la causa mas probable de la falla al tratamiento?,Infección concomitante,Persistencia de la acidosis,Resistencia a la insulina,Dosis inadecuada de insulina,,,,,,,,,
¿Qué realizaría a continuación?,Aumentar la infusión de insulina,Corregir acidosis,Búsqueda intencionada de infección y tratamiento,Cambio por insulina de acción intermedia,,,,,,,,,,,,,
"Paciente masculino de 16 años de edad quien se encontraba jugando futbol a las 14:30 h y sufre desmayo, al caer se golpea la cabeza. A su llegada los paramédicos lo refieren con alteración del estado de alerta, desorientación y temperatura de 39.5 ºC. Obtienen acceso vascular periférico y trasladan a la unidad donde usted se encuentra. Durante el traslado refieren que tuvo una crisis convulsiva tónico-clónica de 1 min. A su llegada: FC 165, FR 27, Temp 41.3ºC, T/A 92/40. Sao2% de 93.Glasgow de 8, respiraciones rápidas pero superficiales, Piel caliente, pero se observa gris y mal perfundida. El manejo inicial en este paciente es:",Administración de oxígeno y preparar para asegurar la vía aérea debido al estado neurológico,Administración de líquidos 2 veces su mantenimiento,EEG para descartar estado epiléptico,Enfriamiento pasivo,,,,,,,,,,,,,
Posterior al tratamiento inicial usted debe,Solicitar TAC de craneo,Realizar punción lumbar,Administrar carga a 20 ml por kg de cristaloide isótonico,Iniciar manejo con anti-convulsivante en infusión continua,,,,,,,,,,,,,
La fisiopatología de este paciente se presenta por,Aumento de los requerimiento metabólicos por fiebre e incapacidad para mantenerlos,Sangrado intracraneal,Edema cerebral ante una Neuro-infección,Estimulación de receptores adrenérgicos por una sustancia exógena,,,,,,,,,,,,,
El diagnóstico que usted sospecha es:,Meningitis,Trauma de craneo,Golpe de calor,Intoxicación por simpatico miméticos.,,,,,,,,,,,,,
El tratamiento definitivo es,Colocación de hielo en axilas y cuello,Evacuación de sangrado intra-craneal,Tratamiento de sostén para las crisis convulsivas,Antibióticos IV,,,,,,,,,,,,,