Contexto / Caso Clínico,Pregunta,Opción A,Opción B,Opción C,Opción D,Opción E,Respuesta Correcta,Puntos
"Paciente de 32 años que acude al servicio de urgencias, primípara, cuenta con un embarazo de 38 semanas de gestación. Sin antecedentes de importancia. A la exploración física: peso 50 kg, talla 1.55 mts, útero de 32 cm con producto único vivo, longitudinal, cefálico, dorso a la izquierda. Con frecuencia cardiaca fetal de 145 lpm. A la exploración física se realiza tacto vaginal con cérvix central, consistencia intermedia, con 2 cm de dilatación borramiento 30%. Producto en estación 0 de Lee. Extremidades íntegras, simétricas con buen llenado capilar distal.",Maniobra de Leopold que utilizas para determinal la parte fetal que se encuentra en el fondo uterino,Primera,Segunda,Tercera,Cuarta,,Primera,1
"Paciente de 32 años que acude al servicio de urgencias, primípara, cuenta con un embarazo de 38 semanas de gestación. Sin antecedentes de importancia. A la exploración física: peso 50 kg, talla 1.55 mts, útero de 32 cm con producto único vivo, longitudinal, cefálico, dorso a la izquierda. Con frecuencia cardiaca fetal de 145 lpm. A la exploración física se realiza tacto vaginal con cérvix central, consistencia intermedia, con 2 cm de dilatación borramiento 30%. Producto en estación 0 de Lee. Extremidades íntegras, simétricas con buen llenado capilar distal.",Mediante esta maniobra de Leopold estimamos el diagnóstico de posición y situación fetal,Primera,Segunda,Tercera,Cuarta,,Segunda,1
"Paciente de 32 años que acude al servicio de urgencias, primípara, cuenta con un embarazo de 38 semanas de gestación. Sin antecedentes de importancia. A la exploración física: peso 50 kg, talla 1.55 mts, útero de 32 cm con producto único vivo, longitudinal, cefálico, dorso a la izquierda. Con frecuencia cardiaca fetal de 145 lpm. A la exploración física se realiza tacto vaginal con cérvix central, consistencia intermedia, con 2 cm de dilatación borramiento 30%. Producto en estación 0 de Lee. Extremidades íntegras, simétricas con buen llenado capilar distal.",Según la escala de Bishop para esta paciente qué puntaje le otorgarías:,4,3,5,6,,6,1
"Paciente de 32 años que acude al servicio de urgencias, primípara, cuenta con un embarazo de 38 semanas de gestación. Sin antecedentes de importancia. A la exploración física: peso 50 kg, talla 1.55 mts, útero de 32 cm con producto único vivo, longitudinal, cefálico, dorso a la izquierda. Con frecuencia cardiaca fetal de 145 lpm. A la exploración física se realiza tacto vaginal con cérvix central, consistencia intermedia, con 2 cm de dilatación borramiento 30%. Producto en estación 0 de Lee. Extremidades íntegras, simétricas con buen llenado capilar distal.",La paciente se encuentra en:,Fase latente de trabajo de parto,Fase activa del trabajo de parto,Segundo periodo del trabajo de parto,Tercer periodo del trabajo de parto,,Fase latente de trabajo de parto,1
"Se atiende el trabajo de parto sin complicaciones ni dificultades y al presentase la tercera etapa se forma un hematoma retroplacentario, siendo expulsada la placenta en su cara fetal",Mecanismo o maniobra que describe esta expulsión placentaria:,Maniobra de Credé,Maniobra de Brandt- Andrews,Maniobra de Dublin,Mecanismo de Shultze,,Mecanismo de Shultze,1
"Paciente femenina de 33 años de edad G2P2, Acude a consulta de control prenatal, con prueba de embarazo positivo. Se calcula una edad gestacional por amenorrea de 10 semanas. Refiere haber presentado sangrado transvaginal escaso hace una semana. El ultrasonido muestra embrión sin vitalidad, la paciente refiere malestar general, y fiebre no cuantificada hace 2 días en su hogar. A la Exploración física: consciente, tranquila, cooperadora, adecuada coloración de tegumentos, mucosas bien hidratadas, cabeza y cuello sin alteraciones precordio rítmico dinámico, abdomen blando, depresible ligeramente doloroso a la palpación profunda en fosa iliaca derecha. Genitales de acuerdo al sexo, tacto vaginal cérvix cerrado, formado sin modificaciones. Extremidades integras simétricas con buen llenado capilar distal. Peso 60 kg, talla 1.50, TA 100/60 mmHg, FC80, FR. 20, Temp 38.7°C.",Diagnóstico más probable:,Aborto diferido,Aborto incompleto,Aborto inevitable,Aborto completo,,Aborto diferido,1
"Paciente femenina de 33 años de edad G2P2, Acude a consulta de control prenatal, con prueba de embarazo positivo. Se calcula una edad gestacional por amenorrea de 10 semanas. Refiere haber presentado sangrado transvaginal escaso hace una semana. El ultrasonido muestra embrión sin vitalidad, la paciente refiere malestar general, y fiebre no cuantificada hace 2 días en su hogar. A la Exploración física: consciente, tranquila, cooperadora, adecuada coloración de tegumentos, mucosas bien hidratadas, cabeza y cuello sin alteraciones precordio rítmico dinámico, abdomen blando, depresible ligeramente doloroso a la palpación profunda en fosa iliaca derecha. Genitales de acuerdo al sexo, tacto vaginal cérvix cerrado, formado sin modificaciones. Extremidades integras simétricas con buen llenado capilar distal. Peso 60 kg, talla 1.50, TA 100/60 mmHg, FC80, FR. 20, Temp 38.7°C.",El manejo inicial que requiere esta paciente es:,Legrado uterino instrumentado,Aspiración endouterina,Profilaxis antibiótica,Destrucción mecánica y evacuación,,Profilaxis antibiótica,1
"Paciente femenina de 33 años de edad G2P2, Acude a consulta de control prenatal, con prueba de embarazo positivo. Se calcula una edad gestacional por amenorrea de 10 semanas. Refiere haber presentado sangrado transvaginal escaso hace una semana. El ultrasonido muestra embrión sin vitalidad, la paciente refiere malestar general, y fiebre no cuantificada hace 2 días en su hogar. A la Exploración física: consciente, tranquila, cooperadora, adecuada coloración de tegumentos, mucosas bien hidratadas, cabeza y cuello sin alteraciones precordio rítmico dinámico, abdomen blando, depresible ligeramente doloroso a la palpación profunda en fosa iliaca derecha. Genitales de acuerdo al sexo, tacto vaginal cérvix cerrado, formado sin modificaciones. Extremidades integras simétricas con buen llenado capilar distal. Peso 60 kg, talla 1.50, TA 100/60 mmHg, FC80, FR. 20, Temp 38.7°C.","De acuerdo a las semanas calculadas de gestación, ¿cuál es el tratamiento más adecuado?",AMEU,LUI,Prostaglandinas,Destrucción mecánica y evacuación,,AMEU,1
"Paciente femenina de 33 años de edad G2P2, Acude a consulta de control prenatal, con prueba de embarazo positivo. Se calcula una edad gestacional por amenorrea de 10 semanas. Refiere haber presentado sangrado transvaginal escaso hace una semana. El ultrasonido muestra embrión sin vitalidad, la placenta.",El mejor método anticonceptivo que le ofrecerías a esta paciente es:,Hormonales combinados orales,Implante subdérmico,Dispositivo intrauterino de Levonorgestrel,Dispositivo intrauterino de cobre,,Implante subdérmico,1
"Al revisar el reporte de patología te mencionan lo siguiente: Contenido heterogéneo con cariotipo 46XX, con presencia de embrión, así como placenta.",Diagnóstico de sospecha:,Mola Completa,Mola parcial,Coriocarcinoma,Tumor del sitio placentario,,Mola parcial,1
"Paciente femenino de 24 años de edad que acude a urgencias por presentar PIE positiva (>40,000UI/L) además de presentar metrorragia desde hace 3 semanas, náusea y vómito (más de 8 ocasiones al día). Hace una semana presenta cefalea y reporta una cifra de tensión arterial de 146/96. A la EF consciente, tranquila, cooperadora, adecuada coloración de tegumentos, mucosas bien hidratadas, cabeza y cuello sin alteraciones ojos con ligera proptosis. Abdomen blando depresible no doloroso, genitales de acuerdo al sexo y a la edad de la paciente. Extremidades integras simétricas con buen llenado capilar distal.",De acuerdo a la clínica presentada por la paciente ¿Cuál sería tu sospecha diagnóstica?,Embarazo ectópico,Enfermedad trofoblástica gestacional,Amenaza de aborto,Aborto inevitable,,Enfermedad trofoblástica gestacional,1
"Paciente femenino de 24 años de edad que acude a urgencias por presentar PIE positiva (>40,000UI/L) además de presentar metrorragia desde hace 3 semanas, náusea y vómito (más de 8 ocasiones al día). Hace una semana presenta cefalea y reporta una cifra de tensión arterial de 146/96. A la EF consciente, tranquila, cooperadora, adecuada coloración de tegumentos, mucosas bien hidratadas, cabeza y cuello sin alteraciones ojos con ligera proptosis. Abdomen blando depresible no doloroso, genitales de acuerdo al sexo y a la edad de la paciente. Extremidades integras simétricas con buen llenado capilar distal.",¿Cuál seria el estudio de primera elección?,TAC Abdomino pélvica,Radiografía de abdomen,Resonancia Magnética,USG transvaginal,,USG transvaginal,1
"Paciente femenino de 24 años de edad que acude a urgencias por presentar PIE positiva (>40,000UI/L) además de presentar metrorragia desde hace 3 semanas, náusea y vómito (más de 8 ocasiones al día). Hace una semana presenta cefalea y reporta una cifra de tensión arterial de 146/96. A la EF consciente, tranquila, cooperadora, adecuada coloración de tegumentos, mucosas bien hidratadas, cabeza y cuello sin alteraciones ojos con ligera proptosis. Abdomen blando depresible no doloroso, genitales de acuerdo al sexo y a la edad de la paciente. Extremidades integras simétricas con buen llenado capilar distal.",De acuerdo al diagnóstico ¿Cuál sería el tratamiento de primera elección para esta paciente?,Legrado Uterino Instrumentado,Prostaglandinas,Metrotexato,Aspiración manual endouterina,,Aspiración manual endouterina,1
"Paciente femenino de 24 años de edad que acude a urgencias por presentar PIE positiva (>40,000UI/L) además de presentar metrorragia desde hace 3 semanas, náusea y vómito (más de 8 ocasiones al día). Hace una semana presenta cefalea y reporta una cifra de tensión arterial de 146/96. A la EF consciente, tranquila, cooperadora, adecuada coloración de tegumentos, mucosas bien hidratadas, cabeza y cuello sin alteraciones ojos con ligera proptosis. Abdomen blando depresible no doloroso, genitales de acuerdo al sexo y a la edad de la paciente. Extremidades integras simétricas con buen llenado capilar distal.",Como llevarías acabo el seguimiento de la paciente,Determinación de hCG sérica semanal hasta su negativización y posteriormente mensual hasta los 6 meses pos evacuación,Determinación de hCG sérica cada mes hasta su negativización y posteriormente mensual hasta los 6 meses pos evacuación,Determinación de hCG sérica cada 2 meses hasta su negativización y posteriomrnete mensaul hasta los 8 meses pos evacuación,Determinación de hcg semanal hasta su negativización y posteriormente cada 2 meses hasta los 6 meses,,Determinación de hCG sérica semanal hasta su negativización y posteriormente mensual hasta los 6 meses pos evacuación,1
"Paciente femenino de 24 años de edad que acude a urgencias por presentar PIE positiva (>40,000UI/L) además de presentar metrorragia desde hace 3 semanas, náusea y vómito (más de 8 ocasiones al día). Hace una semana presenta cefalea y reporta una cifra de tensión arterial de 146/96. A la EF consciente, tranquila, cooperadora, adecuada coloración de tegumentos, mucosas bien hidratadas, cabeza y cuello sin alteraciones ojos con ligera proptosis. Abdomen blando depresible no doloroso, genitales de acuerdo al sexo y a la edad de la paciente. Extremidades integras simétricas con buen llenado capilar distal.",Para buscar metástasis solicitarias:,TAC de Cráneo,TAC de tórax,Resonancia magnética de tórax,Radiografía de tórax,,Radiografía de tórax,1
"Femenino de 33 años, G1, con embarazo único, logrado de forma espontánea, quien cursa con 38 semanas por FUM. A la cual se le diagnosticó preeclampsia sin criterios de severidad a las 35 semanas, tratada con nifedipino 10mg cada 8 horas, manteniendo la TA en 140/90-130-90. La cual presenta súbitamente un sangrado transvaginal, profuso, acompañado de actividad uterina. Por lo que se le programa de manera urgente para una cesárea por un probable desprendimiento prematuro de placenta normo-inserta.",¿Cuál es el sangrado mínimo estimado para considerar una hemorragia obstétrica en este caso?,200ml,500ml,700ml,1000ml,,1000ml,1
"Femenino de 33 años, G1, con embarazo único, logrado de forma espontánea, quien cursa con 38 semanas por FUM. A la cual se le diagnosticó preeclampsia sin criterios de severidad a las 35 semanas, tratada con nifedipino 10mg cada 8 horas, manteniendo la TA en 140/90-130-90. La cual presenta súbitamente un sangrado transvaginal, profuso, acompañado de actividad uterina. Por lo que se le programa de manera urgente para una cesárea por un probable desprendimiento prematuro de placenta normo-inserta.",¿Cuál era el factor de riesgo más importante que tenia esta paciente?,Nuligesta,Hipertiroidismo,Preeclampsia,Edad,,Preeclampsia,1
"Femenino de 33 años, G1, con embarazo único, logrado de forma espontánea, quien cursa con 38 semanas por FUM. A la cual se le diagnosticó preeclampsia sin criterios de severidad a las 35 semanas, tratada con nifedipino 10mg cada 8 horas, manteniendo la TA en 140/90-130-90. La cual presenta súbitamente un sangrado transvaginal, profuso, acompañado de actividad uterina. Por lo que se le programa de manera urgente para una cesárea por un probable desprendimiento prematuro de placenta normo-inserta.",¿Cuál es el fármaco que esta contraindicado para tratar esta patología?,Misoprostol,Gluconato de calcio,Carbetocina,Ergometrina,,Ergometrina,1
"Femenino de 33 años, G1, con embarazo único, logrado de forma espontánea, quien cursa con 38 semanas por FUM. A la cual se le diagnosticó preeclampsia sin criterios de severidad a las 35 semanas, tratada con nifedipino 10mg cada 8 horas, manteniendo la TA en 140/90-130-90. La cual presenta súbitamente un sangrado transvaginal, profuso, acompañado de actividad uterina. Por lo que se le programa de manera urgente para una cesárea por un probable desprendimiento prematuro de placenta normo-inserta.",¿A qué grupo de medicamento pertenece este fármaco?,Prostanglandina E1,Bloqueador de canales de calcio,Agonista de la oxitocina,Derivado del cornezuelo del centeno,,Derivado del cornezuelo del centeno,1
"Femenino de 37 años, Gesta 6, Partos 5, con embarazo único, espontáneo, quien cursa con 40 semanas por FUM. Con mal control prenatal (1 consulta en su Centro de Salud). La cual inicia con actividad uterina regular dolorosa y 2 horas más tarde se obtiene un masculino de 4000g con Apgar 8/9, con los siguientes hallazgos; placenta íntegra, cordón con tres vasos y abundante líquido amniótico.",¿Cuál es el sangrado mínimo estimado para considera hemorragia obstétrica en este caso?,200ml,500ml,700ml,1000ml,,500ml,1
"Femenino de 37 años, Gesta 6, Partos 5, con embarazo único, espontáneo, quien cursa con 40 semanas por FUM. Con mal control prenatal (1 consulta en su Centro de Salud). La cual inicia con actividad uterina regular dolorosa y 2 horas más tarde se obtiene un masculino de 4000g con Apgar 8/9, con los siguientes hallazgos; placenta íntegra, cordón con tres vasos y abundante líquido amniótico.",¿Cuál de las siguientes conductas podría disminuir el riesgo de hemorragia obstétrica?,El uso de Fórceps,La episiotomía,Manejo activo del tercer periodo del trabajo de parto,El uso de un extractor,,Manejo activo del tercer periodo del trabajo de parto,1
"Femenino de 37 años, Gesta 6, Partos 5, con embarazo único, espontáneo, quien cursa con 40 semanas por FUM. Con mal control prenatal (1 consulta en su Centro de Salud). La cual inicia con actividad uterina regular dolorosa y 2 horas más tarde se obtiene un masculino de 4000g con Apgar 8/9, con los siguientes hallazgos; placenta íntegra, cordón con tres vasos y abundante líquido amniótico.",¿Cuál de los siguientes fármacos es un agonista de la oxitocina?,Misoprostol,Nifedipino,Carbetocina,Ergometrina,,Carbetocina,1
"Femenino de 37 años, Gesta 6, Partos 5, con embarazo único, espontáneo, quien cursa con 40 semanas por FUM. Con mal control prenatal (1 consulta en su Centro de Salud). La cual inicia con actividad uterina regular dolorosa y 2 horas más tarde se obtiene un masculino de 4000g con Apgar 8/9, con los siguientes hallazgos; placenta íntegra, cordón con tres vasos y abundante líquido amniótico.",¿Cuál de los siguientes síndromes puede ser una complicación de la hemorragia obstétrica?,Asherman,Shehann,Cushing,Adison,,Shehann,1
"Femenino de 19 años, sin comorbilidades o antecedentes de importancia. Antecedentes gineco-obstétricos; Menrca 12 años, ciclos regulares de 28x4 días, eumenorreicos. Niega uso de anticonceptivos. Gesta 1, amenorrea de 10 semanas por FUM. Acude para poder llevar su control prenatal.",Según la NOM ¿Cuándo tiene que tener la primera consulta para control prenatal?,Antes de las 12 semanas,Antes de las 15 semanas,Antes de las 18 semanas,Antes de las 20 semanas,,Antes de las 12 semanas,1
"Femenino de 19 años, sin comorbilidades o antecedentes de importancia. Antecedentes gineco-obstétricos; Menrca 12 años, ciclos regulares de 28x4 días, eumenorreicos. Niega uso de anticonceptivos. Gesta 1, amenorrea de 10 semanas por FUM. Acude para poder llevar su control prenatal.",¿Cuál de los siguientes estudios no deberá realizarse en esta paciente en la primera consulta?,Grupo y Rh,VDRL,Examen general de orina,Búsqueda de estreptococo del grupo B,,Búsqueda de estreptococo del grupo B,1
"Femenino de 19 años, sin comorbilidades o antecedentes de importancia. Antecedentes gineco-obstétricos; Menrca 12 años, ciclos regulares de 28x4 días, eumenorreicos. Niega uso de anticonceptivos. Gesta 1, amenorrea de 10 semanas por FUM. Acude para poder llevar su control prenatal.",¿Cuál de los siguientes estudios deberá de realizarse en la semana 24-28?,Grupo y Rh,VDRL,Curva de tolerancia a la glucosa,Búsqueda de estreptococo del grupo B,,Curva de tolerancia a la glucosa,1
"Femenino de 19 años, sin comorbilidades o antecedentes de importancia. Antecedentes gineco-obstétricos; Menrca 12 años, ciclos regulares de 28x4 días, eumenorreicos. Niega uso de anticonceptivos. Gesta 1, amenorrea de 10 semanas por FUM. Acude para poder llevar su control prenatal.",¿Cuál de los siguientes estudios deberá de realizarse en la semana 35?,Grupo y Rh,VDRL,Curva de tolerancia a la glucosa,Búsqueda de estreptococo del grupo B,,Búsqueda de estreptococo del grupo B,1
"Acude a consulta un masculino de 48 años, acompañado de su pareja de 45 años, la cual no tiene comorbilidades. Con los siguientes antecedentes gineco-obstétricos de importancia; Menarca a los 12 años, Ritmo de 28x4 días. Sin método de anticoncepción. Gesta 2, Aborto 1 (Hace 8 meses, a las 9 semanas de amenorrea, al cual se le realizó un estudio genético el cual reportó trisomía 21). Acude con amenorrea confiable de 8 semanas, para poder llevar su control prenatal. Están preocupados por el antecedente del aborto y la aneuploidía.",¿Cuál es factor de riesgo más importante que tiene este paciente para tener un feto con aneuploidía?,El antecedente de feto con aneuploidía,La edad materna,La edad paterna,El uso de isotretinoina,,La edad materna,1
"Acude a consulta un masculino de 48 años, acompañado de su pareja de 45 años, la cual no tiene comorbilidades. Con los siguientes antecedentes gineco-obstétricos de importancia; Menarca a los 12 años, Ritmo de 28x4 días. Sin método de anticoncepción. Gesta 2, Aborto 1 (Hace 8 meses, a las 9 semanas de amenorrea, al cual se le realizó un estudio genético el cual reportó trisomía 21). Acude con amenorrea confiable de 8 semanas, para poder llevar su control prenatal. Están preocupados por el antecedente del aborto y la aneuploidía.",¿Cuál es mejor método de tamizaje para aneuploidías en el primer trimestre?,Translucencia nucal,Dúo Test,Estudio combinado,Triple marcador,,Estudio combinado,1
"Acude a consulta un masculino de 48 años, acompañado de su pareja de 45 años, la cual no tiene comorbilidades. Con los siguientes antecedentes gineco-obstétricos de importancia; Menarca a los 12 años, Ritmo de 28x4 días. Sin método de anticoncepción. Gesta 2, Aborto 1 (Hace 8 meses, a las 9 semanas de amenorrea, al cual se le realizó un estudio genético el cual reportó trisomía 21). Acude con amenorrea confiable de 8 semanas, para poder llevar su control prenatal. Están preocupados por el antecedente del aborto y la aneuploidía.",¿Cuáles son los marcadores séricos que deberá incluir este estudio?,hGC y AFP,hGC y PAP-A,"hGC, PAP-A y estriol","hGC, PAP-A y estradiol",,hGC y PAP-A,1
"Acude a consulta un masculino de 48 años, acompañado de su pareja de 45 años, la cual no tiene comorbilidades. Con los siguientes antecedentes gineco-obstétricos de importancia; Menarca a los 12 años, Ritmo de 28x4 días. Sin método de anticoncepción. Gesta 2, Aborto 1 (Hace 8 meses, a las 9 semanas de amenorrea, al cual se le realizó un estudio genético el cual reportó trisomía 21). Acude con amenorrea confiable de 8 semanas, para poder llevar su control prenatal. Están preocupados por el antecedente del aborto y la aneuploidía.",¿Cómo se encontrarán los valores en un paciente con sospecha de síndrome de Down?,hGC baja y PAP-A baja,hGC baja y PAP-A elevada,hGC alta y PAP-A baja,hGC alta y PAP-A alta,,hGC alta y PAP-A baja,1
"Femenino de 35 años sin comorbilidades o antecedentes de importancia. Con los siguientes antecedentes gineco-obstétricos de importancia; Menarca 12 años, ritmo de 28x3 días eumenorreica, Gesta 2, Cesárea 1. Fecha de última cesárea hace 2 años, por preclampsia con criterios de severidad ( al as 38 semanas). Actualmente cursa un embarazo único espontáneo, con una amenorrea confiable de 37 semanas, con adecuado control prenatal, el cual ha sido normo evolutivo. Acude refiriendo cefalea occipital, de inicio súbito (la más intensa que ha tenido en su vida), acompañada de acufenos y fosfenos. Así como disminución de los movimientos fetales. A la exploration física se encuentra con TA 150/100mmHg, con edema +++/+++, hiperrefléxica.","¿Cuál de los siguientes datos fue utilizado, para clasificarlo como una preclamspia severa (con criterios de severidad)?",La hipomotilidad fetal,La hiperreflexia,El edema,La cefalea,,La cefalea,1
"Femenino de 35 años sin comorbilidades o antecedentes de importancia. Con los siguientes antecedentes gineco-obstétricos de importancia; Menarca 12 años, ritmo de 28x3 días eumenorreica, Gesta 2, Cesárea 1. Fecha de última cesárea hace 2 años, por preclampsia con criterios de severidad ( al as 38 semanas). Actualmente cursa un embarazo único espontáneo, con una amenorrea confiable de 37 semanas, con adecuado control prenatal, el cual ha sido normo evolutivo. Acude refiriendo cefalea occipital, de inicio súbito (la más intensa que ha tenido en su vida), acompañada de acufenos y fosfenos. Así como disminución de los movimientos fetales. A la exploración física se encuentra con TA 150/100mmHg, con edema +++/+++, hiperrefléxica.",¿Qué medicamento es utilizado como neuroprotector?,Nifedipino,Gluconato de calcio,Sulfato de magnesio,Dexametasona,,Sulfato de magnesio,1
"Femenino de 35 años sin comorbilidades o antecedentes de importancia. Con los siguientes antecedentes gineco-obstétricos de importancia; Menarca 12 años, ritmo de 28x3 días eumenorreica, Gesta 2, Cesárea 1. Fecha de última cesárea hace 2 años, por preclampsia con criterios de severidad ( al as 38 semanas). Actualmente cursa un embarazo único espontáneo, con una amenorrea confiable de 37 semanas, con adecuado control prenatal, el cual ha sido normo evolutivo. Acude refiriendo cefalea occipital, de inicio súbito (la más intensa que ha tenido en su vida), acompañada de acufenos y fosfenos. Así como disminución de los movimientos fetales. A la exploración física se encuentra con TA 150/100mmHg, con edema +++/+++, hiperrefléxica.",Una vez que se interrumpe el embarazo ¿Cuánto tiempo debe utilizarse este medicamento durante el puerperio?,6 horas,12 horas,24 horas,32 horas,,24 horas,1
"Femenino de 35 años sin comorbilidades o antecedentes de importancia. Con los siguientes antecedentes gineco-obstétricos de importancia; Menarca 12 años, ritmo de 28x3 días eumenorreica, Gesta 2, Cesárea 1. Fecha de última cesárea hace 2 años, por preclampsia con criterios de severidad ( al as 38 semanas). Actualmente cursa un embarazo único espontáneo, con una amenorrea confiable de 37 semanas, con adecuado control prenatal, el cual ha sido normo evolutivo. Acude refiriendo cefalea occipital, de inicio súbito (la más intensa que ha tenido en su vida), acompañada de acufenos y fosfenos. Así como disminución de los movimientos fetales. A la exploración física se encuentra con TA 150/100mmHg, con edema +++/+++, hiperrefléxica.",¿Cuál es tratamiento de elección ante una intoxicación con este medicamento?,Nifedipino,Gluconato de calcio,Betametasona,Dexametasona,,Gluconato de calcio,1
"Femenino de 41 años sin comorbilidades o antecedentes de importancia. Con los siguientes antecedentes gineco-obstétricos de importancia; Menarca 12 años, ritmo de 28x3 días eumenorreica, Gesta 1. Actualmente cursa un embarazo único espontáneo, con una amenorrea confiable de 38 semanas, con adecuado control prenatal, el cual ha sido normoevolutivo. Acude refiriendo epigastralgia, de inicio súbito y edema en todas las extremidades. Al interrogatorio dirigido menciona disminución de los movimientos fetales. A la exploración física se encuentra con TA 150/100mmHg, epigastralgia severa, edema +++/+++ e hiperrefléxia +++/+++.","¿Cuál de los siguientes datos, fue utilizado como criterio para clasificarla en una preclampsia?",La hipomotilidad fetal,La hiperreflexia,El edema,La epigastralgia,,La epigastralgia,1
"Femenino de 41 años sin comorbilidades o antecedentes de importancia. Con los siguientes antecedentes gineco-obstétricos de importancia; Menarca 12 años, ritmo de 28x3 días eumenorreica, Gesta 1. Actualmente cursa un embarazo único espontáneo, con una amenorrea confiable de 38 semanas, con adecuado control prenatal, el cual ha sido normoevolutivo. Acude refiriendo epigastralgia, de inicio súbito y edema en todas las extremidades. Al interrogatorio dirigido menciona disminución de los movimientos fetales. A la exploración física se encuentra con TA 150/100mmHg, epigastralgia severa, edema +++/+++ e hiperrefléxia +++/+++.",¿Cuál es tratamiento definitivo para esta patología?,Histerectomía obstétrica,Nifedipino,Interrupción del embarazo,Alfametildopa,,Interrupción del embarazo,1
"Acude a consulta femenino de 27 años, sin comorbilidades. Con los siguientes antecedentes gineco-obstétricos de importancia; Menarca a los 12 años, Ritmo de 28x4 días. Sin método de anticoncepción. Gesta 1. Con amenorrea confiable de 10 semanas, para poder llevar su control prenatal. A la exploración física tiene un IMC de 20 kg/m2",¿En que momento debe realizarse el tamizaje para diabetes gestacional en esta paciente?,11-14 semanas,16-18 semanas,18-23 semanas,24-28 semanas,,24-28 semanas,1
"Acude a consulta femenino de 27 años, sin comorbilidades. Con los siguientes antecedentes gineco-obstétricos de importancia; Menarca a los 12 años, Ritmo de 28x4 días. Sin método de anticoncepción. Gesta 1. Con amenorrea confiable de 10 semanas, para poder llevar su control prenatal. A la exploración física tiene un IMC de 20 kg/m2",¿Cómo debe realizarse este tamizaje?,50 g de glucosa y toma de niveles de glucosa a la hora,50 g de glucosa y toma de niveles de glucosa a las dos horas,100 g de glucosa y toma de niveles de glucosa a la hora,100 g de glucosa y toma de niveles de glucosa a las dos horas,,50 g de glucosa y toma de niveles de glucosa a la hora,1
"Acude a consulta femenino de 27 años, sin comorbilidades. Con los siguientes antecedentes gineco-obstétricos de importancia; Menarca a los 12 años, Ritmo de 28x4 días. Sin método de anticoncepción. Gesta 1. Con amenorrea confiable de 10 semanas, para poder llevar su control prenatal. A la exploración física tiene un IMC de 20 kg/m2",¿Cuál de las siguientes es una complicación de la diabetes gestacional?,Abortos,Aneuploidías,Postérmino,Macrosomía,,Macrosomía,1
"Acude a consulta femenino de 27 años, sin comorbilidades. Con los siguientes antecedentes gineco-obstétricos de importancia; Menarca a los 12 años, Ritmo de 28x4 días. Sin método de anticoncepción. Gesta 1. Con amenorrea confiable de 10 semanas, para poder llevar su control prenatal. A la exploración física tiene un IMC de 20 kg/m2",¿Cuál es la primera conducta terapéutica en la paciente con diabetes gestacional?,Dieta y ejercicio,Metformina,Glibenclamida,Insulina,,Dieta y ejercicio,1
"Femenino de 36 años, con ambiente de madre y hermana con diabetes mellitus tipo 2. A ella le diagnosticaron SOP a los 20 años, (hiperandrogenismo y ultrasonido) actualmente sin tratamiento. Tiene los siguientes antecedentes gineco-obstétricos de importancia; Menarca a los 11 años, Ritmo de 30x5 días. Sin método de anticoncepción. Gesta 1. Con amenorrea confiable de 12 semanas. Acude para poder llevar su control prenatal. A la exploración física tiene un IMC de 36 kg/m2",¿En esta paciente cuando debe realizarse el tamizaje para diabetes gestacional?,En la primera consulta del control prenatal,En la semana 18-23,En la semana 24-28,En la semana 32,,En la primera consulta del control prenatal,1
"Femenino de 36 años, con ambiente de madre y hermana con diabetes mellitus tipo 2. A ella le diagnosticaron SOP a los 20 años, (hiperandrogenismo y ultrasonido) actualmente sin tratamiento. Tiene los siguientes antecedentes gineco-obstétricos de importancia; Menarca a los 11 años, Ritmo de 30x5 días. Sin método de anticoncepción. Gesta 1. Con amenorrea confiable de 12 semanas. Acude para poder llevar su control prenatal. A la exploración física tiene un IMC de 36 kg/m2","¿Cuál de los siguientes valores son sugestivos de una diabetes gestacional, durante una CTG con 100g?",92/170/153/144,93/184/149/137,97/190/156/144,90/170/160/137,,97/190/156/144,1
"Femenino de 36 años, con ambiente de madre y hermana con diabetes mellitus tipo 2. A ella le diagnosticaron SOP a los 20 años, (hiperandrogenismo y ultrasonido) actualmente sin tratamiento. Tiene los siguientes antecedentes gineco-obstétricos de importancia; Menarca a los 11 años, Ritmo de 30x5 días. Sin método de anticoncepción. Gesta 1. Con amenorrea confiable de 12 semanas. Acude para poder llevar su control prenatal. A la exploración física tiene un IMC de 36 kg/m2",Si no se cumplen las metas de glucemia en ayuno y postprandial con dieta y ejercicio ¿Cuál seria el primer medicamento a utilizar?,Glibenclamida,Insulina,Glibzida,Metformina,,Insulina,1
"Femenino de 36 años, con ambiente de madre y hermana con diabetes mellitus tipo 2. A ella le diagnosticaron SOP a los 20 años, (hiperandrogenismo y ultrasonido) actualmente sin tratamiento. Tiene los siguientes antecedentes gineco-obstétricos de importancia; Menarca a los 11 años, Ritmo de 30x5 días. Sin método de anticoncepción. Gesta 1. Con amenorrea confiable de 12 semanas. Acude para poder llevar su control prenatal. A la exploración física tiene un IMC de 36 kg/m2",¿Cuál seria el efecto adverso más característico de este medicamento?,Aumento de peso,Disminución de peso,Acidosis láctica,Hipoglucemias,,Hipoglucemias,1
"Femenino de 42 años, fumadora, con diabetes pregestacional. Quien cursa con un embarazo gemelar doble. Recientemente se diagnostico hipertensión gestacional. Actualmente cursa con un embarazo de 34 semanas por fum con una fetometría 4 semanas menor a la esperada","Todas son causas de restricción del crecimiento intrauterino, excepto:",Infecciones transplacentarias,Tabaco,Diabetes materna,Hipertensión gestacional,,Diabetes materna,1
"Femenino de 42 años, fumadora, con diabetes pregestacional. Quien cursa con un embarazo gemelar doble. Recientemente se diagnostico hipertensión gestacional. Actualmente cursa con un embarazo de 34 semanas por fum con una fetometría 4 semanas menor a la esperada","Con respecto a la fetometría, cual de las siguientes mediciones tiene mayor sensibilidad ante la sospecha de una restricción del crecimiento inrauterina en el segundo trimestre",Diámetro biparietal,Perímetro cefálico,Diámetro abdominal,Longitud femoral,,Diámetro abdominal,1
"Femenino de 42 años, fumadora, con diabetes pregestacional. Quien cursa con un embarazo gemelar doble. Recientemente se diagnostico hipertensión gestacional. Actualmente cursa con un embarazo de 34 semanas por fum con una fetometría 4 semanas menor a la esperada",Cual de las siguientes herramientas es la mejor forma para valorar el bienestar fetal,Registro electrocardiotocográfico,Perfil biofísico,Perfil biofísico modificado,Usg doppler,,Usg doppler,1
"Femenino de 45 años, G5A4, quien cursa con un embarazo gemelar doble. Actualmente cursa con un embarazo de 30 semanas por Fum. Durante el USG se observa una fetometría 4 semanas menor a la esperada y una placenta previa",Cual de los siguientes factores de riesgo explicaría mejor la restricción del crecimiento intrauterino,Edad de la mujer,Placenta previa,Nuliparidad,Embarazo gemelar,,Embarazo gemelar,1
"Femenino de 45 años, G5A4, quien cursa con un embarazo gemelar doble. Actualmente cursa con un embarazo de 30 semanas por Fum. Durante el USG se observa una fetometría 4 semanas menor a la esperada y una placenta previa",Que patología podría explicar el diagnostico:,Gemelos discordantes,Síndrome de transfusión feto fetal,Placenta previa,Gemelos dicigotos,,Síndrome de transfusión feto fetal,1
"Femenino de 45 años, G5A4, quien cursa con un embarazo gemelar doble. Actualmente cursa con un embarazo de 30 semanas por Fum. Durante el USG se observa una fetometría 4 semanas menor a la esperada y una placenta previa",Cual de los siguientes tipos de gemelos tiene mayor morbi mortalidad:,Bicoarial biamniotico,Monocorial biamniotico,Monocorial monoamniotico,Dicigotos,,Monocorial monoamniotico,1
"Femenino de 40 años, con diabetes pregestacional mal controlada. Durante el embarazo refiere la ingesta de múltiples fármacos por muchos cuadros infecciosos vaginales, en el primer trimestre. Actualmente cursa con un embarazo de 16 semanas por Fum con una fetometría 3 semanas menor a la esperada",Cuál de las siguientes patologías es la causa menos probable que explicaría la restricción del crecimiento intrauterino,Infeccioso,Endocrinológico,Metabólico,Fármacos,,Endocrinológico,1
"Femenino de 40 años, con diabetes pregestacional mal controlada. Durante el embarazo refiere la ingesta de múltiples fármacos por muchos cuadros infecciosos vaginales, en el primer trimestre. Actualmente cursa con un embarazo de 16 semanas por Fum con una fetometría 3 semanas menor a la esperada",Cual seria la siguiente conducta a realizar:,Ultrasonido 11-13.6,Estudio combinado,Ultrasonido estructural y triple marcador,Ultrasonido estructural y cuádruple marcador,,Ultrasonido estructural y cuádruple marcador,1
"Femenino de 40 años, con diabetes pregestacional mal controlada. Durante el embarazo refiere la ingesta de múltiples fármacos por muchos cuadros infecciosos vaginales, en el primer trimestre. Actualmente cursa con un embarazo de 16 semanas por Fum con una fetometría 3 semanas menor a la esperada",Como se confirmaría el diagnostico:,Por ultrasonido,Por un marcador sérico,Por ultrasonido y marcadores séricos,Con un estudio genético,,Con un estudio genético,1
"Femenino de 32 años de edad, nulípara. Quien cursa un embarazo de 32 semanas por FUM no confiable, con mal control prenatal. Acude por primera vez. FU de 22 cm. Durante la historia clínica le refiere una ganancia ponderal de 1kg",Cual es el dato clínico por el que podría confirmar su sospecha diagnostica,Edad,Nuliparidad,Ganancia ponderal,Semanas de gestación,,Ganancia ponderal,1
"Femenino de 32 años de edad, nulípara. Quien cursa un embarazo de 32 semanas por FUM no confiable, con mal control prenatal. Acude por primera vez. FU de 22 cm. Durante la historia clínica le refiere una ganancia ponderal de 1kg","En la exploración física, que parámetro podría hacerlo confirmar su sospecha diagnostica:",Peso,Edema,Fondo uterino,Auscultación fetal,,Fondo uterino,1
"Femenino de 32 años de edad, nulípara. Quien cursa un embarazo de 32 semanas por FUM no confiable, con mal control prenatal. Acude por primera vez. FU de 22 cm. Durante la historia clínica le refiere una ganancia ponderal de 1kg","Ante una fecha de ultima menstruación no confiable, cual es la mejor forma para estimar la edad gestacional",Traspolar una prueba inmunológica de embarazo,Traspolar la auscultación de la FCF por doptone,Traspolar la auscultación de la FCF por pinard,Traspolar un ultrasonido,,Traspolar un ultrasonido,1
"Femenino obesa de 32 años, con síndrome de ovarios poliquísticos. Quien cursa un embarazo de 27 semanas por FUM no confiable. Ella suspendió los anticonceptivos 1 mes previo al embarazo",Cuanto es el margen de error que puede tener un ultrasonido del primer trimestre para estimar una edad gestacional,<3 días,3-7 días,7-14 días,14-21 días,,3-7 días,1
"Femenino obesa de 32 años, con síndrome de ovarios poliquísticos. Quien cursa un embarazo de 27 semanas por FUM no confiable. Ella suspendió los anticonceptivos 1 mes previo al embarazo",Cuanto es el margen de error que puede tener un ultrasonido del segundo trimestre para estimar una edad gestacional:,<3 días,3-7 días,7-14 días,14-21 días,,7-14 días,1
"Femenino obesa de 32 años, con síndrome de ovarios poliquísticos. Quien cursa un embarazo de 27 semanas por FUM no confiable. Ella suspendió los anticonceptivos 1 mes previo al embarazo","Dentro de la fetometría fetal, cual es el parámetro más utilizado para estimar una edad gestacional durante el tercer trimestre",Diámetro biparietal,Circunferencia fetal,Circunferencia abdominal,Longitud femoral,,Longitud femoral,1
"Femenino de 32 años, Gesta 1, sin comorbilidades, con un embarazo a término por fecha de ultima menstruación. Quien se encuentra cursando un trabajo de parto. Ya tiene analgesia obstétrica. Hasta ese momento lleva 1 hora con 10 cm de dilatación.",Cual seria la siguiente conducta a realizar,Esperar 1 hora mas,Esperar 2 horas mas,Esperar 3 horas mas,Esperar 4 horas mas,,Esperar 2 horas mas,1
"Femenino de 32 años, Gesta 1, sin comorbilidades, con un embarazo a término por fecha de ultima menstruación. Quien se encuentra cursando un trabajo de parto. Ya tiene analgesia obstétrica. Hasta ese momento lleva 1 hora con 10 cm de dilatación.",Cual se las siguientes conductas a realizar podría acortar el periodo expulsivo,Episiotomía media,Episiotomía media lateral derecha,Uso de forceps,Uso de ventosas,,Uso de forceps,1
"Femenino de 32 años, Gesta 1, sin comorbilidades, con un embarazo a término por fecha de ultima menstruación. Quien se encuentra cursando un trabajo de parto. Ya tiene analgesia obstétrica. Hasta ese momento lleva 1 hora con 10 cm de dilatación.",En la extracción de la cabeza última encajada es necesario el procedimiento de:,Bracht,Mauriceau,Pajot,Rojas,Deventer- muller,Mauriceau,1
"Paciente cursando sus primeras horas de puerperio fisiológico post eutocia. Útero se encuentra a nivel de cicatriz umbilical, bien contraído, con sangrado transvaginal leve. Signos vitales estables.",Cual seria su sospecha diagnostica,Puerperio patológico,Puerperio fisiológico,Atonía uterina,Endometritis,,Puerperio fisiológico,1
"Paciente cursando sus primeras horas de puerperio fisiológico post eutocia. Útero se encuentra a nivel de cicatriz umbilical, bien contraído, con sangrado transvaginal leve. Signos vitales estables.",La recomendación para cuidados de la episiotomía sería:,Lavar con solución antiséptica,No lavar y colocar ungüentos de lidocaína,Lavar con agua y jabón,Uso de antibióticos tópicos,,Lavar con agua y jabón,1
"Paciente cursando sus primeras horas de puerperio fisiológico post eutocia. Útero se encuentra a nivel de cicatriz umbilical, bien contraído, con sangrado transvaginal leve. Signos vitales estables.",En este caso el útero que se encuentra a nivel de cicatriz umbilical la medida que se debería de emplear es:,Vigilancia únicamente.,Uso de misoprostol,Uso de oxitocina,Uso de ergometrina,,Vigilancia únicamente.,1
"Paciente cursando sus primeras horas de puerperio fisiológico post eutocia. Útero se encuentra a nivel de cicatriz umbilical, bien contraído, con sangrado transvaginal leve. Signos vitales estables.",A las cuántas horas se debe egresar una paciente en puerperio inmediato:,12,18,24h,26h,,24h,1
"Paciente con parto difícil por macrosomía y parto prolongado con utilización de fórceps; se realizó episiotomía media y se encontró al momento de la revisión desgarro en la pared vaginal lateral, en mucosa rectal y esfínter anal.",Con lo anterior usted diagnostica:,Desgarro de I grado,Desgarro de II grado,Desgarro de III grado,Desgarro de IV grado,,Desgarro de IV grado,1
"Paciente con parto difícil por macrosomía y parto prolongado con utilización de fórceps; se realizó episiotomía media y se encontró al momento de la revisión desgarro en la pared vaginal lateral, en mucosa rectal y esfínter anal.",El factor condicionante a este tipo de desgarro es:,Macrosmía,Parto prolongado,Episiotomía media,Forceps.,Ninguna de las anteriores,Forceps.,1
"Femenino de 42 años de edad. G6P6, con adecuado control prenatal. Estuvo en trabajo de parto por 6 horas con oxitocina, hace 5 horas se resolvió el evento obstétrico vía vaginal, de manera eutócia. Obteniendo un RN de sexo masculino de 4,200g, sin complicaciones.",En estos momentos que tipo de puerperio esta cursando,Inmediato,Mediato,Tardio,,,Inmediato,1
"Femenino de 42 años de edad. G6P6, con adecuado control prenatal. Estuvo en trabajo de parto por 6 horas con oxitocina, hace 5 horas se resolvió el evento obstétrico vía vaginal, de manera eutócia. Obteniendo un RN de sexo masculino de 4,200g, sin complicaciones.",Cual de los siguientes no era un factor de riesgo para que cursara con un puerperio patológico,Edad,Multiparidad,Feto macrosómico,Uso de oxitocina,,Edad,1
"Mujer de 24 años, quien recientemente estuvo en contacto con un caso confirmado de rubeola. Cuenta con PIE positiva hace 4 semanas, con FUM no confiable. Acude a consulta refiriendo cefalea, ataque al estado general, artralgias y exantema cutáneo de 8 horas de evolución que inicia en cara y se disemina al resto del cuerpo. Hace 1 hora se agrega sangrado transvaginal que se acompaña de coágulos, a la exploración física temperatura de 37.4°C, conjuntivas hiperémicas, eritematosas, rinorrea hialina abundante, adenomegalias dolorosas en región cervical y retroauricular, exantema en tronco con lesiones maculopapulares color rosa, al tacto vaginal cérvix con modificaciones cervicales, se solicita bHCG que coincide con un embarazo de 11 a 12 semanas de gestación.",Con base en el caso clínico el diagnóstico más probable es:,Aborto en evolución,Aborto séptico,Aborto completo,Aborto diferido,,Aborto en evolución,1
"Mujer de 24 años, quien recientemente estuvo en contacto con un caso confirmado de rubeola. Cuenta con PIE positiva hace 4 semanas, con FUM no confiable. Acude a consulta refiriendo cefalea, ataque al estado general, artralgias y exantema cutáneo de 8 horas de evolución que inicia en cara y se disemina al resto del cuerpo. Hace 1 hora se agrega sangrado transvaginal que se acompaña de coágulos, a la exploración física temperatura de 37.4°C, conjuntivas hiperémicas, eritematosas, rinorrea hialina abundante, adenomegalias dolorosas en región cervical y retroauricular, exantema en tronco con lesiones maculopapulares color rosa, al tacto vaginal cérvix con modificaciones cervicales, se solicita bHCG que coincide con un embarazo de 11 a 12 semanas de gestación.",De continuar la gestación el riesgo más grande que puede presentar el recién nacido es:,Cataratas,Bajo peso al nacer,Glaucoma,Sordera,,Sordera,1
"Mujer de 24 años, quien recientemente estuvo en contacto con un caso confirmado de rubeola. Cuenta con PIE positiva hace 4 semanas, con FUM no confiable. Acude a consulta refiriendo cefalea, ataque al estado general, artralgias y exantema cutáneo de 8 horas de evolución que inicia en cara y se disemina al resto del cuerpo. Hace 1 hora se agrega sangrado transvaginal que se acompaña de coágulos, a la exploración física temperatura de 37.4°C, conjuntivas hiperémicas, eritematosas, rinorrea hialina abundante, adenomegalias dolorosas en región cervical y retroauricular, exantema en tronco con lesiones maculopapulares color rosa, al tacto vaginal cérvix con modificaciones cervicales, se solicita bHCG que coincide con un embarazo de 11 a 12 semanas de gestación.",El tipo de compuesto de la vacuna triple es:,Virus muertos,Virus vivos atenuados,ARN mensajero,Virus vivos completos,,Virus vivos atenuados,1
"Mujer de 24 años, quien recientemente estuvo en contacto con un caso confirmado de rubeola. Cuenta con PIE positiva hace 4 semanas, con FUM no confiable. Acude a consulta refiriendo cefalea, ataque al estado general, artralgias y exantema cutáneo de 8 horas de evolución que inicia en cara y se disemina al resto del cuerpo. Hace 1 hora se agrega sangrado transvaginal que se acompaña de coágulos, a la exploración física temperatura de 37.4°C, conjuntivas hiperémicas, eritematosas, rinorrea hialina abundante, adenomegalias dolorosas en región cervical y retroauricular, exantema en tronco con lesiones maculopapulares color rosa, al tacto vaginal cérvix con modificaciones cervicales, se solicita bHCG que coincide con un embarazo de 11 a 12 semanas de gestación.","De confirmarse la viabilidad del embarazo, el manejo a seguir sería:",Interrupción médica del embarazo,Interrupción quirúrgica del embarazo,Continuar con la gestación hasta realizar el ultrasonido 11-13.6 sdg,Informar de los riesgos y complicaciones que puede tener y brindar asesoría genética a la madre,,Informar de los riesgos y complicaciones que puede tener y brindar asesoría genética a la madre,1
"Mujer de 24 años, quien recientemente estuvo en contacto con un caso confirmado de rubeola. Cuenta con PIE positiva hace 4 semanas, con FUM no confiable. Acude a consulta refiriendo cefalea, ataque al estado general, artralgias y exantema cutáneo de 8 horas de evolución que inicia en cara y se disemina al resto del cuerpo. Hace 1 hora se agrega sangrado transvaginal que se acompaña de coágulos, a la exploración física temperatura de 37.4°C, conjuntivas hiperémicas, eritematosas, rinorrea hialina abundante, adenomegalias dolorosas en región cervical y retroauricular, exantema en tronco con lesiones maculopapulares color rosa, al tacto vaginal cérvix con modificaciones cervicales, se solicita bHCG que coincide con un embarazo de 11 a 12 semanas de gestación.",La vacuna triple incluye:,"Sarampión, rubeola y parotiditis","Sarampión, rubeola y toxoplasma","Rubeola, parotiditis y citomegalovirus",Sarampión parotiditis y herpes,,"Sarampión, rubeola y parotiditis",1
"Femenina de 28 años de edad, gestaciones 3, partos 2, acude a urgencias por presentar embarazo de 37 semanas de gestación, con actividad uterina irregular, dolorosa. A la exploración física, consiente, tranquila, cooperadora, adecuada coloración de tegumentos, abdomen globoso a expensas de útero gestante con fondo uterino de 38 cm por encima de la sínfisis del pubis, con producto único vivo, longitudinal cefálico dorso a la derecha. Tacto vaginal cérvix anterior, 8 cm de dilatación, membranas íntegras, producto encajado. Con 80% de borramiento. Con FCF de 130 lpm. Peso 130 kg, talla 1.60 cm. Glucemia capilar 250mg/dL. SatO2 98% Temp 36.5, TA 138/89 mmHg",La principal indicación para episiotomía en esta paciente sería:,Diabetes descontrolada,Estado hipertensivo a clasificar,La obesidad de la paciente,Riesgo de distocia de hombros,,Riesgo de distocia de hombros,1
"Femenina de 28 años de edad, gestaciones 3, partos 2, acude a urgencias por presentar embarazo de 37 semanas de gestación, con actividad uterina irregular, dolorosa. A la exploración física, consiente, tranquila, cooperadora, adecuada coloración de tegumentos, abdomen globoso a expensas de útero gestante con fondo uterino de 38 cm por encima de la sínfisis del pubis, con producto único vivo, longitudinal cefálico dorso a la derecha. Tacto vaginal cérvix anterior, 8 cm de dilatación, membranas íntegras, producto encajado. Con 80% de borramiento. Con FCF de 130 lpm. Peso 130 kg, talla 1.60 cm. Glucemia capilar 250mg/dL. SatO2 98% Temp 36.5, TA 138/89 mmHg",La episiotomía indicada en esta paciente es:,Media,Media lateral,En J,En T,,Media lateral,1
"Femenina de 28 años de edad, gestaciones 3, partos 2, acude a urgencias por presentar embarazo de 37 semanas de gestación, con actividad uterina irregular, dolorosa. A la exploración física, consiente, tranquila, cooperadora, adecuada coloración de tegumentos, abdomen globoso a expensas de útero gestante con fondo uterino de 38 cm por encima de la sínfisis del pubis, con producto único vivo, longitudinal cefálico dorso a la derecha. Tacto vaginal cérvix anterior, 8 cm de dilatación, membranas íntegras, producto encajado. Con 80% de borramiento. Con FCF de 130 lpm. Peso 130 kg, talla 1.60 cm. Glucemia capilar 250mg/dL. SatO2 98% Temp 36.5, TA 138/89 mmHg","El médico que atendió el parto no realizó una adecuada protección del periné por lo que la paciente presenta desgarro de piel, mucosa, y lesión de >50% del esfínter anal externo",Desgarro de primer grado,Desgarro de segundo grado,Desgarro de tercer grado tipo 3ª,Desgarro de tercer grado tipo 3B,,Desgarro de tercer grado tipo 3B,1
"Femenina de 28 años de edad, gestaciones 3, partos 2, acude a urgencias por presentar embarazo de 37 semanas de gestación, con actividad uterina irregular, dolorosa. A la exploración física, consiente, tranquila, cooperadora, adecuada coloración de tegumentos, abdomen globoso a expensas de útero gestante con fondo uterino de 38 cm por encima de la sínfisis del pubis, con producto único vivo, longitudinal cefálico dorso a la derecha. Tacto vaginal cérvix anterior, 8 cm de dilatación, membranas íntegras, producto encajado. Con 80% de borramiento. Con FCF de 130 lpm. Peso 130 kg, talla 1.60 cm. Glucemia capilar 250mg/dL. SatO2 98% Temp 36.5, TA 138/89 mmHg",El tratamiento de profilaxis antibiótica de primera elección es:,Gentamicina y Metronidazol IV o IM dosis única,Cefalosporina de 2 o 3era generación IV o IM dosis única,Cefuroxima 250 mg dos veces al día + Metronidazol VO 500 mg 3 veces al día por 5 días,Gentamicina 240 mg al día + Metronidazol 500 mg tres veces al día por 10 días,,Cefalosporina de 2 o 3era generación IV o IM dosis única,1
"Femenina de 28 años de edad, gestaciones 3, partos 2, acude a urgencias por presentar embarazo de 37 semanas de gestación, con actividad uterina irregular, dolorosa. A la exploración física, consiente, tranquila, cooperadora, adecuada coloración de tegumentos, abdomen globoso a expensas de útero gestante con fondo uterino de 38 cm por encima de la sínfisis del pubis, con producto único vivo, longitudinal cefálico dorso a la derecha. Tacto vaginal cérvix anterior, 8 cm de dilatación, membranas íntegras, producto encajado. Con 80% de borramiento. Con FCF de 130 lpm. Peso 130 kg, talla 1.60 cm. Glucemia capilar 250mg/dL. SatO2 98% Temp 36.5, TA 138/89 mmHg",El principal riesgo para esta paciente a futuro es:,Incontinencia urinaria,Incontinencia a anal,Prolapso uterino,Prolapso de órganos pélvicos,,Incontinencia a anal,1
"Paciente femenina de 18 años de edad que acude a consulta de urgencias por presentar amenorrea de 4 semanas, con FUM no confiable. Por lo que se solicita PIE (1,000UI/mL), A la exploración física, consciente, tranquila, cooperadora, adecuada coloración de tegumentos, abdomen blando depresible no doloroso, genitales de acuerdo al sexo y a la edad de la paciente, tacto vaginal cérvix posterior, cerrado, formado firme. Resto de exploración física dentro de parámetros de normalidad.",¿Qué esperarías ver en el ultrasonido transvaginal?,Presencia de saco gestacional,Presencia de saco gestacional con embrión en su interior,Presencia de saco de Yolk y Saco gestacional,Ninguna de las anteriores.,,Ninguna de las anteriores.,1
"Paciente femenina de 18 años de edad que acude a consulta de urgencias por presentar amenorrea de 4 semanas, con FUM no confiable. Por lo que se solicita PIE (1,000UI/mL), A la exploración física, consciente, tranquila, cooperadora, adecuada coloración de tegumentos, abdomen blando depresible no doloroso, genitales de acuerdo al sexo y a la edad de la paciente, tacto vaginal cérvix posterior, cerrado, formado firme. Resto de exploración física dentro de parámetros de normalidad.",Tomando en cuenta tu respuesta anterior tu conducta a seguir sería:,Esperar 10 días y repetir ultrasonido esperando encontrar saco gestacional de mayor tamaño con presencia de embrión y latido cardiaco,Esperar 1 semana y repetir PIE nuevamente,Esperar 10 días para aparición de vesícula germinal,Esperar 7 días repetir PIE y USG TV esperando ver presencia de saco gestacional y presencia de embrión,,Esperar 7 días repetir PIE y USG TV esperando ver presencia de saco gestacional y presencia de embrión,1
"Paciente femenina de 18 años de edad que acude a consulta de urgencias por presentar amenorrea de 4 semanas, con FUM no confiable. Por lo que se solicita PIE (1,000UI/mL), A la exploración física, consciente, tranquila, cooperadora, adecuada coloración de de 20 mm.",Tu conducta a seguir sería:,Interrupción por embarazo no viable,"Probable embarazo de viabilidad incierta, por lo que interrumpo",Repito el ultrasonido en 7 días esperando un crecimiento del saco gestacional y aparición de un embrión con latido cardiaco.,Envío a segundo nivel para control prenatal,,Repito el ultrasonido en 7 días esperando un crecimiento del saco gestacional y aparición de un embrión con latido cardiaco.,1
"Paciente femenina de 18 años de edad que acude a consulta de urgencias por presentar amenorrea de 4 semanas, con FUM no confiable. Por lo que se solicita PIE (1,000UI/mL), A la exploración física, consciente, tranquila, cooperadora, adecuada coloración de tegumentos, abdomen blando depresible no doloroso, genitales de acuerdo al sexo y a la edad de la paciente, tacto vaginal cérvix posterior, cerrado, formado firme. Resto de exploración física dentro de parámetros de normalidad.","Si no hubiera aparecido saco gestacional intrauterino y tuvieras una elevación no regular de la bHCG, tu principal sospecha diagnóstica sería:",Embarazo Molar,Embarazo Ectópico,Enfermedad trofoblástica,Ninguna de las anteriores,,Embarazo Ectópico,1
"Paciente femenina de 18 años de edad que acude a consulta de urgencias por presentar amenorrea de 4 semanas, con FUM no confiable. Por lo que se solicita PIE (1,000UI/mL), A la exploración física, consciente, tranquila, cooperadora, adecuada coloración de tegumentos, abdomen blando depresible no doloroso, genitales de acuerdo al sexo y a la edad de la paciente, tacto vaginal cérvix posterior, cerrado, formado firme. Resto de exploración física dentro de parámetros de normalidad.",El principal sitio de presentación del embarazo ectópico es:,Cérvix,Cuerno,Trompa,Ovario,,Trompa,1
"Femenino de 34 años, gestaciones 3, abortos 2, con embarazo único de 14 sdg, acude a urgencias por presentar dolor tipo cólico, sangrado transvaginal. Refiere tos y cefalea de 1 semana de evolución junto con evacuaciones diarreicas. A la exploración física consciente, tranquila, cooperadora, ligera deshidratación a nivel de mucosas, abdomen blando, con fondo uterino no palpable. Genitales de acuerdo a la edad y sexo y de la paciente. Tacto vaginal cérvix posterior cerrado, formado con presencia de liquido transvaginal claro no fétido con presencia de sangrado transvaginal activo. Signos vitales: FC 80, FR 20, Tep 36.8°C, TA 120/89 mmHg, Peso 70 kg, talla 1. 67 mts.",Tu diagnóstico más probable sería:,Aborto en evolución,Aborto completo,Aborto inevitable,Aborto incompleto,,Aborto inevitable,1
"Femenino de 34 años, gestaciones 3, abortos 2, con embarazo único de 14 sdg, acude a urgencias por presentar dolor tipo cólico, sangrado transvaginal. Refiere tos y cefalea de 1 semana de evolución junto con evacuaciones diarreicas. A la exploración física consciente, tranquila, cooperadora, ligera deshidratación a nivel de mucosas, abdomen blando, con fondo uterino no palpable. Genitales de acuerdo a la edad y sexo y de la paciente. Tacto vaginal cérvix posterior cerrado, formado con presencia de liquido transvaginal claro no fétido con presencia de sangrado transvaginal activo. Signos vitales: FC 80, FR 20, Tep 36.8°C, TA 120/89 mmHg, Peso 70 kg, talla 1. 67 mts.",Tu conducta a seguir sería:,"Ingreso para vigilancia, analgésicos y antibióticos",Ingreso para vigilancia y manejo médico de aborto,Ingreso para vigilancia y manejo quirúrgico de aborto,"Cristalografía para corroborar sospecha diagnóstica, ingreso a hospitalización e indicar un manejo expectante",,Ingreso para vigilancia y manejo médico de aborto,1
"Femenino de 34 años, gestaciones 3, abortos 2, con embarazo único de 14 sdg, acude a urgencias por presentar dolor tipo cólico, sangrado transvaginal. Refiere tos y cefalea de 1 semana de evolución junto con evacuaciones diarreicas. A la exploración física consciente, tranquila, cooperadora, ligera deshidratación a nivel de mucosas, abdomen blando, con fondo uterino no palpable. Genitales de acuerdo a la edad y sexo y de la paciente. Tacto vaginal cérvix posterior cerrado, formado con presencia de liquido transvaginal claro no fétido con presencia de sangrado transvaginal activo. Signos vitales: FC 80, FR 20, Tep 36.8°C, TA 120/89 mmHg, Peso 70 kg, talla 1. 67 mts.",Para el tratamiento de elección escogido utilizarías:,"Ampicilina 500 mg cada 6 horas por 7 días, hidratación vía oral e indometacina vía rectal",Mifepristona 200 mg vía oral dosis única y posteriormente misoprostol 200 mcg cada 6 horas,Misoprostol 400 mcg vía vaginal 4 horas previas al procedimiento quirúrgico,"Vigilancia con toalla testigo, analgésico y antibioticoterapia",,Mifepristona 200 mg vía oral dosis única y posteriormente misoprostol 200 mcg cada 6 horas,1
Pérdida gestacional recurrente y patología uterina,Cuales son los principales miomas que se asocian a aborto y a pérdida gestacional recurrente:,Mucosos,Submucosos,Serosos,Subserosos,,Submucosos,1
Pérdida gestacional recurrente y malformaciones müllerianas,"Dentro de las malformaciones mullerianas, es la malformación más relacionada con perdida gestacional recurrente:",Útero didelfo,Útero bicorne,Útero septado,Útero arcuato,,Útero septado,1
"Paciente femenina que acude a urgencias por presentar amenorrea de 7 sdg, refiere sangrado transvaginal escaso, y dolor tipo cólico, a la exploración física peso 60 kg talla 1.50 Sat 98% Temp 36.5°C, consiente, tranquila, cooperadora, adecuada coloración de tegumentos, mucosas bien hidratadas, abdomen blando depresible no doloroso, genitales de acuerdo al sexo y a la edad de la paciente tacto vaginal cérvix cerrado formado posterior.",Tu principal sospecha diagnóstica sería:,Aborto completo,Aborto incompleto,Amenaza de aborto,Aborto inevitable,,Amenaza de aborto,1
"Paciente femenina que acude a urgencias por presentar amenorrea de 7 sdg, refiere sangrado transvaginal escaso, y dolor tipo cólico, a la exploración física peso 60 kg talla 1.50 Sat 98% Temp 36.5°C, consiente, tranquila, cooperadora, adecuada coloración de tegumentos, mucosas bien hidratadas, abdomen blando depresible no doloroso, genitales de acuerdo al sexo y a la edad de la paciente tacto vaginal cérvix cerrado formado posterior.",Tu conducta a seguir sería:,"Prueba inmunológica de embarazo, ultrasonido transvaginal, analgésicos y reposo",Todas las anteriores,,,,Todas las anteriores,1
"Paciente femenina que acude a urgencias por presentar amenorrea de 7 sdg, refiere sangrado transvaginal escaso, y dolor tipo cólico, a la exploración física peso 60 kg talla 1.50 Sat 98% Temp 36.5°C, consiente, tranquila, cooperadora, adecuada coloración de tegumentos, mucosas bien hidratadas, abdomen blando depresible no doloroso, genitales de acuerdo al sexo y a la edad de la paciente tacto vaginal cérvix cerrado formado posterior.",Si la paciente te refiere la expulsión de material organizado con modificaciones cervicales tu sospecha diagnóstica sería:,Amenaza de Aborto,Aborto inevitable,Aborto en evolución,Aborto completo,,Aborto en evolución,1
"Paciente femenina que acude a urgencias por presentar amenorrea de 7 sdg, refiere sangrado transvaginal escaso, y dolor tipo cólico, a la exploración física peso 60 kg talla 1.50 Sat 98% Temp 36.5°C, consiente, tranquila, cooperadora, adecuada coloración de tegumentos, mucosas bien hidratadas, abdomen blando depresible no doloroso, genitales de acuerdo al sexo y a la edad de la paciente tacto vaginal cérvix cerrado formado posterior.","Si la paciente te refiere expulsión de material organizado, y al realizar USG transvaginal observas cavidad uterina vacía tu principal sospecha diagnóstica sería:",Amenaza de Aborto,Aborto inevitable,Aborto en evolución,Aborto completo,,Aborto completo,1
"Paciente femenina que acude a urgencias por presentar amenorrea de 7 sdg, refiere sangrado transvaginal escaso, y dolor tipo cólico, a la exploración física peso 60 kg talla 1.50 Sat 98% Temp 36.5°C, consiente, tranquila, cooperadora, adecuada coloración de tegumentos, mucosas bien hidratadas, abdomen blando depresible no doloroso, genitales de acuerdo al sexo y a la edad de la paciente tacto vaginal cérvix cerrado formado posterior.",Si al realizar el ultrasonido observar presencia de contenido organizado y la paciente refiere expulsión en su casa de material organizado. Tu principal sospecha diagnóstica sería:,Amenaza de Aborto,Aborto en evolución,Aborto completo,Aborto incompleto,,Aborto incompleto,1
"Paciente femenina de 39 años de edad, fumadora desde los 15 años, consumidora de cocaína en su juventud, que acude por presentar dolor en fosa iliaca derecha de 5 horas de evolución, así como sangrado transvaginal escaso oscuro. Con fecha de ultima menstruación no confiable. A la exploración física TA 100/60, FC 100, FR 20, Temp 36.6°C, Sat02 95%. Abdomen doloroso a la palpación en fosa iliaca derecha, rebote positivo. B-hCG >3500 UI/mL, ultrasonido transvaginal imagen de anillo de fuego en anexo derecho con embrión en su interior con FCF 140 lpm, y escaso liquido libre, diámetro mayor de 50 mm.",Tu principal sospecha diagnóstica sería:,Embarazo ectópico,Embarazo temprano de localización incierta,Falla temprana del embarazo,Enfermedad trofoblástica gestacional,,Embarazo ectópico,1
"Paciente femenina de 39 años de edad, fumadora desde los 15 años, consumidora de cocaína en su juventud, que acude por presentar dolor en fosa iliaca derecha de 5 horas de evolución, así como sangrado transvaginal escaso oscuro. Con fecha de ultima menstruación no confiable. A la exploración física TA 100/60, FC 100, FR 20, Temp 36.6°C, Sat02 95%. Abdomen doloroso a la palpación en fosa iliaca derecha, rebote positivo. B-hCG >3500 UI/mL, ultrasonido transvaginal imagen de anillo de fuego en anexo derecho con embrión en su interior con FCF 140 lpm, y escaso liquido libre, diámetro mayor de 50 mm.",Dentro de los principales patógenos asociados a embarazo ectópico se encuentra:,Gardnerella Vaginallis,Chlamydia Trachomatis,Neisseria Gonorrae,Estretococo del grupo b,,Chlamydia Trachomatis,1
"Paciente femenina de 39 años de edad, fumadora desde los 15 años, consumidora de cocaína en su juventud, que acude por presentar dolor en fosa iliaca derecha de 5 horas de evolución, así como sangrado transvaginal escaso oscuro. Con fecha de ultima menstruación no confiable. A la exploración física TA 100/60, FC 100, FR 20, Temp 36.6°C, Sat02 95%. Abdomen doloroso a la palpación en fosa iliaca derecha, rebote positivo. B-hCG >3500 UI/mL, ultrasonido transvaginal imagen de anillo de fuego en anexo derecho con embrión en su interior con FCF 140 lpm, y escaso liquido libre, diámetro mayor de 50 mm.",El manejo indicado en esta paciente sería:,Manejo expectamente con medicamento metrotexate,Manejo quirúrgico: laparoscopia,Manejo quirúrgico: laparotomía,Ninguna de las anteriores,,Manejo quirúrgico: laparoscopia,1
"Paciente femenina de 39 años de edad, fumadora desde los 15 años, consumidora de cocaína en su juventud, que acude por presentar dolor en fosa iliaca derecha de 5 horas de evolución, así como sangrado transvaginal escaso oscuro. Con fecha de ultima menstruación no confiable. A la exploración física TA 100/60, FC 100, FR 20, Temp 36.6°C, Sat02 95%. Abdomen doloroso a la palpación en fosa iliaca derecha, rebote positivo. B-hCG >3500 UI/mL, ultrasonido transvaginal imagen de anillo de fuego en anexo derecho con embrión en su interior con FCF 140 lpm, y escaso liquido libre, diámetro mayor de 50 mm.",De los embarazos ectópicos tubáricos los más frecuentes son:,Fimbrial,Ampular,Itsmico,Intersticial,,Ampular,1
"Paciente femenina de 39 años de edad, fumadora desde los 15 años, consumidora de cocaína en su juventud, que acude por presentar dolor en fosa iliaca derecha de 5 horas de evolución, así como sangrado transvaginal escaso oscuro. Con fecha de ultima menstruación no confiable. A la exploración física TA 100/60, FC 100, FR 20, Temp 36.6°C, Sat02 95%. Abdomen doloroso a la palpación en fosa iliaca derecha, rebote positivo. B-hCG >3500 UI/mL, ultrasonido transvaginal imagen de anillo de fuego en anexo derecho con embrión en su interior con FCF 140 lpm, y escaso liquido libre, diámetro mayor de 50 mm.","Si decidieras dar un manejo expectante al caso clínico anterior, cuánto esperarías que disminuyera la BhCG a los 4 -7 días:",10%,15%,18%,20%,,15%,1
"Femenino de 24 años de edad, G4P3, con embarazo de 35 sdg, que es traída a urgencias posterior a accidente automovilístico. Presenta dolor abdominal intenso, sangrado transvaginal rojo de moderada cantidad. A la EF: consciente, tranquila, cooperadora, con presencia de dolor en región de cuello, dificultad para movilizarlo, precordio rítmico dinámico, abdomen globoso a expensas de útero gestante con fondo uterino de 32 cm, con producto único vivo, longitudinal cefálico dorso a la derecha, con FCF 90 lpm. Genitales de acuerdo al sexo y a la edad de la paciente. Tacto vaginal cérvix posterior a 9 cm de dilatación. Membranas íntegras. Extremidades íntegras, simétricas con buen llenado capilar distal.","Ante el cuadro clínico anterior, tu primera sospecha diagnóstica sería:",Desprendimiento Prematuro de Placenta Normo Inserta (DPPNI),Vasa Previa,Acretismo Placentario,Ruptura Uterina,,Desprendimiento Prematuro de Placenta Normo Inserta (DPPNI),1
"Femenino de 24 años de edad, G4P3, con embarazo de 35 sdg, que es traída a urgencias posterior a accidente automovilístico. Presenta dolor abdominal intenso, sangrado transvaginal rojo de moderada cantidad. A la EF: consciente, tranquila, cooperadora, con presencia de dolor en región de cuello, dificultad para movilizarlo, precordio rítmico dinámico, abdomen globoso a expensas de útero gestante con fondo uterino de 32 cm, con producto único vivo, longitudinal cefálico dorso a la derecha, con FCF 90 lpm. Genitales de acuerdo al sexo y a la edad de la paciente. Tacto vaginal cérvix posterior a 9 cm de dilatación. Membranas íntegras. Extremidades íntegras, simétricas con buen llenado capilar distal.",Una de las principales complicaciones que puede tener el DPPNI al haber infiltración hemática del miometrio es:,Coagulación Vascular Diseminada,Hemorragia uterina,Atonía uterina,Útero de Couvelaire,,Útero de Couvelaire,1
"Femenino de 24 años de edad, G4P3, con embarazo de 35 sdg, que es traída a urgencias posterior a accidente automovilístico. Presenta dolor abdominal intenso, sangrado transvaginal rojo de moderada cantidad. A la EF: consciente, tranquila, cooperadora, con presencia de dolor en región de cuello, dificultad para movilizarlo, precordio rítmico dinámico, abdomen globoso a expensas de útero gestante con fondo uterino de 32 cm, con producto único vivo, longitudinal cefálico dorso a la derecha, con FCF 90 lpm. Genitales de acuerdo al sexo y a la edad de la paciente. Tacto vaginal cérvix posterior a 9 cm de dilatación. Membranas íntegras. Extremidades íntegras, simétricas con buen llenado capilar distal.",El manejo indicado en esta paciente seria:,"Estabilizar a la madre, reposición de concentrados plaquetarios, cesárea de urgencia","Estabilización materna, canalizar dos vías, toma de laboratorios, cesárea de urgencia","Estabilización materna y fetal, canalizar dos vías, realizar amniorexis, iniciar conducción con oxitocina, atención del parto.","Estabilización materna y fetal, solicitar USG de control para valoración del desprendimiento, canalizar dos vías, toma de laboratorio, conducción con oxitocina y atención del parto",,"Estabilización materna, canalizar dos vías, toma de laboratorios, cesárea de urgencia",1
"Femenino de 24 años de edad, G4P3... Al momento de la resolución obstétrica te reportan lo siguientes laboratorios: Plaquetas de 75,000, TP 5 segundos, Fibrinógeno de 80, Dímero de 60, petequias generalizadas en la paciente.","De acuerdo con los hallazgos de laboratorio y clínicos presentados, ¿cuál es la consideración clínica correcta?",Es un dato de falla orgánica múltiple,Aumenta el riesgo de mortalidad >25% a la paciente,Se deberá valorar transfusión de hemoderivados,Todas las anteriores,,Todas las anteriores,1
"Femenino de 24 años de edad, G4P3, con embarazo de 35 sdg, que es traída a urgencias posterior a accidente automovilístico.","Si la paciente hubiera llegado con ruptura de membranas y además iniciara con dificultad respiratoria, nausea, cianosis y ansiedad, estarías ante un caso de:",Tromboembolismo pulmonar,Enfermedad Vascular Cerebral,Embolia de líquido amniótico,Trombosis venosa profunda de miembro pélvico,,Embolia de líquido amniótico,1
"Paciente femenina de 24 años de edad, G3P2, con embarazo de 37 sdg que acude a urgencias por referir dolor y activad uterina. Refiere no haber llevado control prenatal. A la EF: consciente, tranquila, cooperadora, adecuada coloración de tegumentos, abdomen globoso a expensas de útero gestante con fondo uterino de 32 cm, con producto único vivo longitudinal cefálico dorso a la izquierda, fcf 150 lpm. Al tacto vaginal cérvix blando, borrado, 8 cm de dilatación, producto encajado.",Por lo que tú decides:,Ingreso a unidad tocoquirúrgica,Vigilancia y revisión en 4 horas en el servicio de urgencias,"Ingreso a unidad tocoquirúrgica, conducción de trabajo de parto, analgesia obstétrica y amniorexis","Ingreso a unidad tocoquirúrgica, amniorexix, conducción de trabajo de parto y analgesia obstétrica",,Ingreso a unidad tocoquirúrgica,1
Paciente femenina de 24 años de edad... Al realizar la amniorexis observas la salida de abundante liquido con abundante contenido hemático.,Tu principal sospecha sería:,DPPNI,Acretismo placentario,Vasa previa,Ruptura Uterina,,Vasa previa,1
Paciente femenina de 24 años de edad... salida de abundante liquido con abundante contenido hemático por sospecha de vasa previa.,Por lo que tu decisión para resolución obstétrica ante lo anterior sería:,Cesárea de urgencia,Conducción de trabajo de parto,Atención de trabajo de parto con forceps,Ninguna de las anteriores,,Cesárea de urgencia,1
"Paciente femenina de 24 años de edad, G3P2, con embarazo de 37 sdg... vasa previa confirmada.","De haber llevado control prenatal la paciente, el diagnóstico se realiza mediante:",Resonancia magnética,Tomografía computarizada,Ultrasonido obstétrico,Radiografía de abdomen,,Ultrasonido obstétrico,1
"Paciente femenina de 24 años de edad, G3P2, con embarazo de 37 sdg... vasa previa diagnosticada de forma prenatal.","Lo que hubiera estado indicado en este caso, hubiera sido la interrupción vía abdominal a las:",32-34 sdg,34-36 sdg,36-38 sdg,Ninguna de las anteriores,,34-36 sdg,1
"Femenino de 39 años G1, que acude a revisión obstétrica, con embarazo de 33 sdg, refiere haber presentado manchado escaso en días previos. A la especuloscopía se observa cérvix con 1 cm de dilatación con trazas de sangrado oscuro. Se solicita un USG obstétrico donde se observa una placenta previa.",Tu principal sospecha diagnóstica sería:,Acretismo placentario,Vasa previa,Placenta previa,Dilatación y trabajo de parto,,Placenta previa,1
"Femenino de 39 años G1, que acude a revisión obstétrica, con embarazo de 33 sdg... placenta previa.",El diagnóstico confirmatorio de esta patología debe ser:,A las 30 sdg,31 sdg,32sdg,34 sdg,,32sdg,1
"Femenino de 39 años G1, que acude a revisión obstétrica, con embarazo de 33 sdg... placenta previa.","Si la placenta se encontrara a <20 mm del orificio cervical interno, sospecharíamos ahora de una:",Vasa previa,Placenta previa total,Placenta previa parcial,Placenta de inserción baja,,Placenta de inserción baja,1
"Femenino de 39 años G1, que acude a revisión obstétrica, con embarazo de 33 sdg... placenta de inserción baja.",Por lo que la resolución obstétrica en el cuadro clínico deberá ser:,A libre evolución,Inducción de trabajo de parto,Cesárea programada,Interrupción del embarazo a las 35 sdg por el riesgo de sangrado.,,Cesárea programada,1
"Femenino de 39 años G1, que acude a revisión obstétrica, con embarazo de 33 sdg... placenta previa.",La principal complicación prenatal que puede presentarse es:,Presentación pélvica,Situación transversa,Anemia severa,Hipertensión gestacional,,Anemia severa,1
"Femenino de 36 años, G5P2C2 con embarazo de 40.2 sdg, tabaquismo positivo, antecedente de miomectomía hace 1.5 años y logrado mediante técnicas de reproducción asistida, sin control prenatal, que acude a urgencias por presentar dolor abdominal tipo cólico, sangrado transvaginal escaso, así como actividad uterina irregular. Tacto vaginal cérvix con borramiento y dilatación completa, presentación en estación de Lee +3.",Tu conducta a seguir sería:,Atención del parto con vigilancia materno fetal estrecha,Cesárea de urgencia por riesgo de ruptura uterina,Atención de parto instrumentado y vigilancia materno fetal,Inducción de trabajo de parto y atención del mismo,,Cesárea de urgencia por riesgo de ruptura uterina,1
"Femenino de 36 años, G5P2C2... Se atiende el parto, encontrándote en el tercer periodo de trabajo de parto durante el cual ya han pasado 50 min de tracción, controlada de cordón, manejo de uterotónico, y presión suprapúbica.",Tu principal sospecha sería:,Retención de restos placentarios,Inserción anómala de la placenta,Útero de Couvalarie,"Ninguna de las anteriores, ya que aun no se cumple el tiempo para pensar en una distocia del tercer periodo de trabajo de parto",,Inserción anómala de la placenta,1
"Femenino de 36 años, G5P2C2... Inserción anómala de la placenta sospechada en el tercer periodo.",Con base a tu sospecha anterior debes tomar una decisión para continuar la atención del trabajo de parto:,Me espero a que cumpla 60 min para tomar una decisión no precipitada,Decido convertir a cesárea,Realizo desprendimiento de placenta de forma manual,Presión de fondo uterino intenso y constante para lograr el desprendimiento de la placenta,,Realizo desprendimiento de placenta de forma manual,1
"Femenino de 36 años, G5P2C2... Al tomar la decisión anterior realizas la resolución del problema y en patología te reportan la presencia de adherencia placentaria a planos profundos miometriales:",El diagnóstico patológico definitivo corresponde a:,Placenta Acreta,Placenta Increta,Placenta Percreta,Placenta con focos de acretismo,,Placenta Acreta,1
"Femenino de 36 años, G5P2C2... Adherencia placentaria o placenta acreta confirmada.",El principal Factor de riesgo para presentar esta patología:,Tabaquismo,Miomectomía,Técnicas de reproducción asistida,Antecedente de cesáreas,,Antecedente de cesáreas,1
"Femenino de 35 años, G5P3C1 con embarazo de 40.2 sdg, tabaquismo positivo, antecedente de miomectomía hace 8 meses y logrado mediante técnicas de reproducción asistida, sin control prenatal. Presenta pérdida de la presentación fetal repentina con dolor torácico severo y hematuria.",El principal factor de riesgo para presentar ruptura uterina en esta paciente es:,Tabaquismo,Cesárea previa,Miomectomía,Técnicas de Reproducción asistida,,Miomectomía,1
"Femenino de 35 años, G5P3C1 con embarazo de 40.2 sdg... ruptura uterina.",El riesgo de presentar esta patología de forma general posterior a una cesárea es del:,<2%,<5%,<7%,<9%,,<2%,1
"Femenino de 35 años, G5P3C1 con embarazo de 40.2 sdg... ruptura uterina inminente o establecida.",La resolución obstétrica debe ser:,Parto monitorizado,Parto monitorizado con fórceps profilácticos,Cesárea,Ninguna de las anteriores,,Cesárea,1
"Femenino de 39 años de edad, G2P1, con embarazo gemelar bicorial biamniótico de 37.6 sdg, que acude a urgencias por presentar cefalea occipitofrontal eva 7/10 asi como refiere escuchar un “pitido constante”. TA 158/113 mmHg. Laboratorios: DHL 951, TGP 93, TGO 125, ácido úrico 5.8.","Con base al caso clínico, el diagnóstico de esta paciente seria:",Hipertensión arterial sistémica crónica descontrolada,Hipertensión Gestacional,Preeclampsia sin datos de severidad,Preeclampsia con datos de severidad,,Preeclampsia con datos de severidad,1
"Femenino de 39 años de edad, G2P1, con embarazo gemelar bicorial biamniótico de 37.6 sdg... preeclampsia con datos de severidad.",Dentro de los marcadores de predicción para preeclampsia los aceptados son:,"SFLT1 y PaPP, características maternas y medidas biofísicas","Características maternas, historia clínica, tensión arterial media","Historia clínica, PaPP, índice de pulsatilidad de arterias uterinas","Características maternas, tensión arterial medias, IP arterias uterinas, factor de crecimiento placentario , Proteina plasmática asociada al embarazo.",,"Características maternas, tensión arterial medias, IP arterias uterinas, factor de crecimiento placentario , Proteina plasmática asociada al embarazo.",1
"Femenino de 39 años de edad, G2P1, con embarazo gemelar bicorial biamniótico de 37.6 sdg... preeclampsia con datos de severidad.",El manejo de esta paciente debe ser:,"Ingreso a hospitalización, monitorización de signos vitales, vigilance de datos de alarma, vigilancia de FCF.","Iniciar neuroprotección materna, ingreso a unidad tocoquirúrgica para inducción del trabajo de parto y para resolución de embarazo vía vaginal aplicación de esquema de madurez pulmonar.","Ingreso a hospitalización, recolección de orina de 24 horas, reclasificación de estado hipertensivo.","Inicio de tratamiento antihipertensivo, Inicio de neuroprotección materna, resolución de embarazo vía abdominal lo antes posible, reclasificación de estado hipertensivo en 6 semanas.",,"Inicio de tratamiento antihipertensivo, Inicio de neuroprotección materna, resolución de embarazo vía abdominal lo antes posible, reclasificación de estado hipertensivo en 6 semanas.",1
"Femenino de 39 años de edad, G2P1, con embarazo gemelar bicorial biamniótico de 37.6 sdg... preeclampsia con datos de severidad.",La neuroprotección materna deberá indicarse:,Durante 12 horas,Durante 24 horas,Durante 36 horas,Durante 48 horas,,Durante 24 horas,1
"Femenino de 39 años de edad, G2P1, con embarazo gemelar bicorial biamniótico de 37.6 sdg... preeclampsia con datos de severidad.",El esquema de neuroprotección indicado para preeclampsia con datos de severidad es:,"Sulfato de magnesio 1 gr IV para 10 min, posteriormente 500 mg/hora y mantener por 12 horas","Sulfato de magnesio 1 gr VO para 5 min, posteriormente 500mg/hr y mantener por 24 horas","Sulfato de magnesio 1 gr IV para 10 min, posteriormente 1 gr/hr y mantener por 12 horas","Sulfato de magnesio 1 gr IV para 5 min, posteriormente 1gr/hr y mantener por 24 horas",,"Sulfato de magnesio 1 gr IV para 5 min, posteriormente 1gr/hr y mantener por 24 horas",1
"Femenino de 21 años G1, con embarazo de 32.3 sdg que acude a urgencias por presentar dolor “quemante” en la boca del estomago posterior a ingesta de unos tacos al pastor. TA 142/90 mmHg. Laboratorios con PR/CR 0.1, proteinuria negativa, pH 7.2, esterasa leucocitaria positiva.",Tu principal sospecha diagnóstica sería,Hipertensión Arterial Sistémica Crónica,Hipertensión Gestacional,Preeclampsia sin datos de severidad,Preeclampsia con datos de severidad,,Hipertensión Gestacional,1
"Femenino de 21 años G1, con embarazo de 32.3 sdg... hipertensión gestacional.",El manejo indicado para esta paciente sería:,"Vigilancia en servicio de urgencias durante mínimo 4 horas, iniciar tratamiento antihipertensivo","Ingreso a hospitalización, vigilancia de cifras de tensión arterial, recolección de orina de 24 horas, y tratamiento antihipertensivo","Vigilancia en servicio de urgencias por 4 horas, curva de tensión arterial, reclasificación de estado hipertensivo, valorar inicio de tratamiento antihipertensivo.","Ingreso a hospitalización, inicio de neuroprotección materna, aplicar esquema de madurez pulmonar y resolución a corto plazo.",,"Vigilancia en servicio de urgencias por 4 horas, curva de tensión arterial, reclasificación de estado hipertensivo, valorar inicio de tratamiento antihipertensivo.",1
Femenino de 21 años G1... Pasaron 2 horas y se reporta por parte del personal de enfermería los siguientes signos vitales: TA 148/90 mmHg. Tira reactiva con proteinuria: +++.,Por lo que tu sospecha diagnóstica seria:,Hipertensión arterial sistémica crónica descontrolada,Hipertensión gestacional,Preeclampsia sin datos de severidad,Preeclampsia con datos de severidad,,Preeclampsia sin datos de severidad,1
Femenino de 21 años G1... Preeclampsia sin datos de severidad confirmada por proteinuria.,Por lo que tu manejo sería:,"Ingreso a hospitalización, vigilancia de cifras tensionales, FCF, recolección de orina","Egreso hospitalario, monitorización de cifras tensionales en su hogar, recolección de orina de 24 horas, inicio de tratamiento antihipertensivo, cita ala consulta externa de obstetricia en 1 semana","Ingreso a unidad tocoquirúrgica, esquema de madurez pulmonar, inicio de neuroprotección materno. Resolución a corto plazo","Ingreso a hospitalización, monitorización de cifras tensionales, FCF, examen general de orina, inicio de tratamiento antihipertensivo",,"Ingreso a hospitalización, monitorización de cifras tensionales, FCF, examen general de orina, inicio de tratamiento antihipertensivo",1
Femenino de 21 años G1... Preeclampsia sin datos de severidad confirmada por proteinuria.,El medicamento antihipertensivo indicado en este momento:,Metildopa 500 mg via oral cada 8 horas,Losartán 50 mg via oral cada 12 horas,Captopril 25 mg via oral cada 8 horas,Hidralazina 5 mg IV cada 2 horas.,,Metildopa 500 mg via oral cada 8 horas,1
"Paciente de sexo femenino, 28 años de edad, sin antecedentes patológicos previos. Consultó por episodios repetidos de vulvovaginitis. Estudios microbiológicos previos mostraron pseudohifas y elementos levaduriformes brotantes en el examen microscópico directo, con desarrollo de cándida spp. Refiere tomar esteroides en sus cuadros agudos de artritis reumatoide.",¿Cuál es la conducta más adecuada para este caso?,"Metronidazol 500 mg cada 24h, vía vaginal 7 días.","Nistatina 100 mil unidades cada 24h, Vía vaginal. 14 días.",Azitromicina 1 gramo dosis unica,Metronidazol 500 mg cada 12h vía vaginal 7 días.,,"Nistatina 100 mil unidades cada 24h, Vía vaginal. 14 días.",1
"Paciente de sexo femenino, 28 años de edad... Vulvovaginitis por Candida recurrente.",¿Cuál es el factor predisponente que más influye en esta paciente?,Tabaquismo,Alcoholismo,La edad,Consumo de esteroides,,Consumo de esteroides,1
"Mujer de 35 años que consulta por presentar desde hace 6 meses prurito vulvar recurrente asociado a ardor y quemazón. Desde hace 4 días nota prurito vulvar y vaginal intenso, así como flujo blanco-grisáceo. Tiene pH vaginal de 4.6 y prueba de aminas positiva.",¿Cuál es el diagnóstico más probable para este caso?,Vaginosis bacteriana,Tricomoniasis,Candidiasis vaginal,Gonorrea,,Vaginosis bacteriana,1
Mujer de 35 años... Vaginosis bacteriana.,¿Qué estudios nos orientarían más hacia este diagnóstico?,Frotis en fresco con solución salina al 0.9% más tinción de Gramm,Frotis en fresco más KOH al 10% más cultivo,Frotis en fresco con solución salina al 0.9% más cultivo,Frotis en fresco más KOH al 10% más tinción de Gramm,,Frotis en fresco con solución salina al 0.9% más tinción de Gramm,1
"Acude a consulta paciente femenino de 24 años de edad, refiere que inicia padecimiento hace 2 semanas aproximadamente caracterizado por flujo amarillento, en cantidad moderada, agrega que su esposo tiene secreción amarillenta proveniente del meato urinario la cual es ardorosa.",¿Cuál es la conducta a seguir más apropiada?,Incapacidad y referencia a segundo nivel.,7 días de incapacidad y referencia a segundo nivel.,Iniciar el tratamiento y referencia a segundo nivel,Incapacidad hasta resolución del padecimiento en 2 nivel,,Iniciar el tratamiento y referencia a segundo nivel,1
Una mujer de 19 años de edad acude a la sala de urgencias por dolor en el abdomen bajo. Ha tenido parejas sexuales múltiples y rara vez usa condón. Advirtió aumento de dolor con el coito. En el examen físico la temperatura es de 39°C. El examen pélvico revela secreción purulenta del orificio cervical e hipersensibilidad con el movimiento del cuello uterino. Una coloración Gram muestra diplococos negativos.,¿Cuál es la conducta terapéutica mas adecuada a seguir en esta paciente?,Ceftriaxona mas doxiciclina,Clindamicina mas metronidazol,Ceftriaxona mas clindamicina,Doxixiclina mas clindamicina,,Ceftriaxona mas doxiciclina,1
Una mujer de 19 años de edad... Enfermedad Pélvica Inflamatoria (EPI) por Neisseria gonorrhoeae sospechada.,¿Qué estudios nos orientarían más hacia este diagnóstico confirmatorio microbiológico?,Frotis en fresco con solución salina al 0.9% más tinción de Gramm,Frotis en fresco más KOH al 10% más cultivo,Frotis en fresco con solución salina al 0.9% más cultivo,Frotis en fresco más KOH al 10% más tinción de Gramm,,Frotis en fresco con solución salina al 0.9% más tinción de Gramm,1
"Paciente de 32 años que consulta por infertilidad y dismenorrea cíclica, así como dispareunia. Se le realiza una ecografía vaginal en la que se observa una tumoración anexial de aspecto ecomixto.",Señale la patología de sospecha:,Embarazo ectópico.,Endometrioma,Quiste ovárico.,Mioma uterino,,Endometrioma,1
Paciente de 32 años... Endometriosis.,"En relación con la endometriosis, NO es cierto que:",Es frecuente en el climaterio.,La clínica más habitual es el dolor progresivamente mayor.,El tratamiento de elección es la cirugía conservadora laparoscópica.,Puede acompañarse de elevación del Ca-125.,,Es frecuente en el climaterio.,1
Paciente de 32 años... Endometriosis.,La localización más frecuente de los implantes endometriósicos es:,Ligamento útero-ovárico.,Ovario.,Fondo de saco de Douglas.,Tabique rectovaginal.,,Ovario.,1
"Mujer de 20 años nubil atendida en urgencias con dolor intenso en hipogastrio y ambas fosas iliacas de 3 días de evolución, antecedentes de menarca a los 12 años, ritmo menstrual regular con dismenorrea desde los 13 años, la cual ha ido en aumento. EF signos vitales normales dolor a la palpación media en hipogastrio y ambas fosas iliacas, no hay datos de abdomen agudo. Laboratorios y ultrasonido ginecológico normal.",El estudio para confirmar el diagnostico definitivo de esta paciente es:,TAC,Laparoscopía,RM,Laparotomía,,Laparoscopía,1
Mujer de 20 años nubil... Sospecha de Endometriosis pélvica profunda.,El pronóstico de esta paciente sin tratamiento en cuanto a la fertilidad es:,Excelente,Bueno,Malo,Incierto,,Malo,1
"Mujer de 43 años G4C3A1 con diagnostico de anemia ferropénica con hb de 9 g/dl, refiere ciclos menstruales de 31-32 por 10 días de duración, acompañados de coágulos, los cuales aparecieron después del nacimiento de su segundo hijo hace 13 años. EF buen estado general. TA 130/80. Genitales externos con hueva de sangrado activo, se palpa el útero en exploración bimanual de aprox. 13 cm, firme e irregular, anexos libres.",En esta paciente el diagnóstico mas probables es:,Adenomiosis uterina,Cáncer cervicouterino,Miomatosis uterina,Hiperplasia adenomatosa,,Miomatosis uterina,1
Mujer de 43 años G4C3A1... Miomatosis uterina sintomática gigante.,El tratamiento para esta paciente es:,HTA sin conservar anexos,HTA conservando anexos,HTV,Histerectomía radical,,HTA conservando anexos,1
"Mujer de 20 años es atendida en consulta por tener telorrea bilateral de 5 meses de evolución, ciclos de 21 días, escasa cantidad desde hace 6 meses antecedente de gastritis en tratamiento con un procinetico durante 8 meses, Menarca a los 12 años. EF normal.",Para comprobar el diagnóstico en esta paciente se debe de proceder a efectuar:,Perfil hormonal ginecológico,Prolactina serica,RM de la silla turca,Ultrasonido mamario,,Prolactina serica,1
Mujer de 20 años... Hiperprolactinemia inducida por procinéticos gástricos (metoclopramida/domperidona).,El tratamiento de primera elección es:,Cabergolina,Omeprazol,Antagonista de GNRH,Vendaje compresivo,,Omeprazol,1
Mujer de 20 años... Telorrea e hiperprolactinemia.,El efecto colateral que se puede presentar en esta paciente por la patología de base:,Infertilidad,Amenorrea,Dismenorrea,Sangrado uterino,,Infertilidad,1
"Mujer de 23 años es atendida por amenorrea de 18 semanas y leucorrea de 3 días que amerita uso de pantiprotector, antecedente de menarca a los 16 años ritmo de 26x3 G1 VSA 17 años. EF abdomen globoso a expensas de útero gestante, fu 14 cm, FCF 155 lpm, se aprecia en zona vulvar abundante secreción de color blanco grisaceo y una zona eritematosa discreta.",El sig paso a para confirimar el diagnostico es:,Prueba de liberacionn de minas,Citologia cervical,Cultivo,Tincion de GRAM,,Prueba de liberacionn de minas,1
Mujer de 23 años es atendida por amenorrea de 18 semanas y leucorrea de 3 días... Vaginosis bacteriana en el embarazo.,La complicación que puede presentar esta paciente es:,Nacimiento pretermino,Corioamnioitis,RPM,,,RPM,1
Infección por Virus del Papiloma Humano (VPH) en tracto genital inferior.,Subtipos más relacionados con verrugas genitales (condilomas acuminados):,9 y 11,6 y 11,3 y 9,6 y 13,,6 y 11,1
Infección oncogénica por Virus del Papiloma Humano (VPH).,Cual de los siguientes son VPH de alto riesgo,"16, 18, 31 y 33","35, 39, 51 y 52","16, 18, 39 y 45",Todas las anteriores,,Todas las anteriores,1
Prevención primaria contra el Cáncer Cervicouterino mediante inmunización.,Diga el esquema vacunación recomendado para VPH de forma convencional,"0, 2 y 4 meses","0, 4 y 6 meses","0, 2 y 4 meses","0, 2 y 6 meses",,"0, 2 y 6 meses",1
Clasificación histopatológica de las Lesiones Intraepiteliales Escamosas Cervicales.,De las siguientes lesiones cuál no es LEAG,ASCUS,Cancer in situ de Cervix,NIC II,NIC III,,ASCUS,1
Paciente de 29 años con infecciones vaginales múltiples acude a realizar pap con un resultado de ASCUS,cual des las siguientes opciones cree usted es la correcta,Colposcopia,Biopsia,Repetir pap y colposcopia,Colposcopia y biopsia,,Repetir pap y colposcopia,1
Paciente de 30 años en chequeo ginecológico anual asintomática se le realiza su Papanicolau que informa LEIAG,cuál debería ser la conducta a seguir,Repetir papanicolau y colposcopia,Biopsia de Cervix,Toma de PCR para VPH y vacunación contra VPH,Colposcopia y toma de biopsia,,Colposcopia y toma de biopsia,1
El resultado de la biopsia cervical guiada por colposcopia informa Carcinoma Epidermoide in situ con invasión estromal mínima.,usted considera que la conducta a seguir en esta paciente es,Electrofulguracion y vacunación contra VPH,Toma de PCR para VPH y láser,Cono con asa diatérmica y vacunación,Histerectomia,,Cono con asa diatérmica y vacunación,1
"Paciente de 36 años acude a la consulta con irregularidad menstrual, sangrado pos coital y leucorrea fétida al examen físico paciente pálida y a la revisión ginecológica con lesión exofitica friable irregular en Cervix",usted considera que esta paciente se le debe realizar de forma prioritaria:,Papanicolau,Biopsia directa de la lesión,Colposcopia y biopsia,Histerectomia,,Biopsia directa de la lesión,1
"Paciente de 36 años acude a la consulta con irregularidad menstrual, sangrado pos coital y leucorrea fétida... lesión exofítica irregular en cérvix.",El diagnóstico más probable en esta paciente es,Probable Mioma abortado,Probable Aborto en curso,Probable Cancer de Cervix,Probable Cancer de Endometrio,,Probable Cancer de Cervix,1
Paciente de 36 años... Carcinoma cervical invasor.,Según su respuesta anterior cuál es la histológica más frecuente de este tipo de lesión,Carcinoma Epidermoide,Carcinona de celular claras,Adenocarcinoma de Cervix,Neuroendocrino de Cervix,,Carcinoma Epidermoide,1
Neoplasias malignas ginecológicas en la población mexicana.,El cáncer de ovario ocupa el tercer lugar en incidencia en Mexico de cánceres ginecológicos pero el primer lugar en mortalidad usted podría considerar que esto se debe a,No hay estudio de tamizaje para el cáncer de ovario,La población de mayor edad es la más afectada,El diagnóstico se da en 70% en etapas a clínicas avanzadas,a y c son ciertas,,a y c son ciertas,1
Paciente de 61 años con antecedente de Diabetes y un IMC de 33 acude a su consulta por historia de sangrado transvaginal postmenopáusico y dolor pélvico.,usted decide solicitar como abordaje diagnóstico inicial:,Pap y colposcopia,Ultrasonido endovaginal,Tomografía con contraste,Envía a Ginecología,,Ultrasonido endovaginal,1
"Posterior al ultrasonido endovaginal le informan que el resultado es el siguiente, Utero con imagen eco génica de 23 mm en miometrio con endometrio de 11 mm postmenopáusico.",cuál sería la recomendación a seguir en esta paciente para descartar malignidad endometrial,Seguimiento con ultrasonido EV cada 6 meses,Histerectomia por miomatosis uterina,Toma de biopsia de Cervix,Toma de biopsia de Endometrio,,Toma de biopsia de Endometrio,1
Paciente de 61 años... Biopsia de endometrio reporta adenocarcinoma endometrial histológicamente bien diferenciado.,Con el resultado del estudio anterior usted esperaría que el tipo histológico más frecuente de esta enfermedad es,Cancer de Endometrio sub tipo células claras,Cancer de Endometrio sub tipo endometroide,Cancer de endometrio sub tipo carcinosarcoma,Cancer de endometrio sub tipo seroso,,Cancer de Endometrio sub tipo endometroide,1
Oncología ginecológica y factores predisponentes para cáncer de endometrio.,Cual de los siguientes factores de riesgo se relaciona con cancer de endometrio,Obesidad,Diabetes,Mutación Pten,Todas las anteriores,,Todas las anteriores,1
Oncología ginecológica y factores de riesgo para neoplasias del cuello uterino.,Cual de los siguientes son factores de riesgo para cáncer de Cervix,Obesidad,Promiscuidad,Clamidia,b y c son ciertas,,b y c son ciertas,1
"paciente de 71 años con distensión abdominal, pérdida de peso de 8 kgs en 1 año asociado a estreñimiento y edema de miembros inferiores acude a su consulta",usted considera que el estudio de imagen inicial en esta paciente es,Radiografía de tórax y abdomen,Ultrasonido hepatico,Ultrasonido endovaginal,Tomografía de abdomen simple y contrastado,,Ultrasonido endovaginal,1
Con el resultado del ultrasonido le informan lesión irregular con contenido heterogéneo papilas y captación de doppler que mide 26x20x19 cm ocupa abdomen y pelvis.,usted debería solicitar los siguientes estudios analíticos complementarios:,"Bh, pfh y doppler de miembros inferiores",Ca 125 y Alfafeto proteína,"Antígeno carcinoembrionario, beta Hcg, deshidrogénasa láctica alfa feto proteína y estudios generales + albumina","creatinina, glucosa PFH y Antígeno carcinoembrionario, beta Hcg, deshidrogénasa láctica alfa feto proteína",,"Antígeno carcinoembrionario, beta Hcg, deshidrogénasa láctica alfa feto proteína y estudios generales + albumina",1
Con resultados previos usted considera que la lesión abomino pélvica es un probable cáncer de ovario.,el estudio de imagen ideal para valorar la extensión de la enfermedad (estadificación) es,Tomografía simple de tórax abdomen y pelvis,Tomografía simple y contrastada de tórax abdomen y pelvis,Resonancia magnética,PeT scan,,Tomografía simple y contrastada de tórax abdomen y pelvis,1
Etiopatogenia y factores causales directos del Cáncer Cervicouterino.,Es el factor de riesgo más relacionado con cancer de Cervix,VPH 33,VPH 16,Promiscuidad,Tabaco,,VPH 16,1
paciente de 32 años G2A1 con embarazo de 16 semanas con abdomen agudo. Se realiza ultrasonido encontrando utero grávido con feto único vivo y lesión de anexo izquierdo quística compleja de 12 x 8 cm.,ante estos hallazgos usted considera que se trata de:,Embarazo ectópico,Embarazo heterotópico,Disgerminoma,Teratoma,,Teratoma,1
paciente de 32 años G2A1 con embarazo de 16 semanas... tumor de anexo izquierdo de estirpe germinal sospechado.,según la respuesta anterior que marcador tumoral esperaría que se encuentre elevado si fuera un disgerminoma puro,LDH,Beta Hcg + LDH,Alfafeto proteína y Ca 125,Beta Hcg y antígeno carcinoembrionario,,LDH,1
paciente de 32 años G2A1 con embarazo de 16 semanas... masa ovárica compleja de 12x8 cm.,el tratamiento que usted indicaría en esta paciente es,Histerectomia con feto in útero + ooforectomia + estudio trans operatorio,salpingooforectomia unilateral con estudio trans operatorio,Aborto médico,Ninguna de las anteriores,,salpingooforectomia unilateral con estudio trans operatorio,1
Epidemiología del cáncer en las mujeres de la República Mexicana.,La primer causa de cáncer Ginecológico puro en incidencia en Mexico es,Cancer de mamá,Cáncer de Cervix,Cancer de endometrio,Cancer de ovario,,Cáncer de Cervix,1
Clasificación y diagnóstico histopatológico de las masas anexiales de origen ovárico.,Los siguientes son tumores germinales excepto,Disgerminoma,Teratoma,Seroso papilar,Coriocarcinoma,,Seroso papilar,1
Oncología ginecológica y decisiones de preservación de fertilidad en estadios tempranos.,cual es el método de elección para evaluar invasión miomaterial para cancer de endometrio en paciente joven sin hijos para manejo conservador,ultrasonido,tomografía contrastada,Resonancia magnética,Pet scan,,Resonancia magnética,1
Métodos de obtención de tejido endometrial en sospecha de patología maligna de cuerpo uterino.,cual de los siguientes métodos tiene la mayor efectividad y especificidad para diagnóstico de Cáncer de endometrio,biopsia con Canula Novak,biopsia por histeroscopia,biopsia con Canula de pipelle,biopsia por legrado,,biopsia por histeroscopia,1
Factores pronósticos determinantes de sobrevida global en tumores epiteliales de ovario.,el factor pronóstico más importante de sobre vida en el cáncer de ovario es,edad de la paciente,grado histológico,presencia de enfermedad ganglionar,Antecedentes familiares,,grado histológico,1
Prevención específica contra la infección por cepas seleccionadas de papilomavirus humano.,que sub tipos tiene la vacuna tetra Valente para el VPH,9-11-16 y 18,6-11-16 y 18,9-11-18 y 33,ninguna e las anteriores,,6-11-16 y 18,1
Marcadores moleculares celulares utilizados en el análisis histopatológico e inmunohistoquímico de piezas tumorales ginecológicas.,la forma de evaluar el índice de proliferación célular que le confiere un peor pronóstico al cáncer es,HeR 2,P53,Ki 67,Fish,,Ki 67,1