Contexto / Caso Clínico,Pregunta,Opción A,Opción B,Opción C,Opción D,Opción E,Respuesta Correcta,
"A 26 year-old lady was referred by the general practitioner for screening of bowel cancer because her father died of bowel cancer. She underwent colonoscopy a few weeks back and she was found to have more tan 200 adenomatous polyps in the colon and rectum, and a tumor in the upper rectum. She underwent surgery. Histology reported adenocarcinoma infiltrating through muscularis propria.",1.- What gene is responsible for this hereditary condition?,MLH1 and MSH2,APC,BRCA1,STK11,PTEN,APC,1
"A 26 year-old lady was referred by the general practitioner for screening of bowel cancer because her father died of bowel cancer. She underwent colonoscopy a few weeks back and she was found to have more tan 200 adenomatous polyps in the colon and rectum, and a tumor in the upper rectum. She underwent surgery. Histology reported adenocarcinoma infiltrating through muscularis propria.",2.- What is the penetrance of the classic form of this syndrome and the risk of colorectal cancer (CRC) if left untreated?,Penetrance 100%. CRC risk by age 50 years approximately 100%,Penetrance 100%. CRC risk by age 80 years approximately 70%,Penetrance 50%. CRC risk by age 50 years approximately 100%,Penetrance 75%. CRC risk by age 25 years approximately 100%,Penetrance 50%. CRC risk by age 50 years approximately 100%,Penetrance 100%. CRC risk by age 50 years approximately 100%,1
"A 26 year-old lady was referred by the general practitioner for screening of bowel cancer because her father died of bowel cancer. She underwent colonoscopy a few weeks back and she was found to have more tan 200 adenomatous polyps in the colon and rectum, and a tumor in the upper rectum. She underwent surgery. Histology reported adenocarcinoma infiltrating through muscularis propria.",3.- At what age does colorectal cancer screening should begin in these patients?,Flexible sigmoidoscopy at age 20-25 years.,Flexible sigmoidoscopy at age 10-12 years.,Colonoscopy at age 10-12 years.,Molecular genetic testing at age 10-12 years.,Colonoscopy at age 20-25 years,Flexible sigmoidoscopy at age 10-12 years.,1
"A 26 year-old lady was referred by the general practitioner for screening of bowel cancer because her father died of bowel cancer. She underwent colonoscopy a few weeks back and she was found to have more tan 200 adenomatous polyps in the colon and rectum, and a tumor in the upper rectum. She underwent surgery. Histology reported adenocarcinoma infiltrating through muscularis propria.",4.- What is the most indicated surgical procedure in patients with this syndrome?,Total colectomy and ileorectal anastomosis,Left hemicolectomy with colorectal anastomosis,Total proctocolectomy with ileoanal pouch anastomosis,Anterior resection with ileoanal anastomosis,Total colectomy with end ileostomy,Total proctocolectomy with ileoanal pouch anastomosis,1
"A 26 year-old lady was referred by the general practitioner for screening of bowel cancer because her father died of bowel cancer. She underwent colonoscopy a few weeks back and she was found to have more tan 200 adenomatous polyps in the colon and rectum, and a tumor in the upper rectum. She underwent surgery. Histology reported adenocarcinoma infiltrating through muscularis propria.","5.- After colorectal carcinoma, which of the follow malignancies is most strongly associated with this syndrome?",Small cell carcinoma of the lung,Squamous cell carcinoma of the anus,Adenocarcinoma of the stomach,Medulloblastoma,Adenocarcinoma of the duodenum,Adenocarcinoma of the duodenum,1
"A 32-year-old lady was admitted to surgical unit with abdominal pain, diarrhoea, and bloody stools. Colonoscopy revealed ulcers in the cecum and a small polyp in the transverse colon. Biopsies from the ulcers were taken and histology reported chronic granulomatous inflammation. She is currently taking infliximab.",6.- The following is a characteristic of this disease:,Exclusive involvement of the mucosa,Progression to cancer that follows the adenoma-carcinoma sequence,Transmural involvement,Clostridium Difficile is the causative agent,Its emergency surgical management involves a total colectomy with end ileostomy,Transmural involvement,1
"A 32-year-old lady was admitted to surgical unit with abdominal pain, diarrhoea, and bloody stools. Colonoscopy revealed ulcers in the cecum and a small polyp in the transverse colon. Biopsies from the ulcers were taken and histology reported chronic granulomatous inflammation. She is currently taking infliximab.",7.- How does smoking affect this disease?,Smoking protects against the development of the disease,Smoking is associated with a more severe disease,Smoking results in a less severe course,Smoking is not a risk factor and doesn’t modify the evolution of this disease,,Smoking is associated with a more severe disease,1
"A 32-year-old lady was admitted to surgical unit with abdominal pain, diarrhoea, and bloody stools. Colonoscopy revealed ulcers in the cecum and a small polyp in the transverse colon. Biopsies from the ulcers were taken and histology reported chronic granulomatous inflammation. She is currently taking infliximab.",8.- What is infliximab?,Monoclonal antibody targeting IFN-gamma,Antagonist of IL-1,Adjuvant chemotherapy drug,Monoclonal antibody targeting TNF-alfa,Monoclonal antibody targeting TGF-beta,Monoclonal antibody targeting TNF-alfa,1
"A 32-year-old lady was admitted to surgical unit with abdominal pain, diarrhoea, and bloody stools. Colonoscopy revealed ulcers in the cecum and a small polyp in the transverse colon. Biopsies from the ulcers were taken and histology reported chronic granulomatous inflammation. She is currently taking infliximab.",9.- Is the most common local complication of this disease:,Perforation,Progression to cancer,Fistula formation,Proctitis,Stricture,Stricture,1
"A 32-year-old lady was admitted to surgical unit with abdominal pain, diarrhoea, and bloody stools. Colonoscopy revealed ulcers in the cecum and a small polyp in the transverse colon. Biopsies from the ulcers were taken and histology reported chronic granulomatous inflammation. She is currently taking infliximab.","10.- The patient is started on several medications. After 10 months she is now suffering muscle weakness, centripetal obesity, and a plethoric-round face. These side effects are most likely associated with the long-term use of this drug.",Azathioprine,Mesalazine,Prednisone,Cyclosporine,Budesonide,Prednisone,1
"Un jubilado de 68 años es derivado por su médico de cabecera al servicio de urgencias. El paciente tiene una historia de 6 meses de empeoramiento progresivo de claudicación en ambos glúteos y muslos. El paciente dejó de fumar dos meses atrás tras sufrir un infarto. Su distancia de claudicación en la última valoración médica realizada hace una semana era de 100 metros en suelo plano. No presentaba síntomas en reposo. A la presentación en el servicio de urgencias, se queja de un dolor intenso y repentino en la pantorrilla y pie derecho que comenzó hace 6 horas. Al momento del examen físico ha perdido la sensibilidad desde la parte distal del muslo derecho hasta el pie. No puede mover su pie o rodilla, su piel se siente muy fría y se ve pálida. No hay pulsos en la extremidad inferior derecha. La extremidad inferior derecha tiene pulsos muy débiles, pero no hay síntomas en reposo.","11.- De acuerdo con los hallazgos físicos, la clasificación de su patología aguda es:",Rutherford I,Rutherford II,Rutherford IIA,Rutherford IIB,Rutherford III,Rutherford III,1
"Un jubilado de 68 años es derivado por su médico de cabecera al servicio de urgencias. El paciente tiene una historia de 6 meses de empeoramiento progresivo de claudicación en ambos glúteos y muslos. El paciente dejó de fumar dos meses atrás tras sufrir un infarto. Su distancia de claudicación en la última valoración médica realizada hace una semana era de 100 metros en suelo plano. No presentaba síntomas en reposo. A la presentación en el servicio de urgencias, se queja de un dolor intenso y repentino en la pantorrilla y pie derecho que comenzó hace 6 horas. Al momento del examen físico ha perdido la sensibilidad desde la parte distal del muslo derecho hasta el pie. No puede mover su pie o rodilla, su piel se siente muy fría y se ve pálida. No hay pulsos en la extremidad inferior derecha. La extremidad inferior derecha tiene pulsos muy débiles, pero no hay síntomas en reposo.",12.- ¿Cuál de los siguientes enunciados es falso con relación a la enfermedad arterial periférica aguda?,El síndrome compartimental es una complicación potencial tras la revascularización,La terapia trombolítica es la primera línea de tratamiento en todos los pacientes,El manejo inmediato incluye anticoagulación con heparina,"Para el diagnóstico del síndrome compartimental, algunos autores describen presiones tisulares superiores a 30 mmHg",La angioTAC es el examen de elección para la investigación urgente de ésta patología,La terapia trombolítica es la primera línea de tratamiento en todos los pacientes,1
"Un jubilado de 68 años es derivado por su médico de cabecera al servicio de urgencias. El paciente tiene una historia de 6 meses de empeoramiento progresivo de claudicación en ambos glúteos y muslos. El paciente dejó de fumar dos meses atrás tras sufrir un infarto. Su distancia de claudicación en la última valoración médica realizada hace una semana era de 100 metros en suelo plano. No presentaba síntomas en reposo. A la presentación en el servicio de urgencias, se queja de un dolor intenso y repentino en la pantorrilla y pie derecho que comenzó hace 6 horas. Al momento del examen físico ha perdido la sensibilidad desde la parte distal del muslo derecho hasta el pie. No puede mover su pie o rodilla, su piel se siente muy fría y se ve pálida. No hay pulsos en la extremidad inferior derecha. La extremidad inferior derecha tiene pulsos muy débiles, pero no hay síntomas en reposo.",13.-¿Cuál es el valor del índice tobillo de brazo más probable en la pierna izquierda?,0.99,1.3,0.95,0.2,0.6,0.6,1
"Un jubilado de 68 años es derivado por su médico de cabecera al servicio de urgencias. El paciente tiene una historia de 6 meses de empeoramiento progresivo de claudicación en ambos glúteos y muslos. El paciente dejó de fumar dos meses atrás tras sufrir un infarto. Su distancia de claudicación en la última valoración médica realizada hace una semana era de 100 metros en suelo plano. No presentaba síntomas en reposo. A la presentación en el servicio de urgencias, se queja de un dolor intenso y repentino en la pantorrilla y pie derecho que comenzó hace 6 horas. Al momento del examen físico ha perdido la sensibilidad desde la parte distal del muslo derecho hasta el pie. No puede mover su pie o rodilla, su piel se siente muy fría y se ve pálida. No hay pulsos en la extremidad inferior derecha. La extremidad inferior derecha tiene pulsos muy débiles, pero no hay síntomas en reposo.",14.- ¿Cuál de los siguientes enunciados es falso con relación a la enfermedad arterial periférica crónica?,La causa más frecuente es la ateroesclerosis,Las estatinas tienen un efecto estabilizador sobre la placa aterosclerótica y son parte del tratamiento en todos los pacientes,La investigación inicial idealmente es la medición del índice tobillo-brazo mediante Doppler,El ultrasonido dúplex arterial es el principal método de imagen en la mayoría de los pacientes,La claudicación en muslos y glúteos es la forma más frecuente de presentación,La claudicación en muslos y glúteos es la forma más frecuente de presentación,1
"Un jubilado de 68 años es derivado por su médico de cabecera al servicio de urgencias. El paciente tiene una historia de 6 meses de empeoramiento progresivo de claudicación en ambos glúteos y muslos. El paciente dejó de fumar dos meses atrás tras sufrir un infarto. Su distancia de claudicación en la última valoración médica realizada hace una semana era de 100 metros en suelo plano. No presentaba síntomas en reposo. A la presentación en el servicio de urgencias, se queja de un dolor intenso y repentino en la pantorrilla y pie derecho que comenzó hace 6 horas. Al momento del examen físico ha perdido la sensibilidad desde la parte distal del muslo derecho hasta el pie. No puede mover su pie o rodilla, su piel se siente muy fría y se ve pálida. No hay pulsos en la extremidad inferior derecha. La extremidad inferior derecha tiene pulsos muy débiles, pero no hay síntomas en reposo.",15.- ¿Cuál es la intervención terapéutica más efectiva para el manejo de los síntomas en pacientes con enfermedad arterial periférica crónica?,Cilostazol,Naftidrofurilo,Programa de ejercicio supervisado,Aspirina,Pentoxifilina,Programa de ejercicio supervisado,1
"Una mujer de 60 años menciona que ha tenido pirosis durante 5 años y ahora se queja de dificultad para tragar. Dice que tiene que masticar su comida más que antes y le cuesta trabajo deglutir carne. A pesar de ello, niega pérdida de peso y se siente bien en general. Ella disfruta del vino tinto y toma un par de copas cada noche. Ha sido una fumadora empedernida durante aproximadamente 40 años.",16.- ¿Cuál es la investigación de elección para el abordaje inicial de esta paciente?,Manometría,pH-metría de 24 horas,Esofagograma baritado,Panendoscopia,Prueba terapéutica empírica con IBP,Panendoscopia,1
"Una mujer de 60 años menciona que ha tenido pirosis durante 5 años y ahora se queja de dificultad para tragar. Dice que tiene que masticar su comida más que antes y le cuesta trabajo deglutir carne. A pesar de ello, niega pérdida de peso y se siente bien en general. Ella disfruta del vino tinto y toma un par de copas cada noche. Ha sido una fumadora empedernida durante aproximadamente 40 años.","17.- Ante el hallazgo de una estenosis péptica, el manejo más apropiado es:",Miotomía de Heller e IBP,Dilatación neumática e IBP,Ablación con radiofrecuencia,Esofagectomía transhiatal,Inyección de Bótox e IBP,Dilatación neumática e IBP,1
"Una mujer de 60 años menciona que ha tenido pirosis durante 5 años y ahora se queja de dificultad para tragar. Dice que tiene que masticar su comida más que antes y le cuesta trabajo deglutir carne. A pesar de ello, niega pérdida de peso y se siente bien en general. Ella disfruta del vino tinto y toma un par de copas cada noche. Ha sido una fumadora empedernida durante aproximadamente 40 años.",18.- ¿Cuál de las siguientes es una contraindicación para la realización de una funduplicatura tipo Nissen?,Acalasia,Esófago de Barret,Hernia hiatal tipo II,Síntomas extraesofágicos de enfermedad por reflujo gastroesofágico,Síntomas de reflujo gastroesofágico a pesar de terapia médica máxima con IBP,Acalasia,1
"Una mujer de 60 años menciona que ha tenido pirosis durante 5 años y ahora se queja de dificultad para tragar. Dice que tiene que masticar su comida más que antes y le cuesta trabajo deglutir carne. A pesar de ello, niega pérdida de peso y se siente bien en general. Ella disfruta del vino tinto y toma un par de copas cada noche. Ha sido una fumadora empedernida durante aproximadamente 40 años.","19.- Todas las siguientes son características de Acalasia, excepto:",Idiopática,Incurable,Aperistalsis del cuerpo esofágico,Hipertonía del esfínter esofágico inferior,Falla en la relajación del esfínter esofágico inferior,Hipertonía del esfínter esofágico inferior,1
"Una mujer de 60 años menciona que ha tenido pirosis durante 5 años y ahora se queja de dificultad para tragar. Dice que tiene que masticar su comida más que antes y le cuesta trabajo deglutir carne. A pesar de ello, niega pérdida de peso y se siente bien en general. Ella disfruta del vino tinto y toma un par de copas cada noche. Ha sido una fumadora empedernida durante aproximadamente 40 años.","20.- Todos los siguientes son factores de riesgo para adenocarcinoma esofágico, excepto:",Esófago de Barret,H. Pylori,Tabaquismo,Consumo de alcohol,Obesidad,H. Pylori,1
"Un hombre de 41 años, fumador, ha sido ingresado con inicio repentino de dolor muy intenso en el epigastrio irradiando a la espalda y punta del hombro derecho de 3 horas de duración. Su pulso es 95 latidos por minuto y su presión arterial es de 90/60 mmHg; su abdomen tiene rigidez de tabla. Con relación a sus antecedentes médicos, únicamente padece hipertensión arterial y diabetes mellitus muy bien controladas. Niega el consumo de medicamentos adicionales a los recetados para el tratamiento de sus enfermedades.",21.- ¿Cuál es la etiología más probable de la patología del paciente?,Carcinoma gástrico,Consumo de AINES,Aterosclerosis de la arteria mesentérica superior,Aneurisma aórtico >6 cm,H. Pylori,H. Pylori,1
"Un hombre de 41 años, fumador, ha sido ingresado con inicio repentino de dolor muy intenso en el epigastrio irradiando a la espalda y punta del hombro derecho de 3 horas de duración. Su pulso es 95 latidos por minuto y su presión arterial es de 90/60 mmHg; su abdomen tiene rigidez de tabla. Con relación a sus antecedentes médicos, únicamente padece hipertensión arterial y diabetes mellitus muy bien controladas. Niega el consumo de medicamentos adicionales a los recetados para el tratamiento de sus enfermedades.",22.- ¿Cuál es el estudio de imagen con mayor precisión para el diagnóstico de esta patología?,Tomografía de abdomen y pelvis con contraste oral e IV,Radiografía de tórax,Angiografía,US dúplex de vasos mesentéricos y aorta,US de abdomen,Tomografía de abdomen y pelvis con contraste oral e IV,1
"Un hombre de 41 años, fumador, ha sido ingresado con inicio repentino de dolor muy intenso en el epigastrio irradiando a la espalda y punta del hombro derecho de 3 horas de duración. Su pulso es 95 latidos por minuto y su presión arterial es de 90/60 mmHg; su abdomen tiene rigidez de tabla. Con relación a sus antecedentes médicos, únicamente padece hipertensión arterial y diabetes mellitus muy bien controladas. Niega el consumo de medicamentos adicionales a los recetados para el tratamiento de sus enfermedades.",23.- El manejo definitivo de este paciente incluye:,Laparoscopia y lavado abdominal,Laparotomía y parche de Graham,Gastrectomía total,Revascularización endovascular y colocación de stent en arteria mesentérica superior,Laparotomía y reparación de aneurisma aórtico con injerto PTFE,Laparotomía y parche de Graham,1
"Un hombre de 41 años, fumador, ha sido ingresado con inicio repentino de dolor muy intenso en el epigastrio irradiando a la espalda y punta del hombro derecho de 3 horas de duración. Su pulso es 95 latidos por minuto y su presión arterial es de 90/60 mmHg; su abdomen tiene rigidez de tabla. Con relación a sus antecedentes médicos, únicamente padece hipertensión arterial y diabetes mellitus muy bien controladas. Niega el consumo de medicamentos adicionales a los recetados para el tratamiento de sus enfermedades.",24.- Es parte primordial del manejo postoperatorio y a largo plazo en este paciente:,Estatinas + fármaco antiplaquetario,Quimioterapia neoadyuvante,Anticoagulación con Warfarina,IBP + erradicación de H Pylori,Manejo óptimo de la presión arterial con IECA o ARA-II,IBP + erradicación de H Pylori,1
"Un hombre de 41 años, fumador, ha sido ingresado con inicio repentino de dolor muy intenso en el epigastrio irradiando a la espalda y punta del hombro derecho de 3 horas de duración. Su pulso es 95 latidos por minuto y su presión arterial es de 90/60 mmHg; su abdomen tiene rigidez de tabla. Con relación a sus antecedentes médicos, únicamente padece hipertensión arterial y diabetes mellitus muy bien controladas. Niega el consumo de medicamentos adicionales a los recetados para el tratamiento de sus enfermedades.",25.- ¿Cuál es el tratamiento inicial de los linfomas de células B gástricos asociados a la mucosa?,Gastrectomía total,Quimioterapia con rituximab,Quimioterapia con R-CHOP,Amoxicilina + Claritromicina + Omeprazol,Radioterapia,Amoxicilina + Claritromicina + Omeprazol,1
"Una mujer de 33 años se queja de dolor y pesadez en el miembro inferior izquierdo, que es mucho peor al final del día después de trabajar como asistente de una tienda departamental. A la exploración tiene grandes várices a lo largo del lado medial de toda su extremidad inferior izquierda y una úlcera de 3 cm por encima del maléolo medial izquierdo.",26.- ¿Cuál es el estudio de imagen de elección en esta patología?,Ultrasonido Doppler,Ultrasonido Dúplex arterial,Ultrasonido Dúplex venoso,AngioTAC,Venografía de extremidades inferiores,Ultrasonido Dúplex venoso,1
"Una mujer de 33 años se queja de dolor y pesadez en el miembro inferior izquierdo, que es mucho peor al final del día después de trabajar como asistente de una tienda departamental. A la exploración tiene grandes várices a lo largo del lado medial de toda su extremidad inferior izquierda y una úlcera de 3 cm por encima del maléolo medial izquierdo.","27.- Todas las siguientes son parte del tratamiento conservador de esta patología, excepto:",Programa de ejercicio,Medias de compresión graduadas,Flavonoides,Elevación de extremidades inferiores,Clopidogrel,Clopidogrel,1
"Una mujer de 33 años se queja de dolor y pesadez en el miembro inferior izquierdo, que es mucho peor al final del día después de trabajar como asistente de una tienda departamental. A la exploración tiene grandes várices a lo largo del lado medial de toda su extremidad inferior izquierda y una úlcera de 3 cm por encima del maléolo medial izquierdo.",28.- ¿Cuál es la principal indicación para la prescripción de pentoxifilina?,Insuficiencia venosa crónica sintomática,Insuficiencia venosa crónica con úlcera activa,Insuficiencia venosa crónica con eczema y lipodermatoesclerosis,Insuficiencia venosa crónica con edema,Todos los anteriores,Insuficiencia venosa crónica con úlcera activa,1
"Una mujer de 33 años se queja de dolor y pesadez en el miembro inferior izquierdo, que es mucho peor al final del día después de trabajar como asistente de una tienda departamental. A la exploración tiene grandes várices a lo largo del lado medial de toda su extremidad inferior izquierda y una úlcera de 3 cm por encima del maléolo medial izquierdo.",29.- ¿Cuál es el tratamiento invasivo recomendado en el manejo de esta paciente?,Reconstrucción valvular,Escleroterapia,Safenectomía,Ablación endovenosa con láser o radiofrecuencia n,Ligadura de venas perforantes,Ablación endovenosa con láser o radiofrecuencia n,1
"Una mujer de 33 años se queja de dolor y pesadez en el miembro inferior izquierdo, que es mucho peor al final del día después de trabajar como asistente de una tienda departamental. A la exploración tiene grandes várices a lo largo del lado medial de toda su extremidad inferior izquierda y una úlcera de 3 cm por encima del maléolo medial izquierdo.","30.- Todos los siguientes son factores de riesgo en el desarrollo de la patología de esta paciente, excepto:",Embarazo,Posición de pie prolongada,Historia familiar de insuficiencia venosa,Lesiones previas en la pierna,Sexo masculino,Sexo masculino,1
Un hombre de 60 años acude a la consulta externa de cirugía quejándose de sangrado rectal intermitente desde hace 2 meses. La sangre siempre es de color rojo brillante. También se queja de comezón alrededor del ano. No hay otros antecedentes médicos de interés.,31.- ¿Cuál es el diagnóstico más probable?,Fisura anal,Fístula anal,Enfermedad hemorroidal,Cáncer anal,Enfermedad inflamatoria intestinal,Enfermedad hemorroidal,1
Un hombre de 60 años acude a la consulta externa de cirugía quejándose de sangrado rectal intermitente desde hace 2 meses. La sangre siempre es de color rojo brillante. También se queja de comezón alrededor del ano. No hay otros antecedentes médicos de interés.,32.- ¿Cuál es la investigación más apropiada en el abordaje de este paciente?,Citología anal,Colonoscopia,Calprotectina fecal,Proctoscopia,Antígeno carcinoembrionario,Colonoscopia,1
Un hombre de 60 años acude a la consulta externa de cirugía quejándose de sangrado rectal intermitente desde hace 2 meses. La sangre siempre es de color rojo brillante. También se queja de comezón alrededor del ano. No hay otros antecedentes médicos de interés.,33.- ¿Cuál es el tratamiento de elección en enfermedad hemorroidal grado 3?,Escleroterapia,Ablación con luz infrarroja,Ligadura con banda,Manejo médico,Hemorroidectomía,Ligadura con banda,1
Un hombre de 60 años acude a la consulta externa de cirugía quejándose de sangrado rectal intermitente desde hace 2 meses. La sangre siempre es de color rojo brillante. También se queja de comezón alrededor del ano. No hay otros antecedentes médicos de interés.,"34.- Todos los siguientes son complicaciones de una hemorroidectomía, excepto:",Sangrado,Retención urinaria aguda,Estenosis anal,Incontinencia fecal,Prolapso rectal,Prolapso rectal,1
Un hombre de 60 años acude a la consulta externa de cirugía quejándose de sangrado rectal intermitente desde hace 2 meses. La sangre siempre es de color rojo brillante. También se queja de comezón alrededor del ano. No hay otros antecedentes médicos de interés.,"35.- Con relación a las hemorroides, el siguiente enunciado es falso",Las hemorroides internas se localizan por encima de la línea dentada,La mayoría de las hemorroides son palpables,Las hemorroides internas tienen participación en la continencia fecal,Las hemorroides internas son sinusoides submucosas,La ligadura con banda está contraindicada en hemorroides externas,La mayoría de las hemorroides son palpables,1
"Una mujer de 52 años se presenta en el departamento de urgencias con dolor en la región inguinal derecha. Adicionalmente, refiere dolor abdominal en el hipogastrio y distensión. Durante su traslado vomitó en dos ocasiones. Refiere haber canalizado gases, aunque no ha evacuado desde ayer. Es previamente sana y no tiene antecedente de tabaquismo. A la exploración física se encuentra inquieta, su presión arterial es 106/70 mmHg y su frecuencia cardiaca es de 108/min. Se encuentra afebril y su temperatura es 38ºC. A la palpación del abdomen, hay dolor en la fosa iliaca derecha asociado a distensión abdominal. Hay aumento de volumen en la región inguinal derecha, por debajo y lateral a la tuberosidad del pubis. Esta inflamación no se reduce con la palpación. Sus estudios de laboratorio muestran leucocitos de 18 x 109/L.",36.- ¿Cuál es tu principal sospecha diagnóstica?,Oclusión intestinal adherencial,Absceso del psoas,Embarazo ectópico,Hernia encarcelada,Hernia estrangulada,Hernia estrangulada,1
"Una mujer de 52 años se presenta en el departamento de urgencias con dolor en la región inguinal derecha. Adicionalmente, refiere dolor abdominal en el hipogastrio y distensión. Durante su traslado vomitó en dos ocasiones. Refiere haber canalizado gases, aunque no ha evacuado desde ayer. Es previamente sana y no tiene antecedente de tabaquismo. A la exploración física se encuentra inquieta, su presión arterial es 106/70 mmHg y su frecuencia cardiaca es de 108/min. Se encuentra afebril y su temperatura es 38ºC. A la palpación del abdomen, hay dolor en la fosa iliaca derecha asociado a distensión abdominal. Hay aumento de volumen en la región inguinal derecha, por debajo y lateral a la tuberosidad del pubis. Esta inflamación no se reduce con la palpación. Sus estudios de laboratorio muestran leucocitos de 18 x 109/L.",37.- ¿Cuál sería tu siguiente maniobra diagnóstica/terapéutica?,Laparoscopía diagnóstica,Colonoscopía,Indicar suspensorio inguinal,Reducción manual,Radiografía de abdomen,Radiografía de abdomen,1
"Una mujer de 52 años se presenta en el departamento de urgencias con dolor en la región inguinal derecha. Adicionalmente, refiere dolor abdominal en el hipogastrio y distensión. Durante su traslado vomitó en dos ocasiones. Refiere haber canalizado gases, aunque no ha evacuado desde ayer. Es previamente sana y no tiene antecedente de tabaquismo. A la exploración física se encuentra inquieta, su presión arterial es 106/70 mmHg y su frecuencia cardiaca es de 108/min. Se encuentra afebril y su temperatura es 38ºC. A la palpación del abdomen, hay dolor en la fosa iliaca derecha asociado a distensión abdominal. Hay aumento de volumen en la región inguinal derecha, por debajo y lateral a la tuberosidad del pubis. Esta inflamación no se reduce con la palpación. Sus estudios de laboratorio muestran leucocitos de 18 x 109/L.",38.- ¿Cómo clasificarías anatómicamente esta hernia?,Inguinal directa,Inguinal indirecta,Femoral,Spiegel,Ventral,Femoral,1
"Una mujer de 52 años se presenta en el departamento de urgencias con dolor en la región inguinal derecha. Adicionalmente, refiere dolor abdominal en el hipogastrio y distensión. Durante su traslado vomitó en dos ocasiones. Refiere haber canalizado gases, aunque no ha evacuado desde ayer. Es previamente sana y no tiene antecedente de tabaquismo. A la exploración física se encuentra inquieta, su presión arterial es 106/70 mmHg y su frecuencia cardiaca es de 108/min. Se encuentra afebril y su temperatura es 38ºC. A la palpación del abdomen, hay dolor en la fosa iliaca derecha asociado a distensión abdominal. Hay aumento de volumen en la región inguinal derecha, por debajo y lateral a la tuberosidad del pubis. Esta inflamación no se reduce con la palpación. Sus estudios de laboratorio muestran leucocitos de 18 x 109/L.",39.- ¿Cuál es el manejo definitivo para esta paciente?,"Ayuno, sonda nasogástrica y antibióticoterapia",Reducción manual y cirugía programada,Resección anterior baja,Exploración quirúrgica + hernioplastía,Exploración quirúrgica con hernioplastía diferida,Exploración quirúrgica + hernioplastía,1
"Una mujer de 52 años se presenta en el departamento de urgencias con dolor en la región inguinal derecha. Adicionalmente, refiere dolor abdominal en el hipogastrio y distensión. Durante su traslado vomitó en dos ocasiones. Refiere haber canalizado gases, aunque no ha evacuado desde ayer. Es previamente sana y no tiene antecedente de tabaquismo. A la exploración física se encuentra inquieta, su presión arterial es 106/70 mmHg y su frecuencia cardiaca es de 108/min. Se encuentra afebril y su temperatura es 38ºC. A la palpación del abdomen, hay dolor en la fosa iliaca derecha asociado a distensión abdominal. Hay aumento de volumen en la región inguinal derecha, por debajo y lateral a la tuberosidad del pubis. Esta inflamación no se reduce con la palpación. Sus estudios de laboratorio muestran leucocitos de 18 x 109/L.","40.- Con respecto al tipo de hernia presentado en el caso, los siguientes son correctos excepto:",Son más frecuentes en mujeres,Tienen una tasa de complicaciones de alrededor del 20%,Son más frecuentes del lado derecho,Protruyen en la región superior al ligamento inguinal,Se recomienda tratamiento quirúrgico en todos los casos,Protruyen en la región superior al ligamento inguinal,1
"Una mujer de 22 años se presenta al servicio de urgencias por 48 horas de evolución con dolor abdominal. El dolor inició en el mesogastrio y actualmente es de carácter constante y localizado en la fosa iliaca derecha. No ha comido nada, pues no tiene apetito, y ha vomitado en dos ocasiones. A la exploración física se encuentra con 37.2ºC, frecuencia cardiaca de 112/min. En el abdomen hay dolor localizado en la fosa iliaca derecha con rebote positivo. El examen general de orina se encuentra sin alteraciones. Su biometría hemática muestra Hb 14.2 g/dL, Leucocitos 19x109/L, Plt 250x109/L y PCR 20mg/L. Su prueba de embarazo es negativa.",41.- ¿Cuál es el diagnóstico más probable?,Mittleschmerz,Enfermedad de Crohn,Diverticulitis aguda,Cólico renoureteral,Apendicitis aguda,Apendicitis aguda,1
"Una mujer de 22 años se presenta al servicio de urgencias por 48 horas de evolución con dolor abdominal. El dolor inició en el mesogastrio y actualmente es de carácter constante y localizado en la fosa iliaca derecha. No ha comido nada, pues no tiene apetito, y ha vomitado en dos ocasiones. A la exploración física se encuentra con 37.2ºC, frecuencia cardiaca de 112/min. En el abdomen hay dolor localizado en la fosa iliaca derecha con rebote positivo. El examen general de orina se encuentra sin alteraciones. Su biometría hemática muestra Hb 14.2 g/dL, Leucocitos 19x109/L, Plt 250x109/L y PCR 20mg/L. Su prueba de embarazo es negativa.",42.- ¿Qué puntaje tiene esta paciente en la escala de Alvarado?,5,9,10,7,8,8,1
"Una mujer de 22 años se presenta al servicio de urgencias por 48 horas de evolución con dolor abdominal. El dolor inició en el mesogastrio y actualmente es de carácter constante y localizado en la fosa iliaca derecha. No ha comido nada, pues no tiene apetito, y ha vomitado en dos ocasiones. A la exploración física se encuentra con 37.2ºC, frecuencia cardiaca de 112/min. En el abdomen hay dolor localizado en la fosa iliaca derecha con rebote positivo. El examen general de orina se encuentra sin alteraciones. Su biometría hemática muestra Hb 14.2 g/dL, Leucocitos 19x109/L, Plt 250x109/L y PCR 20mg/L. Su prueba de embarazo es negativa.",43.- ¿Cuál es el siguiente paso en el manejo de este paciente?,Radiografía de abdomen,Laparotomía exploratoria,Tomografía de abdomen y pelvis,Ayuno y sonda nasogástrica,,Laparotomía exploratoria,1
"Una mujer de 22 años se presenta al servicio de urgencias por 48 horas de evolución con dolor abdominal. El dolor inició en el mesogastrio y actualmente es de carácter constante y localizado en la fosa iliaca derecha. No ha comido nada, pues no tiene apetito, y ha vomitado en dos ocasiones. A la exploración física se encuentra con 37.2ºC, frecuencia cardiaca de 112/min. En el abdomen hay dolor localizado en la fosa iliaca derecha con rebote positivo. El examen general de orina se encuentra sin alteraciones. Su biometría hemática muestra Hb 14.2 g/dL, Leucocitos 19x109/L, Plt 250x109/L y PCR 20mg/L. Su prueba de embarazo es negativa.","44.- Con respecto al tratamiento quirúrgico de apendicitis aguda, las siguientes son correctas, excepto:",La apendicectomía laparoscópica ha mostrado tener mejores resultados en cuanto a dolor postoperatorio e infecciones de sitio quirúrgico,"Una vez realizada la apendicectomía, se recomiendan 48 horas de ayuno por riesgo alto de íleo post operatorio.",La apendicectomía laparoscópica es un procedimiento seguro en pacientes embarazadas,La obesidad no es una contraindicación para realizar apendicectomía laparoscópica.,,"Una vez realizada la apendicectomía, se recomiendan 48 horas de ayuno por riesgo alto de íleo post operatorio.",1
"Una mujer de 22 años se presenta al servicio de urgencias por 48 horas de evolución con dolor abdominal. El dolor inició en el mesogastrio y actualmente es de carácter constante y localizado en la fosa iliaca derecha. No ha comido nada, pues no tiene apetito, y ha vomitado en dos ocasiones. A la exploración física se encuentra con 37.2ºC, frecuencia cardiaca de 112/min. En el abdomen hay dolor localizado en la fosa iliaca derecha with rebote positivo. El examen general de orina se encuentra sin alteraciones. Su biometría hemática muestra Hb 14.2 g/dL, Leucocitos 19x109/L, Plt 250x109/L y PCR 20mg/L. Su prueba de embarazo es negativa.",45.- El siguiente es un hallazgo radiográfico de apendicitis aguda:,Borramiento del psoas,Signo del colon cortado,Triada de Riegler,Signo de doble burbuja,Imagen en grano de café,Borramiento del psoas,1
"En el servicio de urgencias se encuentra un hombre de 19 años que es ingresado tras sufrir un accidente en vehículo automotor. A la exploración física se encuentra con frecuencia cardiaca de 122/min, frecuencia respiratoria 23/min y presión arterial 110/58 mm/Hg con SatO2 88%. Tiene sangre que sale por la nariz y estridor al respirar. Su escala de coma de Glasgow es de 10 puntos",46.- ¿Cuál es el manejo más adecuado?,Intubación orotraqueal,Colocación de cánula nasofaringea,"Aspiración, reposicionamiento de la cabeza y colocación de cánula orofaringea",Cricotiroidotomía de urgencia,,Intubación orotraqueal,1
"En el servicio de urgencias se encuentra un hombre de 19 años que es ingresado tras sufrir un accidente en vehículo automotor. A la exploración física se encuentra con frecuencia cardiaca de 122/min, frecuencia respiratoria 23/min y presión arterial 110/58 mm/Hg con SatO2 88%. Tiene sangre que sale por la nariz y estridor al respirar. Su escala de coma de Glasgow es de 10 puntos",47.- Con respecto a la valoración de la vía aérea. ¿Cuál de los siguientes enunciados es falso?,"Si el paciente se encuentra hablando, no tiene compromiso inminente de la vía aérea",Es posible que se requiera de aspiración de la vía aérea,Las cánulas nasofaringeas y orofaringeas son herramientas útiles,Un puntaje de ECG de 7 no es una indicación para una vía aérea definitiva,,Un puntaje de ECG de 7 no es una indicación para una vía aérea definitiva,1
"En el servicio de urgencias se encuentra un hombre de 19 años que es ingresado tras sufrir un accidente en vehículo automotor. A la exploración física se encuentra con frecuencia cardiaca de 122/min, frecuencia respiratoria 23/min y presión arterial 110/58 mm/Hg con SatO2 88%. Tiene sangre que sale por la nariz y estridor al respirar. Su escala de coma de Glasgow es de 10 puntos",48.- ¿Cuál de las siguientes no es una investigación/maniobra necesaria durante la evaluación primaria de rutina?,Oximetría de pulso,Colocación de catéter urinario,"Estudios de laboratorio con BH, pruebas de coagulación y química sanguínea","Radiografía cervical, tórax y abdomen",Tomografía de abdomen con contraste intravenoso,Tomografía de abdomen con contraste intravenoso,1
"En el servicio de urgencias se encuentra un hombre de 19 años que es ingresado tras sufrir un accidente en vehículo automotor. A la exploración física se encuentra con frecuencia cardiaca de 122/min, frecuencia respiratoria 23/min y presión arterial 110/58 mm/Hg con SatO2 88%. Tiene sangre que sale por la nariz y estridor al respirar. Su escala de coma de Glasgow es de 10 puntos",49.- ¿Cuál de las siguientes se puede presentar con disminución en el nivel de conciencia?,Trauma craneoencefálico,Hipovolemia,Intoxicación por alcohol,Hipoglucemia,Todas las anteriores,Todas las anteriores,1
"En el servicio de urgencias se encuentra un hombre de 19 años que es ingresado tras sufrir un accidente en vehículo automotor. A la exploración física se encuentra con frecuencia cardiaca de 122/min, frecuencia respiratoria 23/min y presión arterial 110/58 mm/Hg con SatO2 88%. Tiene sangre que sale por la nariz y estridor al respirar. Su escala de coma de Glasgow es de 10 puntos",50.- Con respecto al trauma contuso ¿Cuál de las siguientes aseveraciones es falsa?,La exposición adecuada es esencial para no pasar por alto otras lesiones,Los mecanismos son directo o indirecto,"En trauma torácico contuso, las lesiones a órganos abdominales son infrecuentes",El trauma contuso de tórax se puede ser una causa de neumotórax simple,,"En trauma torácico contuso, las lesiones a órganos abdominales son infrecuentes",1
"Una mujer de 43 años se presenta al servicio de urgencias por 24 horas de evolución con dolor abdominal y vómito. El dolor tuvo inicio súbito, poco después de una cena abundante. Refiere distensión y vómito. Refiere evacuaciones normales y no tiene síntomas urinarios. A la exploración física se encuentra con fiebre (38ºC), y frecuencia cardiaca 118/min. No tiene ictericia. En el abdomen se encuentra con dolor en el cuadrante superior derecho el cual empeora a la palpación del hipocondrio derecho durante la inspiración. Se palpa una masa dolorosa en esta área. Sus estudios de laboratorio muestran Leu 17 x 109/L, AST 25 UI/dL, ALT 35 UI/dL, GGT 50 UI/dL, Bilirrubina 0.8 mg/dL. Amilasa y lipasa negativas.",51.- ¿Cuál es el diagnóstico más probable?,Colelitiasis,Colecistitis aguda,Coledocolitiasis,Colangitis aguda,Pancreatitis aguda,Colecistitis aguda,1
"Una mujer de 43 años se presenta al servicio de urgencias por 24 horas de evolución con dolor abdominal y vómito. El dolor tuvo inicio súbito, poco después de una cena abundante. Refiere distensión y vómito. Refiere evacuaciones normales y no tiene síntomas urinarios. A la exploración física se encuentra con fiebre (38ºC), y frecuencia cardiaca 118/min. No tiene ictericia. En el abdomen se encuentra con dolor en el cuadrante superior derecho el cual empeora a la palpación del hipocondrio derecho durante la inspiración. Se palpa una masa dolorosa en esta área. Sus estudios de laboratorio muestran Leu 17 x 109/L, AST 25 UI/dL, ALT 35 UI/dL, GGT 50 UI/dL, Bilirrubina 0.8 mg/dL. Amilasa y lipasa negativas.",52.- ¿Qué estudio complementario le pedirías a esta paciente?,Radiografía de abdomen,Ultrasonido de hígado y vía biliar,Resonancia magnética,Colangiografía retrógrada endoscópica,No se requieren de estudios de imagen,Ultrasonido de hígado y vía biliar,1
"Una mujer de 43 años se presenta al servicio de urgencias por 24 horas de evolución con dolor abdominal y vómito. El dolor tuvo inicio súbito, poco después de una cena abundante. Refiere distensión y vómito. Refiere evacuaciones normales y no tiene síntomas urinarios. A la exploración física se encuentra con fiebre (38ºC), y frecuencia cardiaca 118/min. No tiene ictericia. En el abdomen se encuentra con dolor en el cuadrante superior derecho el cual empeora a la palpación del hipocondrio derecho durante la inspiración. Se palpa una masa dolorosa en esta área. Sus estudios de laboratorio muestran Leu 17 x 109/L, AST 25 UI/dL, ALT 35 UI/dL, GGT 50 UI/dL, Bilirrubina 0.8 mg/dL. Amilasa y lipasa negativas.",53.- ¿Qué hallazgos de imagen esperas encontrar?,Engrosamiento de la pared vesicular,Litos móviles,Dilatación del colédoco,Líquido peripancreático,Abscesos pericolangíticos,Engrosamiento de la pared vesicular,1
"Una mujer de 43 años se presenta al servicio de urgencias por 24 horas de evolución con dolor abdominal y vómito. El dolor tuvo inicio súbito, poco después de una cena abundante. Refiere distensión y vómito. Refiere evacuaciones normales y no tiene síntomas urinarios. A la exploración física se encuentra con fiebre (38ºC), y frecuencia cardiaca 118/min. No tiene ictericia. En el abdomen se encuentra con dolor en el cuadrante superior derecho el cual empeora a la palpación del hipocondrio derecho durante la inspiración. Se palpa una masa dolorosa en esta área. Sus estudios de laboratorio muestran Leu 17 x 109/L, AST 25 UI/dL, ALT 35 UI/dL, GGT 50 UI/dL, Bilirrubina 0.8 mg/dL. Amilasa y lipasa negativas.",54.- ¿Qué riesgo tiene esta paciente de tener coledocolitiasis?,Bajo,Intermedio,Alto,Faltan datos clínicos para establecer el riesgo,,Bajo,1
"Una mujer de 43 años se presenta al servicio de urgencias por 24 horas de evolución con dolor abdominal y vómito. El dolor tuvo inicio súbito, poco después de una cena abundante. Refiere distensión y vómito. Refiere evacuaciones normales y no tiene síntomas urinarios. A la exploración física se encuentra con fiebre (38ºC), y frecuencia cardiaca 118/min. No tiene ictericia. En el abdomen se encuentra con dolor en el cuadrante superior derecho el cual empeora a la palpación del hipocondrio derecho durante la inspiración. Se palpa una masa dolorosa en esta área. Sus estudios de laboratorio muestran Leu 17 x 109/L, AST 25 UI/dL, ALT 35 UI/dL, GGT 50 UI/dL, Bilirrubina 0.8 mg/dL. Amilasa y lipasa negativas.",55.- ¿Cuál estudio de imagen tiene mayor precisión para el diagnóstico de coledocolitiasis?,Ultrasonido de hígado y vía biliar,Tomografía de abdomen y pelvis,Colangio resonancia magnética,Gammagrafía con ácido iminodiacético hepatobiliar,,Colangio resonancia magnética,1
"Una paciente previamente sana de 32 años acude a valoración por padecimiento de 18 meses de evolución con una masa palpable en la cara anterior del cuello. A la exploración física se encuentra una masa de 3 cm en el lóbulo tiroideo derecho. La masa es semi firme, no dolorosa a la palpación y móvil con la deglución. La paciente no tiene antecedentes de exposición a radiación ionizante o enfermedades tiroideas en la familia.",56.- ¿Cuál es el primer paso en el abordaje de esta paciente?,Medición de hormona estimulante de la tiroides,Tomografía de cabeza y cuello para descartar compromiso de la vía aérea,Biopsia por aspiración con aguja delgada,Hemitiroidectomía diagnóstica,,Medición de hormona estimulante de la tiroides,1
"Una paciente previamente sana de 32 años acude a valoración por padecimiento de 18 meses de evolución con una masa palpable en la cara anterior del cuello. A la exploración física se encuentra una masa de 3 cm en el lóbulo tiroideo derecho. La masa es semi firme, no dolorosa a la palpación y móvil con la deglución. La paciente no tiene antecedentes de exposición a radiación ionizante o enfermedades tiroideas en la familia.",57.- Respecto al cáncer de tiroides ¿Cuál es las siguientes aseveraciones es falsa?,El carcinoma papilar de tiroides es el más común,Se diagnostica en igual proporción hombres : mujeres,El carcinoma anaplásico es el más agresivo y el segundo en frecuencia,II y III,,II y III,1
"Una paciente previamente sana de 32 años acude a valoración por padecimiento de 18 meses de evolución con una masa palpable en la cara anterior del cuello. A la exploración física se encuentra una masa de 3 cm en el lóbulo tiroideo derecho. La masa es semi firme, no dolorosa a la palpación y móvil con la deglución. La paciente no tiene antecedentes de exposición a radiación ionizante o enfermedades tiroideas en la familia.",58.- ¿Cuál de las siguientes aseveraciones con respecto a la tiroglobulina es verdadera?,Se secreta únicamente por células cancerosas,Forma parte de las pruebas de función tiroidea,Es un marcador sensible para recurrencia de cáncer pobremente diferenciado de tiroides,Es un marcador sensible para recurrencia de cáncer diferenciado de tiroides,,Es un marcador sensible para recurrencia de cáncer diferenciado de tiroides,1
"Una paciente previamente sana de 32 años acude a valoración por padecimiento de 18 meses de evolución con una masa palpable en la cara anterior del cuello. A la exploración física se encuentra una masa de 3 cm en el lóbulo tiroideo derecho. La masa es semi firme, no dolorosa a la palpación y móvil con la deglución. La paciente no tiene antecedentes de exposición a radiación ionizante o enfermedades tiroideas en la familia.",59.- ¿Cuál es la forma más activa de hormona tiroidea?,T3,T4,TSH,T3 y T4,,T3,1
"Durante su mastografía de escrutinio, una mujer de 45 años fue encontrada con la siguiente imagen:",60.-¿Cuál es el siguiente paso en el manejo de esta paciente?,Ultrasonido complementario,"Tiene hallazgos benignos, seguimiento en uno a dos años",Biopsia con aguja de corte,Ganglio centinela,Lumpectomía,Biopsia con aguja de corte,1
"Durante su mastografía de escrutinio, una mujer de 45 años fue encontrada con la siguiente imagen:",61.- La evaluación de patología revela tejido mamario sin alteraciones. ¿Cuál es el siguiente paso en la evaluación de esta paciente?,Seguimiento con mastografía en uno a dos años,Biopsia excisional por discordancia radiológica-patológica,Examen genético para mutación germinal de BRCA1 y BRCA2,Continuar con exploración clínica anual,,Biopsia excisional por discordancia radiológica-patológica,1
"Durante su mastografía de escrutinio, una mujer de 45 años fue encontrada con la siguiente imagen:",62.- ¿Cuál de las siguientes es una contraindicación para cirugía conservadora de mama?,Tumor T1-T2,Carcinoma ductal in-situ,Carcinoma inflamatorio,Cáncer de mama diagnosticado en la semana 38 del embarazo,,Carcinoma inflamatorio,1
"Durante su mastografía de escrutinio, una mujer de 45 años fue encontrada con la siguiente imagen:",63.- La siguiente aseveración es falsa con respecto a la biopsia de ganglio centinela,Está indicada en todas las pacientes con ganglio axilar palpable,Es un procedimiento quirúrgico para estadificar la extensión linfática del cáncer de mama,Se puede identificar con una gamma sonda que detecta la radio actividad de los radiotrazadores utilizados.,Tiene menor morbilidad que una disección axilar,,Está indicada en todas las pacientes con ganglio axilar palpable,1
"Durante su mastografía de escrutinio, una mujer de 45 años fue encontrada con la siguiente imagen:","64.- El gen BRCA1 se asocia a las siguientes, excepto:",Riesgo incrementado de cáncer de mama en mujeres,Riesgo incrementado de cáncer de ovario,Riesgo incrementado de fibroadenomas,Riesgo incrementado de cáncer de mama en hombres,,Riesgo incrementado de fibroadenomas,1
Un hombre de 35 años acude a tu consulta por que está interesado en bajar de peso. Pesa 128 kg y mide 1.72 mts. Tiene DMII y no puede hacer ejercicio porque padece de osteoartrosis de ambas rodillas.,65.- ¿Cuál de las siguientes define obesidad mórbida?,IMC mayor a 35kg/m2 con una comorbilidad,IMC mayor a 40 kg/m2,IMC mayor a 45 kg/m2,IMC mayor a 50 kg/m2,,IMC mayor a 40 kg/m2,1
Un hombre de 35 años acude a tu consulta por que está interesado en bajar de peso. Pesa 128 kg y mide 1.72 mts. Tiene DMII y no puede hacer ejercicio porque padece de osteoartrosis de ambas rodillas.,66.- ¿Qué tipo de procedimiento es el bypass gástrico en Y de Roux?,Restrictivo,Malabsortivo,"Mixto, combinación de restrictivo y malabsortivo",Usa una banda protésica,,"Mixto, combinación de restrictivo y malabsortivo",1
Un hombre de 35 años acude a tu consulta por que está interesado en bajar de peso. Pesa 128 kg y mide 1.72 mts. Tiene DMII y no puede hacer ejercicio porque padece de osteoartrosis de ambas rodillas.,"67.-Las siguientes son complicaciones de un bypass gástrico en Y de Roux, excepto:",Hernia interna,Incremento de la presión del esfínter esofágico inferior,TVP/TEF,Fuga de anastomosis,,Incremento de la presión del esfínter esofágico inferior,1
Un hombre de 35 años acude a tu consulta por que está interesado en bajar de peso. Pesa 128 kg y mide 1.72 mts. Tiene DMII y no puede hacer ejercicio porque padece de osteoartrosis de ambas rodillas.,"68.- Después de haber sido tratado con un bypass gástrico en Y de Roux, el paciente tiene riesgo de desarrollar las siguientes condiciones, excepto:",Anemia perniciosa,Anemia por deficiencia de hierro,Deficiencia de vitaminas liposolubles,Estreñimiento crónico por la absorción aumentada de líquidos en el colon,,Estreñimiento crónico por la absorción aumentada de líquidos en el colon,1
Un hombre de 35 años acude a tu consulta por que está interesado en bajar de peso. Pesa 128 kg y mide 1.72 mts. Tiene DMII y no puede hacer ejercicio porque padece de osteoartrosis de ambas rodillas.,69.- La siguiente es una de las causas de mortalidad asociada a cirugía bariátrica:,Tromboembolia pulmonar,Desnutrición crónica,Trastornos hidroelectrolíticos,Hernias post incisionales complicadas,,Tromboembolia pulmonar,1
Un paciente de 16 años acude al servicio de urgencias por dolor agudo en el testículo derecho. El dolor lo despertó mientras dormía y ha sido constante durante las últimas 3 horas. Ha vomitado en una ocasión. No ha iniciado vida sexual.,70.- ¿Cuál es el diagnóstico más probable?,Orquiepididimitis,Tumor testicular,Torsión testicular,Hernia inguino-escrotal,,Torsión testicular,1
Un paciente de 16 años acude al servicio de urgencias por dolor agudo en el testículo derecho. El dolor lo despertó mientras dormía y ha sido constante durante las últimas 3 horas. Ha vomitado en una ocasión. No ha iniciado vida sexual.,71.- ¿Qué estudio de imagen solicitarías en este paciente?,Ultrasonido testicular con doppler,TAC de pelvis,RMN genitourinaria,Urografía excretora,,Ultrasonido testicular con doppler,1
Un paciente de 16 años acude al servicio de urgencias por dolor agudo en el testículo derecho. El dolor lo despertó mientras dormía y ha sido constante durante las últimas 3 horas. Ha vomitado en una ocasión. No ha iniciado vida sexual.,72.- ¿Qué manejo recomendarías de manera?,Destorsión manual en el servicio de urgencias and orquidopexia,Tratamiento antibiótico para gonococo y clamidia,Orquiectomia radical trans inguinal,Destorsión manual en el servicio de urgencias y re evaluación clínica,,Destorsión manual en el servicio de urgencias y orquidopexia,1
Un paciente de 16 años acude al servicio de urgencias por dolor agudo en el testículo derecho. El dolor lo despertó mientras dormía y ha sido constante durante las últimas 3 horas. Ha vomitado en una ocasión. No ha iniciado vida sexual.,73.- La complicación mas importante en estos cuadros es la siguiente:,Formación de abscesos,Metástasis a distancia,Isquemia testicular,Oclusión intestinal,,Isquemia testicular,1
Un paciente de 16 años acude al servicio de urgencias por dolor agudo en el testículo derecho. El dolor lo despertó mientras dormía y ha sido constante durante las últimas 3 horas. Ha vomitado en una ocasión. No ha iniciado vida sexual.,74.- El signo de Prehn se interpreta de la siguiente manera:,Elevación del testículo con resolución del dolor. Indica posible orquiepididimitis,Punto azul en la porción superior del escroto indicando sitio de torsión de apéndice testicular,Aumento de dolor al elevar el testículo.,Estimulación del reflejo cremastérico al tacto fino de la cara interna del muslo,,Elevación del testículo con resolución del dolor. Indica posible orquiepididimitis,1