Contexto / Caso Clínico,Pregunta,Opción A,Opción B,Opción C,Opción D,Opción E,Respuesta Correcta,,,
"Paciente de 32 años que acude al servicio de urgencias, primípara, cuenta con un embarazo de 38 semanas de gestación. Sin antecedentes de importancia. A la exploración física: peso 50 kg, talla 1.55 mts, útero de 32 cm con producto único vivo, longitudinal, cefálico, dorso a la izquierda. Con frecuencia cardiaca fetal de 145 lpm. A la exploración física se realiza tacto vaginal con cérvix central, consistencia intermedia, con 2 cm de dilatación borramiento 30%. Producto en estación 0 de Lee. Extremidades íntegras, simétricas con buen llenado capilar distal.",Maniobra de Leopold que utilizas para determinal la parte fetal que se encuentra en el fondo uterino,Primera,Segunda,Tercera,Cuarta,,Primera,,,
"Paciente de 32 años que acude al servicio de urgencias, primípara, cuenta con un embarazo de 38 semanas de gestación. Sin antecedentes de importancia. A la exploración física: peso 50 kg, talla 1.55 mts, útero de 32 cm con producto único vivo, longitudinal, cefálico, dorso a la izquierda. Con frecuencia cardiaca fetal de 145 lpm. A la exploración física se realiza tacto vaginal con cérvix central, consistencia intermedia, con 2 cm de dilatación borramiento 30%. Producto en estación 0 de Lee. Extremidades íntegras, simétricas con buen llenado capilar distal.",Mediante esta maniobra de Leopold estimamos el diagnóstico de posición y situación fetal,Primera,Segunda,Tercera,Cuarta,,Segunda,,,
"Paciente de 32 años que acude al servicio de urgencias, primípara, cuenta con un embarazo de 38 semanas de gestación. Sin antecedentes de importancia. A la exploración física: peso 50 kg, talla 1.55 mts, útero de 32 cm con producto único vivo, longitudinal, cefálico, dorso a la izquierda. Con frecuencia cardiaca fetal de 145 lpm. A la exploración física se realiza tacto vaginal con cérvix central, consistencia intermedia, con 2 cm de dilatación borramiento 30%. Producto en estación 0 de Lee. Extremidades íntegras, simétricas con buen llenado capilar distal.",Según la escala de Bishop para esta paciente qué puntaje le otorgarías:,4,3,5,6,,6,,,
"Paciente de 32 años que acude al servicio de urgencias, primípara, cuenta con un embarazo de 38 semanas de gestación. Sin antecedentes de importancia. A la exploración física: peso 50 kg, talla 1.55 mts, útero de 32 cm con producto único vivo, longitudinal, cefálico, dorso a la izquierda. Con frecuencia cardiaca fetal de 145 lpm. A la exploración física se realiza tacto vaginal con cérvix central, consistencia intermedia, con 2 cm de dilatación borramiento 30%. Producto en estación 0 de Lee. Extremidades íntegras, simétricas con buen llenado capilar distal.",La paciente se encuentra en:,Fase latente de trabajo de parto,Fase activa del trabajo de parto,Segundo periodo del trabajo de parto,Tercer periodo del trabajo de parto,,Fase latente de trabajo de parto,,,
"Se atiende el trabajo de parto sin complicaciones ni dificultades y al presentase la tercera etapa se forma un hematoma retroplacentario, siendo expulsada la placenta en su cara fetal",Mecanismo o maniobra que describe esta expulsión placentaria:,Maniobra de Credé,Maniobra de Brandt- Andrews,Maniobra de Dublin,Mecanismo de Shultze,,Mecanismo de Shultze,,,
"Paciente femenina de 33 años de edad G2P2, Acude a consulta de control prenatal, con prueba de embarazo positivo. Se calcula una edad gestacional por amenorrea de 10 semanas. Refiere haber presentado sangrado transvaginal escaso hace una semana. El ultrasonido muestra embrión sin vitalidad, la paciente refiere malestar general, y fiebre no cuantificada hace 2 días en su hogar. A la Exploración física: consciente, tranquila, cooperadora, adecuada coloración de tegumentos, mucosas bien hidratadas, cabeza y cuello sin alteraciones precordio rítmico dinámico, abdomen blando, depresible ligeramente doloroso a la palpación profunda en fosa iliaca derecha. Genitales de acuerdo al sexo, tacto vaginal cérvix cerrado, formado sin modificaciones. Extremidades integras simétricas con buen llenado capilar distal. Peso 60 kg, talla 1.50, TA 100/60 mmHg, FC80, FR. 20, Temp 38.7°C.",Diagnóstico más probable:,Aborto diferido,Aborto incompleto,Aborto inevitable,Aborto completo,,Aborto diferido,,,
"Paciente femenina de 33 años de edad G2P2, Acude a consulta de control prenatal, con prueba de embarazo positivo. Se calcula una edad gestacional por amenorrea de 10 semanas. Refiere haber presentado sangrado transvaginal escaso hace una semana. El ultrasonido muestra embrión sin vitalidad, la paciente refiere malestar general, y fiebre no cuantificada hace 2 días en su hogar. A la Exploración física: consciente, tranquila, cooperadora, adecuada coloración de tegumentos, mucosas bien hidratadas, cabeza y cuello sin alteraciones precordio rítmico dinámico, abdomen blando, depresible ligeramente doloroso a la palpación profunda en fosa iliaca derecha. Genitales de acuerdo al sexo, tacto vaginal cérvix cerrado, formado sin modificaciones. Extremidades integras simétricas con buen llenado capilar distal. Peso 60 kg, talla 1.50, TA 100/60 mmHg, FC80, FR. 20, Temp 38.7°C.",El manejo inicial que requiere esta paciente es:,Legrado uterino instrumentado,Aspiración endouterina,Profilaxis antibiótica,Destrucción mecánica y evacuación,,Profilaxis antibiótica,,,
"Paciente femenina de 33 años de edad G2P2, Acude a consulta de control prenatal, con prueba de embarazo positivo. Se calcula una edad gestacional por amenorrea de 10 semanas. Refiere haber presentado sangrado transvaginal escaso hace una semana. El ultrasonido muestra embrión sin vitalidad, la paciente refiere malestar general, y fiebre no cuantificada hace 2 días en su hogar. A la Exploración física: consciente, tranquila, cooperadora, adecuada coloración de tegumentos, mucosas bien hidratadas, cabeza y cuello sin alteraciones precordio rítmico dinámico, abdomen blando, depresible ligeramente doloroso a la palpación profunda en fosa iliaca derecha. Genitales de acuerdo al sexo, tacto vaginal cérvix cerrado, formado sin modificaciones. Extremidades integras simétricas con buen llenado capilar distal. Peso 60 kg, talla 1.50, TA 100/60 mmHg, FC80, FR. 20, Temp 38.7°C.","De acuerdo a las semanas calculadas de gestación, ¿cuál es el tratamiento más adecuado?",AMEU,LUI,Prostaglandinas,Destrucción mecánica y evacuación,,AMEU,,,
"Paciente femenina de 33 años de edad G2P2, Acude a consulta de control prenatal, con prueba de embarazo positivo. Se calcula una edad gestacional por amenorrea de 10 semanas. Refiere haber presentado sangrado transvaginal escaso hace una semana. El ultrasonido muestra embrión sin vitalidad, la paciente refiere malestar general, y fiebre no cuantificada hace 2 días en su hogar. A la Exploración física: consciente, tranquila, cooperadora, adecuada coloración de tegumentos, mucosas bien hidratadas, cabeza y cuello sin alteraciones precordio rítmico dinámico, abdomen blando, depresible ligeramente doloroso a la palpación profunda en fosa iliaca derecha. Genitales de acuerdo al sexo, tacto vaginal cérvix cerrado, formado sin modificaciones. Extremidades integras simétricas con buen llenado capilar distal. Peso 60 kg, talla 1.50, TA 100/60 mmHg, FC80, FR. 20, Temp 38.7°C.",El mejor método anticonceptivo que le ofrecerías a esta paciente es:,Hormonales combinados orales,Implante subdérmico,Dispositivo intrauterino de Levonorgestrel,Dispositivo intrauterino de cobre,,Implante subdérmico,,,
"Al revisar el reporte de patología te mencionan lo siguiente: Contenido heterogéneo con cariotipo 46XX, con presencia de embrión, así como placenta.",Diagnóstico de sospecha:,Mola Completa,Mola parcial,Coriocarcinoma,Tumor del sitio placentario,,Mola parcial,,,
"Paciente femenino de 24 años de edad que acude a urgencias por presentar PIE positiva (>40,000UI/L) además de presentar metrorragia desde hace 3 semanas, náusea y vómito (más de 8 ocasiones al día). Hace una semana presenta cefalea y reporta una cifra de tensión arterial de 146/96. A la EF consciente, tranquila, cooperadora, adecuada coloración de tegumentos, mucosas bien hidratadas, cabeza y cuello sin alteraciones ojos con ligera proptosis. Abdomen blando depresible no doloroso, genitales de acuerdo al sexo y a la edad de la paciente. Extremidades integras simétricas con buen llenado capilar distal.",De acuerdo a la clínica presentada por la paciente ¿Cuál sería tu sospecha diagnóstica?,Embarazo ectópico,Enfermedad trofoblástica gestacional,Amenaza de aborto,Aborto inevitable,,Enfermedad trofoblástica gestacional,,,
"Paciente femenino de 24 años de edad que acude a urgencias por presentar PIE positiva (>40,000UI/L) además de presentar metrorragia desde hace 3 semanas, náusea y vómito (más de 8 ocasiones al día). Hace una semana presenta cefalea y reporta una cifra de tensión arterial de 146/96. A la EF consciente, tranquila, cooperadora, adecuada coloración de tegumentos, mucosas bien hidratadas, cabeza y cuello sin alteraciones ojos con ligera proptosis. Abdomen blando depresible no doloroso, genitales de acuerdo al sexo y a la edad de la paciente. Extremidades integras simétricas con buen llenado capilar distal.",¿Cuál seria el estudio de primera elección?,TAC Abdomino pélvica,Radiografía de abdomen,Resonancia Magnética,USG transvaginal,,USG transvaginal,,,
"Paciente femenino de 24 años de edad que acude a urgencias por presentar PIE positiva (>40,000UI/L) además de presentar metrorragia desde hace 3 semanas, náusea y vómito (más de 8 ocasiones al día). Hace una semana presenta cefalea y reporta una cifra de tensión arterial de 146/96. A la EF consciente, tranquila, cooperadora, adecuada coloración de tegumentos, mucosas bien hidratadas, cabeza y cuello sin alteraciones ojos con ligera proptosis. Abdomen blando depresible no doloroso, genitales de acuerdo al sexo y a la edad de la paciente. Extremidades integras simétricas con buen llenado capilar distal.",De acuerdo al diagnóstico ¿Cuál sería el tratamiento de primera elección para esta paciente?,Legrado Uterino Instrumentado,Prostaglandinas,Metrotexato,Aspiración manual endouterina,,Aspiración manual endouterina,,,
"Paciente femenino de 24 años de edad que acude a urgencias por presentar PIE positiva (>40,000UI/L) además de presentar metrorragia desde hace 3 semanas, náusea y vómito (más de 8 ocasiones al día). Hace una semana presenta cefalea y reporta una cifra de tensión arterial de 146/96. A la EF consciente, tranquila, cooperadora, adecuada coloración de tegumentos, mucosas bien hidratadas, cabeza y cuello sin alteraciones ojos con ligera proptosis. Abdomen blando depresible no doloroso, genitales de acuerdo al sexo y a la edad de la paciente. Extremidades integras simétricas con buen llenado capilar distal.",Como llevarías acabo el seguimiento de la paciente,Determinación de hCG sérica semanal hasta su negativización y posteriormente mensual hasta los 6 meses pos evacuación,Determinación de hCG sérica cada mes hasta su negativización y posteriormente mensual hasta los 6 meses pos evacuación,Determinación de hCG sérica cada 2 meses hasta su negativización y posteriomrnete mensaul hasta los 8 meses pos evacuación,Determinación de hcg semanal hasta su negativización y posteriormente cada 2 meses hasta los 6 meses,,Determinación de hCG sérica semanal hasta su negativización y posteriormente mensual hasta los 6 meses pos evacuación,,,
"Paciente femenino de 24 años de edad que acude a urgencias por presentar PIE positiva (>40,000UI/L) además de presentar metrorragia desde hace 3 semanas, náusea y vómito (más de 8 ocasiones al día). Hace una semana presenta cefalea y reporta una cifra de tensión arterial de 146/96. A la EF consciente, tranquila, cooperadora, adecuada coloración de tegumentos, mucosas bien hidratadas, cabeza y cuello sin alteraciones ojos con ligera proptosis. Abdomen blando depresible no doloroso, genitales de acuerdo al sexo y a la edad de la paciente. Extremidades integras simétricas con buen llenado capilar distal.",Para buscar metástasis solicitarias:,TAC de Cráneo,TAC de tórax,Resonancia magnética de tórax,Radiografía de tórax,,Radiografía de tórax,,,
"Femenino de 33 años, G1, con embarazo único, logrado de forma espontánea, quien cursa con 38 semanas por FUM. A la cual se le diagnosticó preeclampsia sin criterios de severidad a las 35 semanas, tratada con nifedipino 10mg cada 8 horas, manteniendo la TA en 140/90-130-90. La cual presenta súbitamente un sangrado transvaginal, profuso, acompañado de actividad uterina. Por lo que se le programa de manera urgente para una cesárea por un probable desprendimiento prematuro de placenta normo-inserta.",¿Cuál es el sangrado mínimo estimado para considerar una hemorragia obstétrica en este caso?,200ml,500ml,700ml,1000ml,,1000ml,,,
"Femenino de 33 años, G1, con embarazo único, logrado de forma espontánea, quien cursa con 38 semanas por FUM. A la cual se le diagnosticó preeclampsia sin criterios de severidad a las 35 semanas, tratada con nifedipino 10mg cada 8 horas, manteniendo la TA en 140/90-130-90. La cual presenta súbitamente un sangrado transvaginal, profuso, acompañado de actividad uterina. Por lo que se le programa de manera urgente para una cesárea por un probable desprendimiento prematuro de placenta normo-inserta.",¿Cuál era el factor de riesgo más importante que tenia esta paciente?,Nuligesta,Hipertiroidismo,Preeclampsia,Edad,,Preeclampsia,,,
"Femenino de 33 años, G1, con embarazo único, logrado de forma espontánea, quien cursa con 38 semanas por FUM. A la cual se le diagnosticó preeclampsia sin criterios de severidad a las 35 semanas, tratada con nifedipino 10mg cada 8 horas, manteniendo la TA en 140/90-130-90. La cual presenta súbitamente un sangrado transvaginal, profuso, acompañado de actividad uterina. Por lo que se le programa de manera urgente para una cesárea por un probable desprendimiento prematuro de placenta normo-inserta.",¿Cuál es el fármaco que esta contraindicado para tratar esta patología?,Misoprostol,Gluconato de calcio,Carbetocina,Ergometrina,,Ergometrina,,,
"Femenino de 33 años, G1, con embarazo único, logrado de forma espontánea, quien cursa con 38 semanas por FUM. A la cual se le diagnosticó preeclampsia sin criterios de severidad a las 35 semanas, tratada con nifedipino 10mg cada 8 horas, manteniendo la TA en 140/90-130-90. La cual presenta súbitamente un sangrado transvaginal, profuso, acompañado de actividad uterina. Por lo que se le programa de manera urgente para una cesárea por un probable desprendimiento prematuro de placenta normo-inserta.",¿A qué grupo de medicamento pertenece este fármaco?,Prostanglandina E1,Bloqueador de canales de calcio,Agonista de la oxitocina,Derivado del cornezuelo del centeno,,Derivado del cornezuelo del centeno,,,
"Femenino de 37 años, Gesta 6, Partos 5, con embarazo único, espontáneo, quien cursa con 40 semanas por FUM. Con mal control prenatal (1 consulta en su Centro de Salud). La cual inicia con actividad uterina regular dolorosa y 2 horas más tarde se obtiene un masculino de 4000g con Apgar 8/9, con los siguientes hallazgos; placenta íntegra, cordón con tres vasos y abundante líquido amniótico.",¿Cuál es el sangrado mínimo estimado para considera hemorragia obstétrica en este caso?,200ml,500ml,700ml,1000ml,,500ml,,,
"Femenino de 37 años, Gesta 6, Partos 5, con embarazo único, espontáneo, quien cursa con 40 semanas por FUM. Con mal control prenatal (1 consulta en su Centro de Salud). La cual inicia con actividad uterina regular dolorosa and 2 horas más tarde se obtiene un masculino de 4000g con Apgar 8/9, con los siguientes hallazgos; placenta íntegra, cordón con tres vasos y abundante líquido amniótico.",¿Cuál de las siguientes conductas podría disminuir el riesgo de hemorragia obstétrica?,El uso de Fórceps,La episiotomía,Manejo activo del tercer periodo del trabajo de parto,El uso de un extractor,,Manejo activo del tercer periodo del trabajo de parto,,,
"Femenino de 37 años, Gesta 6, Partos 5, con embarazo único, espontáneo, quien cursa con 40 semanas por FUM. Con mal control prenatal (1 consulta en su Centro de Salud). La cual inicia con actividad uterina regular dolorosa y 2 horas más tarde se obtiene un masculino de 4000g con Apgar 8/9, con los siguientes hallazgos; placenta íntegra, cordón con tres vasos y abundante líquido amniótico.",¿Cuál de los siguientes fármacos es un agonista de la oxitocina?,Misoprostol,Nifedipino,Carbetocina,Ergometrina,,Carbetocina,,,
"Femenino de 37 años, Gesta 6, Partos 5, con embarazo único, espontáneo, quien cursa con 40 semanas por FUM. Con mal control prenatal (1 consulta en su Centro de Salud). La cual inicia con actividad uterina regular dolorosa y 2 horas más tarde se obtiene un masculino de 4000g con Apgar 8/9, con los siguientes hallazgos; placenta íntegra, cordón con tres vasos y abundante líquido amniótico.",¿Cuál de los siguientes síndromes puede ser una complicación de la hemorragia obstétrica?,Asherman,Shehann,Cushing,Adison,,Shehann,,,
"Femenino de 19 años, sin comorbilidades o antecedentes de importancia. Antecedentes gineco-obstétricos; Menrca 12 años, ciclos regulares de 28x4 días, eumenorreicos. Niega uso de anticonceptivos. Gesta 1, amenorrea de 10 semanas por FUM. Acude para poder llevar su control prenatal.",Según la NOM ¿Cuándo tiene que tener la primera consulta para control prenatal?,Antes de las 12 semanas,Antes de las 15 semanas,Antes de las 18 semanas,Antes de las 20 semanas,,Antes de las 12 semanas,,,
"Femenino de 19 años, sin comorbilidades o antecedentes de importancia. Antecedentes gineco-obstétricos; Menrca 12 años, ciclos regulares de 28x4 días, eumenorreicos. Niega uso de anticonceptivos. Gesta 1, amenorrea de 10 semanas por FUM. Acude para poder llevar su control prenatal.",¿Cuál de los siguientes estudios no deberá realizarse en esta paciente en la primera consulta?,Grupo y Rh,VDRL,Examen general de orina,Búsqueda de estreptococo del grupo B,,Búsqueda de estreptococo del grupo B,,,
"Femenino de 19 años, sin comorbilidades o antecedentes de importancia. Antecedentes gineco-obstétricos; Menrca 12 años, ciclos regulares de 28x4 días, eumenorreicos. Niega uso de anticonceptivos. Gesta 1, amenorrea de 10 semanas por FUM. Acude para poder llevar su control prenatal.",¿Cuál de los siguientes estudios deberá de realizarse en la semana 24-28?,Grupo y Rh,VDRL,Curva de tolerancia a la glucosa,Búsqueda de estreptococo del grupo B,,Curva de tolerancia a la glucosa,,,
"Femenino de 19 años, sin comorbilidades o antecedentes de importancia. Antecedentes gineco-obstétricos; Menrca 12 años, ciclos regulares de 28x4 días, eumenorreicos. Niega uso de anticonceptivos. Gesta 1, amenorrea de 10 semanas por FUM. Acude para poder llevar su control prenatal.",¿Cuál de los siguientes estudios deberá de realizarse en la semana 35?,Grupo y Rh,VDRL,Curva de tolerancia a la glucosa,Búsqueda de estreptococo del grupo B,,Búsqueda de estreptococo del grupo B,,,
"Acude a consulta un masculino de 48 años, acompañado de su pareja de 45 años, la cual no tiene comorbilidades. Con los siguientes antecedentes gineco-obstétricos de importancia; Menarca a los 12 años, Ritmo de 28x4 días. Sin método de anticoncepción. Gesta 2, Aborto 1 (Hace 8 meses, a las 9 semanas de amenorrea, al cual se le realizó un estudio genético el cual reportó trisomía 21). Acude con amenorrea confiable de 8 semanas, para poder llevar su control prenatal. Están preocupados por el antecedente del aborto y la aneuploidía.",¿Cuál es factor de riesgo más importante que tiene este paciente para tener un feto con aneuploidía?,El antecedente de feto con aneuploidía,La edad materna,La edad paterna,El uso de isotretinoina,,La edad materna,,,
"Acude a consulta un masculino de 48 años, acompañado de su pareja de 45 años, la cual no tiene comorbilidades. Con los siguientes antecedentes gineco-obstétricos de importancia; Menarca a los 12 años, Ritmo de 28x4 días. Sin método de anticoncepción. Gesta 2, Aborto 1 (Hace 8 meses, a las 9 semanas de amenorrea, al cual se le realizó un estudio genético el cual reportó trisomía 21). Acude con amenorrea confiable de 8 semanas, para poder llevar su control prenatal. Están preocupados por el antecedente del aborto y la aneuploidía.",¿Cuál es mejor método de tamizaje para aneuploidías en el primer trimestre?,Translucencia nucal,Dúo Test,Estudio combinado,Triple marcador,,Estudio combinado,,,
"Acude a consulta un masculino de 48 años, acompañado de su pareja de 45 años, la cual no tiene comorbilidades. Con los siguientes antecedentes gineco-obstétricos de importancia; Menarca a los 12 años, Ritmo de 28x4 días. Sin método de anticoncepción. Gesta 2, Aborto 1 (Hace 8 meses, a las 9 semanas de amenorrea, al cual se le realizó un estudio genético el cual reportó trisomía 21). Acude con amenorrea confiable de 8 semanas, para poder llevar su control prenatal. Están preocupados por el antecedente del aborto y la aneuploidía.",¿Cuáles son los marcadores séricos que deberá incluir este estudio?,hGC y AFP,hGC y PAP-A,"hGC, PAP-A y estriol","hGC, PAP-A y estradiol",,hGC y PAP-A,,,
"Acude a consulta un masculino de 48 años, acompañado de su pareja de 45 años, la cual no tiene comorbilidades. Con los siguientes antecedentes gineco-obstétricos de importancia; Menarca a los 12 años, Ritmo de 28x4 días. Sin método de anticoncepción. Gesta 2, Aborto 1 (Hace 8 meses, a las 9 semanas de amenorrea, al cual se le realizó un estudio genético el cual reportó trisomía 21). Acude con amenorrea confiable de 8 semanas, para poder llevar su control prenatal. Están preocupados por el antecedente del aborto y la aneuploidía.",¿Cómo se encontrarán los valores en un paciente con sospecha de síndrome de Down?,hGC baja y PAP-A baja,hGC baja y PAP-A elevada,hGC alta y PAP-A baja,hGC alta y PAP-A alta,,hGC alta y PAP-A baja,,,
"Femenino de 35 años sin comorbilidades o antecedentes de importancia. Con los siguientes antecedentes gineco-obstétricos de importancia; Menarca 12 años, ritmo de 28x3 días eumenorreica, Gesta 2, Cesárea 1. Fecha de última cesárea hace 2 años, por preclampsia con criterios de severidad ( al as 38 semanas). Actualmente cursa un embarazo único espontáneo, con una amenorrea confiable de 37 semanas, con adecuado control prenatal, el cual ha sido normo evolutivo. Acude refiriendo cefalea occipital, de inicio súbito (la más intensa que ha tenido en su vida), acompañada de acufenos y fosfenos. Así como disminución de los movimientos fetales. A la exploración física se encuentra con TA 150/100mmHg, con edema +++/+++, hiperrefléxica.","¿Cuál de los siguientes datos fue utilizado, para clasificarlo como una preclamspia severa (con criterios de severidad)?",La hipomotilidad fetal,La hiperreflexia,El edema,La cefalea,,La cefalea,,,
"Femenino de 35 años sin comorbilidades o antecedentes de importancia. Con los siguientes antecedentes gineco-obstétricos de importancia; Menarca 12 años, ritmo de 28x3 días eumenorreica, Gesta 2, Cesárea 1. Fecha de última cesárea hace 2 años, por preclampsia con criterios de severidad ( al as 38 semanas). Currently cursa un embarazo único espontáneo, con una amenorrea confiable de 37 semanas, con adecuado control prenatal, el cual ha sido normo evolutivo. Acude refiriendo cefalea occipital, de inicio súbito (la más intensa que ha tenido en su vida), acompañada de acufenos y fosfenos. Así como disminución de los movimientos fetales. A la exploración física se encuentra con TA 150/100mmHg, con edema +++/+++, hiperrefléxica.",¿Qué medicamento es utilizado como neuroprotector?,Nifedipino,Gluconato de calcio,Sulfato de magnesio,Dexametasona,,Sulfato de magnesio,,,
"Femenino de 35 años sin comorbilidades o antecedentes de importancia. Con los siguientes antecedentes gineco-obstétricos de importancia; Menarca 12 años, ritmo de 28x3 días eumenorreica, Gesta 2, Cesárea 1. Fecha de última cesárea hace 2 años, por preclampsia con criterios de severidad ( al as 38 semanas). Actualmente cursa un embarazo único espontáneo, con una amenorrea confiable de 37 semanas, con adecuado control prenatal, el cual ha sido normo evolutivo. Acude refiriendo cefalea occipital, de inicio súbito (la más intensa que ha tenido en su vida), acompañada de acufenos y fosfenos. Así como disminución de los movimientos fetales. A la exploración física se encuentra con TA 150/100mmHg, con edema +++/+++, hiperrefléxica.",Una vez que se interrumpe el embarazo ¿Cuánto tiempo debe utilizarse este medicamento durante el puerperio?,6 horas,12 horas,24 horas,32 horas,,24 horas,,,
"Femenino de 35 años sin comorbilidades o antecedentes de importancia. Con los siguientes antecedentes gineco-obstétricos de importancia; Menarca 12 años, ritmo de 28x3 días eumenorreica, Gesta 2, Cesárea 1. Fecha de última cesárea hace 2 años, por preclampsia con criterios de severidad ( al as 38 semanas). Actualmente cursa un embarazo único espontáneo, con una amenorrea confiable de 37 semanas, con adecuado control prenatal, el cual ha sido normo evolutivo. Acude refiriendo cefalea occipital, de inicio súbito (la más intensa que ha tenido en su vida), acompañada de acufenos and fosfenos. Así como disminución de los movimientos fetales. A la exploración física se encuentra con TA 150/100mmHg, con edema +++/+++, hiperrefléxica.",¿Cuál es tratamiento de elección ante una intoxicación con este medicamento?,Nifedipino,Gluconato de calcio,Betametasona,Dexametasona,,Gluconato de calcio,,,
"Femenino de 41 años sin comorbilidades o antecedentes de importancia. Con los siguientes antecedentes gineco-obstétricos de importancia; Menarca 12 años, ritmo de 28x3 días eumenorreica, Gesta 1. Actualmente cursa un embarazo único espontáneo, con una amenorrea confiable de 38 semanas, con adecuado control prenatal, el cual ha sido normoevolutivo. Acude refiriendo epigastralgia, de inicio súbito y edema en todas las extremidades. Al interrogatorio dirigido menciona disminución de los movimientos fetales. A la exploración física se encuentra con TA 150/100mmHg, epigastralgia severa, edema +++/+++ e hiperrefléxia +++/+++.","¿Cuál de los siguientes datos, fue utilizado como criterio para clasificarla en una preclampsia?",La hipomotilidad fetal,La hiperreflexia,El edema,La epigastralgia,,La epigastralgia,,,
"Femenino de 41 años sin comorbilidades o antecedentes de importancia. Con los siguientes antecedentes gineco-obstétricos de importancia; Menarca 12 años, ritmo de 28x3 días eumenorreica, Gesta 1. Actualmente cursa un embarazo único espontáneo, con una amenorrea confiable de 38 semanas, con adecuado control prenatal, el cual ha sido normoevolutivo. Acude refiriendo epigastralgia, de inicio súbito y edema en todas las extremidades. Al interrogatorio dirigido menciona disminución de los movimientos fetales. A la exploración física se encuentra con TA 150/100mmHg, epigastralgia severa, edema +++/+++ e hiperrefléxia +++/+++.",¿Cuál es tratamiento definitivo para esta patología?,Histerectomía obstétrica,Nifedipino,Interrupción del embarazo,Alfametildopa,,Interrupción del embarazo,,,
"Acude a consulta femenino de 27 años, sin comorbilidades. Con los siguientes antecedentes gineco-obstétricos de importancia; Menarca a los 12 años, Ritmo de 28x4 días. Sin método de anticoncepción. Gesta 1. Con amenorrea confiable de 10 semanas, para poder llevar su control prenatal. A la exploración física tiene un IMC de 20 kg/m2",¿En que momento debe realizarse el tamizaje para diabetes gestacional en esta paciente?,11-14 semanas,16-18 semanas,18-23 semanas,24-28 semanas,,24-28 semanas,,,
"Acude a consulta femenino de 27 años, sin comorbilidades. Con los siguientes antecedentes gineco-obstétricos de importancia; Menarca a los 12 años, Ritmo de 28x4 días. Sin método de anticoncepción. Gesta 1. Con amenorrea confiable de 10 semanas, para poder llevar su control prenatal. A la exploración física tiene un IMC de 20 kg/m2",¿Cómo debe realizarse este tamizaje?,50 g de glucosa y toma de niveles de glucosa a la hora,50 g de glucosa y toma de niveles de glucosa a las dos horas,100 g de glucosa y toma de niveles de glucosa a la hora,100 g de glucosa y toma de niveles de glucosa a las dos horas,,50 g de glucosa y toma de niveles de glucosa a la hora,,,
"Acude a consulta femenino de 27 años, sin comorbilidades. Con los siguientes antecedentes gineco-obstétricos de importancia; Menarca a los 12 años, Ritmo de 28x4 días. Sin método de anticoncepción. Gesta 1. Con amenorrea confiable de 10 semanas, para poder llevar su control prenatal. A la exploración física tiene un IMC de 20 kg/m2",¿Cuál de las siguientes es una complicación de la diabetes gestacional?,Abortos,Aneuploidías,Postérmino,Macrosomía,,Macrosomía,,,
"Acude a consulta femenino de 27 años, sin comorbilidades. Con los siguientes antecedentes gineco-obstétricos de importancia; Menarca a los 12 años, Ritmo de 28x4 días. Sin método de anticoncepción. Gesta 1. Con amenorrea confiable de 10 semanas, para poder llevar su control prenatal. A la exploración física tiene un IMC de 20 kg/m2",¿Cuál es la primera conducta terapéutica en la paciente con diabetes gestacional?,Dieta y ejercicio,Metformina,Glibenclamida,Insulina,,Dieta y ejercicio,,,
"Femenino de 36 años, con ambiente de madre y hermana con diabetes mellitus tipo 2. A ella le diagnosticaron SOP a los 20 años, (hiperandrogenismo y ultrasonido) actualmente sin tratamiento. Tiene los siguientes antecedentes gineco-obstétricos de importancia; Menarca a los 11 años, Ritmo de 30x5 días. Sin método de anticoncepción. Gesta 1. Con amenorrea confiable de 12 semanas. Acude para poder llevar su control prenatal. A la exploración física tiene un IMC de 36 kg/m2",¿En esta paciente cuando debe realizarse el tamizaje para diabetes gestacional?,En la primera consulta del control prenatal,En la semana 18-23,En la semana 24-28,En la semana 32,,En la primera consulta del control prenatal,,,
"Femenino de 36 años, con ambiente de madre y hermana con diabetes mellitus tipo 2. A ella le diagnosticaron SOP a los 20 años, (hiperandrogenismo y ultrasonido) actualmente sin tratamiento. Tiene los siguientes antecedentes gineco-obstétricos de importancia; Menarca a los 11 años, Ritmo de 30x5 días. Sin método de anticoncepción. Gesta 1. Con amenorrea confiable de 12 semanas. Acude para poder llevar su control prenatal. A la exploración física tiene un IMC de 36 kg/m2","¿Cuál de los siguientes valores son sugestivos de una diabetes gestacional, durante una CTG con 100g?",92/170/153/144,93/184/149/137,97/190/156/144,90/170/160/137,,97/190/156/144,,,
"Femenino de 36 años, con ambiente de madre y hermana con diabetes mellitus tipo 2. A ella le diagnosticaron SOP a los 20 años, (hiperandrogenismo y ultrasonido) actualmente sin tratamiento. Tiene los siguientes antecedentes gineco-obstétricos de importancia; Menarca a los 11 años, Ritmo de 30x5 días. Sin método de anticoncepción. Gesta 1. Con amenorrea confiable de 12 semanas. Acude para poder llevar su control prenatal. A la exploración física tiene un IMC de 36 kg/m2",Si no se cumplen las metas de glucemia en ayuno y postprandial con dieta y ejercicio ¿Cuál seria el primer medicamento a utilizar?,Glibenclamida,Insulina,Glibzida,Metformina,,Insulina,,,
"Femenino de 36 años, con ambiente de madre y hermana con diabetes mellitus tipo 2. A ella le diagnosticaron SOP a los 20 años, (hiperandrogenismo y ultrasonido) actualmente sin tratamiento. Tiene los siguientes antecedentes gineco-obstétricos de importancia; Menarca a los 11 años, Ritmo de 30x5 días. Sin método de anticoncepción. Gesta 1. Con amenorrea confiable de 12 semanas. Acude para poder llevar su control prenatal. A la exploración física tiene un IMC de 36 kg/m2",¿Cuál seria el efecto adverso más característico de este medicamento?,Aumento de peso,Disminución de peso,Acidosis láctica,Hipoglucemias,,Hipoglucemias,,,
"Femenino de 42 años, fumadora, con diabetes pregestacional. Quien cursa con un embarazo gemelar doble. Recientemente se diagnostico hipertensión gestacional. Actualmente cursa con un embarazo de 34 semanas por fum con una fetometría 4 semanas menor a la esperada","Todas son causas de restricción del crecimiento intrauterino, excepto:",Infecciones transplacentarias,Tabaco,Diabetes materna,Hipertensión gestacional,,Diabetes materna,,,
"Femenino de 42 años, fumadora, con diabetes pregestacional. Quien cursa con un embarazo gemelar doble. Recientemente se diagnostico hipertensión gestacional. Actualmente cursa con un embarazo de 34 semanas por fum con una fetometría 4 semanas menor a la esperada","Con respecto a la fetometría, cual de las siguientes mediciones tiene mayor sensibilidad ante la sospecha de una restricción del crecimiento inrauterina en el segundo trimestre",Diámetro biparietal,Perímetro cefálico,Diámetro abdominal,Longitud femoral,,Diámetro abdominal,,,
"Femenino de 42 años, fumadora, con diabetes pregestacional. Quien cursa con un embarazo gemelar doble. Recientemente se diagnostico hipertensión gestacional. Actualmente cursa con un embarazo de 34 semanas por fum con una fetometría 4 semanas menor a la esperada",Cual de las siguientes herramientas es la mejor forma para valorar el bienestar fetal,Registro electrocardiotocográfico,Perfil biofísico,Perfil biofísico modificado,Usg doppler,,Usg doppler,,,
"Femenino de 45 años, G5A4, quien cursa con un embarazo gemelar doble. Actualmente cursa con un embarazo de 30 semanas por Fum. Durante el USG se observa una fetometría 4 semanas menor a la esperada y una placenta previa",Cual de los siguientes factores de riesgo explicaría mejor la restricción del crecimiento intrauterino,Edad de la mujer,Placenta previa,Nuliparidad,Embarazo gemelar,,Embarazo gemelar,,,
"Femenino de 45 años, G5A4, quien cursa con un embarazo gemelar doble. Actualmente cursa con un embarazo de 30 semanas por Fum. Durante el USG se observa una fetometría 4 semanas menor a la esperada y una placenta previa",Que patología podría explicar el diagnostico:,Gemelos discordantes,Síndrome de transfusión feto fetal,Placenta previa,Gemelos dicigotos,,Síndrome de transfusión feto fetal,,,
"Femenino de 45 años, G5A4, quien cursa con un embarazo gemelar doble. Actualmente cursa con un embarazo de 30 semanas por Fum. Durante el USG se observa una fetometría 4 semanas menor a la esperada y una placenta previa",Cual de los siguientes tipos de gemelos tiene mayor morbi mortalidad:,Bicoarial biamniotico,Monocorial biamniotico,Monocorial monoamniotico,Dicigotos,,Monocorial monoamniotico,,,
"Femenino de 40 años, con diabetes pregestacional mal controlada. Durante el embarazo refiere la ingesta de múltiples fármacos por muchos cuadros infecciosos vaginales, en el primer trimestre. Actualmente cursa con un embarazo de 16 semanas por Fum con una fetometría 3 semanas menor a la esperada",Cuál de las siguientes patologías es la causa menos probable que explicaría la restricción del crecimiento intrauterino,Infeccioso,Endocrinológico,Metabólico,Fármacos,,Endocrinológico,,,
"Femenino de 40 años, con diabetes pregestacional mal controlada. Durante el embarazo refiere la ingesta de múltiples fármacos por muchos cuadros infecciosos vaginales, en el primer trimestre. Actualmente cursa con un embarazo de 16 semanas por Fum con una fetometría 3 semanas menor a la esperada",Cual seria la siguiente conducta a realizar:,Ultrasonido 11-13.6,Estudio combinado,Ultrasonido estructural y triple marcador,Ultrasonido estructural y cuádruple marcador,,Ultrasonido estructural y cuádruple marcador,,,
"Femenino de 40 años, con diabetes pregestacional mal controlada. Durante el embarazo refiere la ingesta de múltiples fármacos por muchos cuadros infecciosos vaginales, en el primer trimestre. Actualmente cursa con un embarazo de 16 semanas por Fum con una fetometría 3 semanas menor a la esperada",Como se confirmaría el diagnostico:,Por ultrasonido,Por un marcador sérico,Por ultrasonido y marcadores séricos,Con un estudio genético,,Con un estudio genético,,,
"Femenino de 32 años de edad, nulípara. Quien cursa un embarazo de 32 semanas por FUM no confiable, con mal control prenatal. Acude por primera vez. FU de 22 cm. Durante la historia clínica le refiere una ganancia ponderal de 1kg",Cual es el dato clínico por el que podría confirmar su sospecha diagnostica,Edad,Nuliparidad,Ganancia ponderal,Semanas de gestación,,Ganancia ponderal,,,
"Femenino de 32 años de edad, nulípara. Quien cursa un embarazo de 32 semanas por FUM no confiable, con mal control prenatal. Acude por primera vez. FU de 22 cm. Durante la historia clínica le refiere una ganancia ponderal de 1kg","En la exploración física, que parámetro podría hacerlo confirmar su sospecha diagnostica:",Peso,Edema,Fondo uterino,Auscultación fetal,,Fondo uterino,,,
"Femenino de 32 años de edad, nulípara. Quien cursa un embarazo de 32 semanas por FUM no confiable, con mal control prenatal. Acude por primera vez. FU de 22 cm. Durante la historia clínica le refiere una ganancia ponderal de 1kg","Ante una fecha de ultima menstruación no confiable, cual es la mejor forma para estimar la edad gestacional",Traspolar una prueba inmunológica de embarazo,Traspolar la auscultación de la FCF por doptone,Traspolar la auscultación de la FCF por pinard,Traspolar un ultrasonido,,Traspolar un ultrasonido,,,
"Femenino obesa de 32 años, con síndrome de ovarios poliquísticos. Quien cursa un embarazo de 27 semanas por FUM no confiable. Ella suspendió los anticonceptivos 1 mes previo al embarazo",Cuanto es el margen de error que puede tener un ultrasonido del primer trimestre para estimar una edad gestacional,<3 días,3-7 días,7-14 días,14-21 días,,3-7 días,,,
"Femenino obesa de 32 años, con síndrome de ovarios poliquísticos. Quien cursa un embarazo de 27 semanas por FUM no confiable. Ella suspendió los anticonceptivos 1 mes previo al embarazo",Cuanto es el margen de error que puede tener un ultrasonido del segundo trimestre para estimar una edad gestacional:,<3 días,3-7 días,7-14 días,14-21 días,,7-14 días,,,
"Femenino obesa de 32 años, con síndrome de ovarios poliquísticos. Quien cursa un embarazo de 27 semanas por FUM no confiable. Ella suspendió los anticonceptivos 1 mes previo al embarazo","Dentro de la fetometría fetal, cual es el parámetro más utilizado para estimar una edad gestacional durante el tercer trimestre",Diámetro biparietal,Circunferencia fetal,Circunferencia abdominal,Longitud femoral,,Longitud femoral,,,
"Femenino de 32 años, Gesta 1, sin comorbilidades, con un embarazo a término por fecha de ultima menstruación. Quien se encuentra cursando un trabajo de parto. Ya tiene analgesia obstétrica. Hasta ese momento lleva 1 hora con 10 cm de dilatación.",Cual seria la siguiente conducta a realizar,Esperar 1 hora mas,Esperar 2 horas mas,Esperar 3 horas mas,Esperar 4 horas mas,,Esperar 2 horas mas,,,
"Femenino de 32 años, Gesta 1, sin comorbilidades, con un embarazo a término por fecha de ultima menstruación. Quien se encuentra cursando un trabajo de parto. Ya tiene analgesia obstétrica. Hasta ese momento lleva 1 hora con 10 cm de dilatación.",Cual se las siguientes conductas a realizar podría acortar el periodo expulsivo,Episiotomía media,Episiotomía media lateral derecha,Uso de forceps,Uso de ventosas,,Uso de forceps,,,
"Femenino de 32 años, Gesta 1, sin comorbilidades, con un embarazo a término por fecha de ultima menstruación. Quien se encuentra cursando un trabajo de parto. Ya tiene analgesia obstétrica. Hasta ese momento lleva 1 hora con 10 cm de dilatación.",En la extracción de la cabeza última encajada es necesario el procedimiento de:,Bracht,Mauriceau,Pajot,Rojas,Deventer- muller,Mauriceau,,,
"Paciente cursando sus primeras horas de puerperio fisiológico post eutocia. Útero se encuentra a nivel de cicatriz umbilical, bien contraído, con sangrado transvaginal leve. Signos vitales estables.",Cual seria su sospecha diagnostica,Puerperio patológico,Puerperio fisiológico,Atonía uterina,Endometritis,,Puerperio fisiológico,,,
"Paciente cursando sus primeras horas de puerperio fisiológico post eutocia. Útero se encuentra a nivel de cicatriz umbilical, bien contraído, con sangrado transvaginal leve. Signos vitales estables.",La recomendación para cuidados de la episiotomía sería:,Lavar con solución antiséptica,No lavar y colocar ungüentos de lidocaína,Lavar con agua y jabón,Uso de antibióticos tópicos,,Lavar con agua y jabón,,,
"Paciente cursando sus primeras horas de puerperio fisiológico post eutocia. Útero se encuentra a nivel de cicatriz umbilical, bien contraído, con sangrado transvaginal leve. Signos vitales estables.",En este caso el útero que se encuentra a nivel de cicatriz umbilical la medida que se debería de emplear es:,Vigilancia únicamente.,Uso de misoprostol,Uso de oxitocina,Uso de ergometrina,,Vigilancia únicamente.,,,
"Paciente cursando sus primeras horas de puerperio fisiológico post eutocia. Útero se encuentra a nivel de cicatriz umbilical, bien contraído, con sangrado transvaginal leve. Signos vitales estables.",A las cuántas horas se debe egresar una paciente en puerperio inmediato:,12,18,24h,26h,,24h,,,
"Paciente con parto difícil por macrosomía y parto prolongado con utilización de fórceps; se realizó episiotomía media y se encontró al momento de la revisión desgarro en la pared vaginal lateral, en mucosa rectal y esfínter anal.",Con lo anterior usted diagnostica:,Desgarro de I grado,Desgarro de II grado,Desgarro de III grado,Desgarro de IV grado,,Desgarro de IV grado,,,
"Paciente con parto difícil por macrosomía y parto prolongado con utilización de fórceps; se realizó episiotomía media y se encontró al momento de la revisión desgarro en la pared vaginal lateral, en mucosa rectal y esfínter anal.",El factor condicionante a este tipo de desgarro es:,Macrosmía,Parto prolongado,Episiotomía media,Forceps.,Ninguna de las anteriores,Forceps.,,,
"Femenino de 42 años de edad. G6P6, con adecuado control prenatal. Estuvo en trabajo de parto por 6 horas con oxitocina, hace 5 horas se resolvió el evento obstétrico vía vaginal, de manera eutócia. Obteniendo un RN de sexo masculino de 4,200g, sin complicaciones.",En estos momentos que tipo de puerperio esta cursando,Inmediato,Mediato,Tardio,,,Inmediato,,,
"Femenino de 42 años de edad. G6P6, con adecuado control prenatal. Estuvo en trabajo de parto por 6 horas con oxitocina, hace 5 horas se resolvió el evento obstétrico vía vaginal, de manera eutócia. Obteniendo un RN de sexo masculino de 4,200g, sin complicaciones.",Cual de los siguientes no era un factor de riesgo para que cursara con un puerperio patológico,Edad,Multiparidad,Feto macrosómico,Uso de oxitocina,,Edad,,,
"Mujer de 24 años, quien recientemente estuvo en contacto con un caso confirmado de rubeola. Cuenta con PIE positiva hace 4 semanas, con FUM no confiable. Acude a consulta refiriendo cefalea, ataque al estado general, artralgias y exantema cutáneo de 8 horas de evolución que inicia en cara y se disemina al resto del cuerpo. Hace 1 hora se agrega sangrado transvaginal que se acompaña de coágulos, a la exploración física temperatura de 37.4°C, conjuntivas hiperémicas, eritematosas, rinorrea hialina abundante, adenomegalias dolorosas en región cervical y retroauricular, exantema en tronco con lesiones maculopapulares color rosa, al tacto vaginal cérvix con modificaciones cervicales, se solicita bHCG que coincide con un embarazo de 11 a 12 semanas de gestación.",Con base en el caso clínico el diagnóstico más probable es:,Aborto en evolución,Aborto séptico,Aborto completo,Aborto diferido,,Aborto en evolución,,,
"Mujer de 24 años, quien recientemente estuvo en contacto con un caso confirmado de rubeola. Cuenta con PIE positiva hace 4 semanas, con FUM no confiable. Acude a consulta refiriendo cefalea, ataque al estado general, artralgias y exantema cutáneo de 8 horas de evolución que inicia en cara y se disemina al resto del cuerpo. Hace 1 hora se agrega sangrado transvaginal que se acompaña de coágulos, a la exploración física temperatura de 37.4°C, conjuntivas hiperémicas, eritematosas, rinorrea hialina abundante, adenomegalias dolorosas en región cervical y retroauricular, exantema en tronco con lesiones maculopapulares color rosa, al tacto vaginal cérvix con modificaciones cervicales, se solicita bHCG que coincide con un embarazo de 11 a 12 semanas de gestación.",De continuar la gestación el riesgo más grande que puede presentar el recién nacido es:,Cataratas,Bajo peso al nacer,Glaucoma,Sordera,,Sordera,,,
"Mujer de 24 años, quien recientemente estuvo en contacto con un caso confirmado de rubeola. Cuenta con PIE positiva hace 4 semanas, con FUM no confiable. Acude a consulta refiriendo cefalea, ataque al estado general, artralgias y exantema cutáneo de 8 horas de evolución que inicia en cara y se disemina al resto del cuerpo. Hace 1 hora se agrega sangrado transvaginal que se acompaña de coágulos, a la exploración física temperatura de 37.4°C, conjuntivas hiperémicas, eritematosas, rinorrea hialina abundante, adenomegalias dolorosas en región cervical y retroauricular, exantema en tronco con lesiones maculopapulares color rosa, al tacto vaginal cérvix con modificaciones cervicales, se solicita bHCG que coincide con un embarazo de 11 a 12 semanas de gestación.",El tipo de compuesto de la vacuna triple es:,Virus muertos,Virus vivos atenuados,ARN mensajero,Virus vivos completos,,Virus vivos atenuados,,,
"Mujer de 24 años, quien recientemente estuvo en contacto con un caso confirmado de rubeola. Cuenta con PIE positiva hace 4 semanas, con FUM no confiable. Acude a consulta refiriendo cefalea, ataque al estado general, artralgias y exantema cutáneo de 8 horas de evolución que inicia en cara y se disemina al resto del cuerpo. Hace 1 hora se agrega sangrado transvaginal que se acompaña de coágulos, a la exploración física temperatura de 37.4°C, conjuntivas hiperémicas, eritematosas, rinorrea hialina abundante, adenomegalias dolorosas en región cervical y retroauricular, exantema en tronco con lesiones maculopapulares color rosa, al tacto vaginal cérvix con modificaciones cervicales, se solicita bHCG que coincide con un embarazo de 11 a 12 semanas de gestación.","De confirmarse la viabilidad del embarazo, el manejo a seguir sería:",Interrupción médica del embarazo,Interrupción quirúrgica del embarazo,Continuar con la gestación hasta realizar el ultrasonido 11-13.6 sdg,Informar de los riesgos y complicaciones que puede tener y brindar asesoría genética a la madre,,Informar de los riesgos y complicaciones que puede tener y brindar asesoría genética a la madre,,,
"Mujer de 24 años, quien recientemente estuvo en contacto con un caso confirmado de rubeola. Cuenta con PIE positiva hace 4 semanas, con FUM no confiable. Acude a consulta refiriendo cefalea, ataque al estado general, artralgias y exantema cutáneo de 8 horas de evolución que inicia en cara y se disemina al resto del cuerpo. Hace 1 hora se agrega sangrado transvaginal que se acompaña de coágulos, a la exploración física temperatura de 37.4°C, conjuntivas hiperémicas, eritematosas, rinorrea hialina abundante, adenomegalias dolorosas en región cervical y retroauricular, exantema en tronco con lesiones maculopapulares color rosa, al tacto vaginal cérvix con modificaciones cervicales, se solicita bHCG que coincide con un embarazo de 11 a 12 semanas de gestación.",La vacuna triple incluye:,"Sarampión, rubeola y parotiditis","Sarampión, rubeola y toxoplasma","Rubeola, parotiditis y citomegalovirus",Sarampión parotiditis y herpes,,"Sarampión, rubeola y parotiditis",,,
"Femenina de 28 años de edad, gestaciones 3, partos 2, acude a urgencias por presentar embarazo de 37 semanas de gestación, con actividad uterina irregular, dolorosa. A la exploración física, consiente, tranquila, cooperadora, adecuada coloración de tegumentos, abdomen globoso a expensas de útero gestante con fondo uterino de 38 cm por encima de la sínfisis del pubis, con producto único vivo, longitudinal cefálico dorso a la derecha. Tacto vaginal cérvix anterior, 8 cm de dilatación, membranas íntegras, producto encajado. Con 80% de borramiento. Con FCF de 130 lpm. Peso 130 kg, talla 1.60 cm. Glucemia capilar 250mg/dL. SatO2 98% Temp 36.5, TA 138/89 mmHg",La principal indicación para episiotomía en esta paciente sería:,Diabetes descontrolada,Estado hipertensivo a clasificar,La obesidad de la paciente,Riesgo de distocia de hombros,,Riesgo de distocia de hombros,,,
"Femenina de 28 años de edad, gestaciones 3, partos 2, acude a urgencias por presentar embarazo de 37 semanas de gestación, con actividad uterina irregular, dolorosa. A la exploración física, consiente, tranquila, cooperadora, adecuada coloración de tegumentos, abdomen globoso a expensas de útero gestante con fondo uterino de 38 cm por encima de la sínfisis del pubis, con producto único vivo, longitudinal cefálico dorso a la derecha. Tacto vaginal cérvix anterior, 8 cm de dilatación, membranas íntegras, producto encajado. Con 80% de borramiento. Con FCF de 130 lpm. Peso 130 kg, talla 1.60 cm. Glucemia capilar 250mg/dL. SatO2 98% Temp 36.5, TA 138/89 mmHg",La episiotomía indicada en esta paciente es:,Media,Media lateral,En J,En T,,Media lateral,,,
"Femenina de 28 años de edad, gestaciones 3, partos 2, acude a urgencias por presentar embarazo de 37 semanas de gestación, con actividad uterina irregular, dolorosa. A la exploración física, consiente, tranquila, cooperadora, adecuada coloración de tegumentos, abdomen globoso a expensas de útero gestante con fondo uterino de 38 cm por encima de la sínfisis del pubis, con producto único vivo, longitudinal cefálico dorso a la derecha. Tacto vaginal cérvix anterior, 8 cm de dilatación, membranas íntegras, producto encajado. Con 80% de borramiento. Con FCF de 130 lpm. Peso 130 kg, talla 1.60 cm. Glucemia capilar 250mg/dL. SatO2 98% Temp 36.5, TA 138/89 mmHg","El médico que atendió el parto no realizó una adecuada protección del periné por lo que la paciente presenta desgarro de piel, mucosa, y lesión de >50% del esfínter anal externo",Desgarro de primer grado,Desgarro de segundo grado,Desgarro de tercer grado tipo 3ª,Desgarro de tercer grado tipo 3B,,Desgarro de tercer grado tipo 3B,,,
"Femenina de 28 años de edad, gestaciones 3, partos 2, acude a urgencias por presentar embarazo de 37 semanas de gestación, con actividad uterina irregular, dolorosa. A la exploración física, consiente, tranquila, cooperadora, adecuada coloración de tegumentos, abdomen globoso a expensas de útero gestante con fondo uterino de 38 cm por encima de la sínfisis del pubis, con producto único vivo, longitudinal cefálico dorso a la derecha. Tacto vaginal cérvix anterior, 8 cm de dilatación, membranas íntegras, producto encajado. Con 80% de borramiento. Con FCF de 130 lpm. Peso 130 kg, talla 1.60 cm. Glucemia capilar 250mg/dL. SatO2 98% Temp 36.5, TA 138/89 mmHg",El tratamiento de profilaxis antibiótica de primera elección es:,Gentamicina y Metronidazol IV o IM dosis única,Cefalosporina de 2 o 3era generación IV o IM dosis única,Cefuroxima 250 mg dos veces al día + Metronidazol VO 500 mg 3 veces al día por 5 días,Gentamicina 240 mg al día + Metronidazol 500 mg tres veces al día por 10 días,,Cefalosporina de 2 o 3era generación IV o IM dosis única,,,
"Femenina de 28 años de edad, gestaciones 3, partos 2, acude a urgencias por presentar embarazo de 37 semanas de gestación, con actividad uterina irregular, dolorosa. A la exploración física, consiente, tranquila, cooperadora, adecuada coloración de tegumentos, abdomen globoso a expensas de útero gestante con fondo uterino de 38 cm por encima de la sínfisis del pubis, con producto único vivo, longitudinal cefálico dorso a la derecha. Tacto vaginal cérvix anterior, 8 cm de dilatación, membranas íntegras, producto encajado. Con 80% de borramiento. Con FCF de 130 lpm. Peso 130 kg, talla 1.60 cm. Glucemia capilar 250mg/dL. SatO2 98% Temp 36.5, TA 138/89 mmHg",El principal riesgo para esta paciente a futuro es:,Incontinencia urinaria,Incontinencia a anal,Prolapso uterino,Prolapso de órganos pélvicos,,Incontinencia a anal,,,
"Paciente femenina de 18 años de edad que acude a consulta de urgencias por presentar amenorrea de 4 semanas, con FUM no confiable. Por lo que se solicita PIE (1,000UI/mL), A la exploración física, consciente, tranquila, cooperadora, adecuada coloración de tegumentos, abdomen blando depresible no doloroso, genitales de acuerdo al sexo y a la edad de la paciente, tacto vaginal cérvix posterior, cerrado, formado firme. Resto de exploración física dentro de parámetros de normalidad.",¿Qué esperarías ver en el ultrasonido transvaginal?,Presencia de saco gestacional,Presencia de saco gestacional con embrión en su interior,Presencia de saco de Yolk y Saco gestacional,Ninguna de las anteriores.,,Ninguna de las anteriores.,,,
"Paciente femenina de 18 años de edad que acude a consulta de urgencias por presentar amenorrea de 4 semanas, con FUM no confiable. Por lo que se solicita PIE (1,000UI/mL), A la exploración física, consciente, tranquila, cooperadora, adecuada coloración de tegumentos, abdomen blando depresible no doloroso, genitales de acuerdo al sexo y a la edad de la paciente, tacto vaginal cérvix posterior, cerrado, formado firme. Resto de exploración física dentro de parámetros de normalidad.",Tomando en cuenta tu respuesta anterior tu conducta a seguir sería:,Esperar 10 días y repetir ultrasonido esperando encontrar saco gestacional de mayor tamaño con presencia de embrión y latido cardiaco,Esperar 1 semana y repetir PIE nuevamente,Esperar 10 días para aparición de vesícula germinal,Esperar 7 días repetir PIE y USG TV esperando ver presencia de saco gestacional y presencia de embrión,,Esperar 7 días repetir PIE y USG TV esperando ver presencia de saco gestacional y presencia de embrión,,,
"Paciente femenina de 18 años de edad que acude a consulta de urgencias por presentar amenorrea de 4 semanas, con FUM no confiable. Por lo que se solicita PIE (1,000UI/mL), A la exploración física, consciente, tranquila, cooperadora, adecuada coloración de tegumentos, abdomen blando depresible no doloroso, genitales de acuerdo al sexo y a la edad de la paciente, tacto vaginal cérvix posterior, cerrado, formado firme. Resto de exploración física dentro de parámetros de normalidad.","La paciente regresa a la semana siguiente con una PIE de 3,500 con presencia de saco gestacional de 20 mm. Tu conducta a seguir sería:",Interrupción por embarazo no viable,"Probable embarazo de viabilidad incierta, por lo que interrumpo",Repito el ultrasonido en 7 días esperando un crecimiento del saco gestacional y aparición de un embrión con latido cardiaco.,Envío a segundo nivel para control prenatal,,Repito el ultrasonido en 7 días esperando un crecimiento del saco gestacional y aparición de un embrión con latido cardiaco.,,,
"Paciente femenina de 18 años de edad que acude a consulta de urgencias por presentar amenorrea de 4 semanas, con FUM no confiable. Por lo que se solicita PIE (1,000UI/mL), A la exploración física, consciente, tranquila, cooperadora, adecuada coloración de tegumentos, abdomen blando depresible no doloroso, genitales de acuerdo al sexo y a la edad de la paciente, tacto vaginal cérvix posterior, cerrado, formado firme. Resto de exploración física dentro de parámetros de normalidad.","Si no hubiera aparecido saco gestacional intrauterino y tuvieras una elevación no regular de la bHCG, tu principal sospecha diagnóstica sería:",Embarazo Molar,Embarazo Ectópico,Enfermedad trofoblástica,Ninguna de las anteriores,,Embarazo Ectópico,,,
"Paciente femenina de 18 años de edad que acude a consulta de urgencias por presentar amenorrea de 4 semanas, con FUM no confiable. Por lo que se solicita PIE (1,000UI/mL), A la exploración física, consciente, tranquila, cooperadora, adecuada coloración de tegumentos, abdomen blando depresible no doloroso, genitales de acuerdo al sexo y a la edad de la paciente, tacto vaginal cérvix posterior, cerrado, formado firme. Resto de exploración física dentro de parámetros de normalidad.",El principal sitio de presentación del embarazo ectópico es:,Cérvix,Cuerno,Trompa,Ovario,,Trompa,,,
"Femenino de 34 años, gestaciones 3, abortos 2, con embarazo único de 14 sdg, acude a urgencias por presentar dolor tipo cólico, sangrado transvaginal. Refiere tos y cefalea de 1 semana de evolución junto con evacuaciones diarreicas. A la exploración física consciente, tranquila, cooperadora, ligera deshidratación a nivel de mucosas, abdomen blando, con fondo uterino no palpable. Genitales de acuerdo a la edad y sexo y de la paciente. Tacto vaginal cérvix posterior cerrado, formado con presencia de liquido transvaginal claro no fétido con presencia de sangrado transvaginal activo. Signos vitales: FC 80, FR 20, Tep 36.8°C, TA 120/89 mmHg, Peso 70 kg, talla 1. 67 mts.",Tu diagnóstico más probable sería:,Aborto en evolución,Aborto completo,Aborto inevitable,Aborto incompleto,,Aborto inevitable,,,
"Femenino de 34 años, gestaciones 3, abortos 2, con embarazo único de 14 sdg, acude a urgencias por presentar dolor tipo cólico, sangrado transvaginal. Refiere tos y cefalea de 1 semana de evolución junto con evacuaciones diarreicas. A la exploración física consciente, tranquila, cooperadora, ligera deshidratación a nivel de mucosas, abdomen blando, con fondo uterino no palpable. Genitales de acuerdo a la edad y sexo y de la paciente. Tacto vaginal cérvix posterior cerrado, formado con presencia de liquido transvaginal claro no fétido con presencia de sangrado transvaginal activo. Signos vitales: FC 80, FR 20, Tep 36.8°C, TA 120/89 mmHg, Peso 70 kg, talla 1. 67 mts.",Tu conducta a seguir sería:,"Ingreso para vigilancia, analgésicos y antibióticos",Ingreso para vigilancia y manejo médico de aborto,Ingreso para vigilancia y manejo quirúrgico de aborto,"Cristalografía para corroborar sospecha diagnóstica, ingreso a hospitalización e indicar un manejo expectante",,Ingreso para vigilancia y manejo médico de aborto,,,
"Femenino de 34 años, gestaciones 3, abortos 2, con embarazo único de 14 sdg, acude a urgencias por presentar dolor tipo cólico, sangrado transvaginal. Refiere tos y cefalea de 1 semana de evolución junto con evacuaciones diarreicas. A la exploración física consciente, tranquila, cooperadora, ligera deshidratación a nivel de mucosas, abdomen blando, con fondo uterino no palpable. Genitales de acuerdo a la edad y sexo y de la paciente. Tacto vaginal cérvix posterior cerrado, formado con presencia de liquido transvaginal claro no fétido con presencia de sangrado transvaginal activo. Signos vitales: FC 80, FR 20, Tep 36.8°C, TA 120/89 mmHg, Peso 70 kg, talla 1. 67 mts.",Para el tratamiento de elección escogido utilizarías:,"Ampicilina 500 mg cada 6 horas por 7 días, hidratación vía oral e indometacina vía rectal",Mifepristona 200 mg vía oral dosis única y posteriormente misoprostol 200 mcg cada 6 horas,Misoprostol 400 mcg vía vaginal 4 horas previas al procedimiento quirúrgico,"Vigilancia con toalla testigo, analgésico y antibioticoterapia",,Mifepristona 200 mg vía oral dosis única y posteriormente misoprostol 200 mcg cada 6 horas,,,
Pérdida gestacional recurrente y patología uterina,Cuales son los principales miomas que se asocian a aborto y a pérdida gestacional recurrente:,Mucosos,Submucosos,Serosos,Subserosos,,Submucosos,,,
Pérdida gestacional recurrente y malformaciones müllerianas,"Dentro de las malformaciones mullerianas, es la malformación más relacionada con perdida gestacional recurrente:",Útero didelfo,Útero bicorne,Útero septado,Útero arcuato,,Útero septado,,,
"Paciente femenina que acude a urgencias por presentar amenorrea de 7 sdg, refiere sangrado transvaginal escaso, y dolor tipo cólico, a la exploración física peso 60 kg talla 1.50 Sat 98% Temp 36.5°C, consiente, tranquila, cooperadora, adecuada coloración de tegumentos, mucosas bien hidratadas, abdomen blando depresible no doloroso, genitales de acuerdo al sexo y a la edad de la paciente tacto vaginal cérvix cerrado formado posterior.",Tu principal sospecha diagnóstica sería:,Aborto completo,Aborto incompleto,Amenaza de aborto,Aborto inevitable,,Amenaza de aborto,,,
"Paciente femenina que acude a urgencias por presentar amenorrea de 7 sdg, refiere sangrado transvaginal escaso, y dolor tipo cólico, a la exploración física peso 60 kg talla 1.50 Sat 98% Temp 36.5°C, consiente, tranquila, cooperadora, adecuada coloración de tegumentos, mucosas bien hidratadas, abdomen blando depresible no doloroso, genitales de acuerdo al sexo y a la edad de la paciente tacto vaginal cérvix cerrado formado posterior.",Tu conducta a seguir sería:,"Prueba inmunológica de embarazo, ultrasonido transvaginal, analgésicos y reposo",Todas las anteriores,,,,Todas las anteriores,,,
"Paciente femenina que acude a urgencias por presentar amenorrea de 7 sdg, refiere sangrado transvaginal escaso, y dolor tipo cólico, a la exploración física peso 60 kg talla 1.50 Sat 98% Temp 36.5°C, consiente, tranquila, cooperadora, adecuada coloración de tegumentos, mucosas bien hidratadas, abdomen blando depresible no doloroso, genitales de acuerdo al sexo y a la edad de la paciente tacto vaginal cérvix cerrado formado posterior.",Si la paciente te refiere la expulsión de material organizado con modificaciones cervicales tu sospecha diagnóstica sería:,Amenaza de Aborto,Aborto inevitable,Aborto en evolución,Aborto completo,,Aborto en evolución,,,
"Paciente femenina que acude a urgencias por presentar amenorrea de 7 sdg, refiere sangrado transvaginal escaso, y dolor tipo cólico, a la exploración física peso 60 kg talla 1.50 Sat 98% Temp 36.5°C, consiente, tranquila, cooperadora, adecuada coloración de tegumentos, mucosas bien hidratadas, abdomen blando depresible no doloroso, genitales de acuerdo al sexo y a la edad de la paciente tacto vaginal cérvix cerrado formado posterior.","Si la paciente te refiere expulsión de material organizado, y al realizar USG transvaginal observas cavidad uterina vacía tu principal sospecha diagnóstica sería:",Amenaza de Aborto,Aborto inevitable,Aborto en evolución,Aborto completo,,Aborto completo,,,
"Paciente femenina que acude a urgencias por presentar amenorrea de 7 sdg, refiere sangrado transvaginal escaso, y dolor tipo cólico, a la exploración física peso 60 kg talla 1.50 Sat 98% Temp 36.5°C, consiente, tranquila, cooperadora, adecuada coloración de tegumentos, mucosas bien hidratadas, abdomen blando depresible no doloroso, genitales de acuerdo al sexo y a la edad de la paciente tacto vaginal cérvix cerrado formado posterior.",Si al realizar el ultrasonido observar presencia de contenido organizado y la paciente refiere expulsión en su casa de material organizado. Tu principal sospecha diagnóstica sería:,Amenaza de Aborto,Aborto en evolución,Aborto completo,Aborto incompleto,,Aborto incompleto,,,
"Paciente femenina de 39 años de edad, fumadora desde los 15 años, consumidora de cocaína en su juventud, que acude por presentar dolor en fosa iliaca derecha de 5 horas de evolución, así como sangrado transvaginal escaso oscuro. Con fecha de ultima menstruación no confiable. A la exploración física TA 100/60, FC 100, FR 20, Temp 36.6°C, Sat02 95%. Abdomen doloroso a la palpación en fosa iliaca derecha, rebote positivo. B-hCG >3500 UI/mL, ultrasonido transvaginal imagen de anillo de fuego en anexo derecho con embrión en su interior con FCF 140 lpm, y escaso liquido libre, diámetro mayor de 50 mm.",Tu principal sospecha diagnóstica sería:,Embarazo ectópico,Embarazo temprano de localización incierta,Falla temprana del embarazo,Enfermedad trofoblástica gestacional,,Embarazo ectópico,,,
"Paciente femenina de 39 años de edad, fumadora desde los 15 años, consumidora de cocaína en su juventud, que acude por presentar dolor en fosa iliaca derecha de 5 horas de evolución, así como sangrado transvaginal escaso oscuro. Con fecha de ultima menstruación no confiable. A la exploración física TA 100/60, FC 100, FR 20, Temp 36.6°C, Sat02 95%. Abdomen doloroso a la palpación en fosa iliaca derecha, rebote positivo. B-hCG >3500 UI/mL, ultrasonido transvaginal imagen de anillo de fuego en anexo derecho con embrión en su interior con FCF 140 lpm, y escaso liquido libre, diámetro mayor de 50 mm.",Dentro de los principales patógenos asociados a embarazo ectópico se encuentra:,Gardnerella Vaginallis,Chlamydia Trachomatis,Neisseria Gonorrae,Estretococo del grupo b,,Chlamydia Trachomatis,,,
"Paciente femenina de 39 años de edad, fumadora desde los 15 años, consumidora de cocaína en su juventud, que acude por presentar dolor en fosa iliaca derecha de 5 horas de evolución, así como sangrado transvaginal escaso oscuro. Con fecha de ultima menstruación no confiable. A la exploración física TA 100/60, FC 100, FR 20, Temp 36.6°C, Sat02 95%. Abdomen doloroso a la palpación en fosa iliaca derecha, rebote positivo. B-hCG >3500 UI/mL, ultrasonido transvaginal imagen de anillo de fuego en anexo derecho con embrión en su interior con FCF 140 lpm, y escaso liquido libre, diámetro mayor de 50 mm.",El manejo indicado en esta paciente sería:,Manejo expectamente con medicamento metrotexate,Manejo quirúrgico: laparoscopia,Manejo quirúrgico: laparotomía,Ninguna de las anteriores,,Manejo quirúrgico: laparoscopia,,,
"Paciente femenina de 39 años de edad, fumadora desde los 15 años, consumidora de cocaína en su juventud, que acude por presentar dolor en fosa iliaca derecha de 5 horas de evolución, así como sangrado transvaginal escaso oscuro. Con fecha de ultima menstruación no confiable. A la exploración física TA 100/60, FC 100, FR 20, Temp 36.6°C, Sat02 95%. Abdomen doloroso a la palpación en fosa iliaca derecha, rebote positivo. B-hCG >3500 UI/mL, ultrasonido transvaginal imagen de anillo de fuego en anexo derecho con embrión en su interior con FCF 140 lpm, y escaso liquido libre, diámetro mayor de 50 mm.",De los embarazos ectópicos tubáricos los más frecuentes son:,Fimbrial,Ampular,Itsmico,Intersticial,,Ampular,,,
"Paciente femenina de 39 años de edad, fumadora desde los 15 años, consumidora de cocaína en su juventud, que acude por presentar dolor en fosa iliaca derecha de 5 horas de evolución, así como sangrado transvaginal escaso oscuro. Con fecha de ultima menstruación no confiable. A la exploración física TA 100/60, FC 100, FR 20, Temp 36.6°C, Sat02 95%. Abdomen doloroso a la palpación en fosa iliaca derecha, rebote positivo. B-hCG >3500 UI/mL, ultrasonido transvaginal imagen de anillo de fuego en anexo derecho con embrión en su interior con FCF 140 lpm, y escaso liquido libre, diámetro mayor de 50 mm.","Si decidieras dar un manejo expectante al caso clínico anterior, cuánto esperarías que disminuyera la BhCG a los 4 -7 días:",10%,15%,18%,20%,,15%,,,
"Femenino de 24 años de edad, G4P3, con embarazo de 35 sdg, que es traída a urgencias posterior a accidente automovilístico. Presenta dolor abdominal intenso, sangrado transvaginal rojo de moderada cantidad. A la EF: consciente, tranquila, cooperadora, con presencia de dolor en región de cuello, dificultad para movilizarlo, precordio rítmico dinámico, abdomen globoso a expensas de útero gestante con fondo uterino de 32 cm, con producto único vivo, longitudinal cefálico dorso a la derecha, con FCF 90 lpm. Genitales de acuerdo al sexo y a la edad de la paciente. Tacto vaginal cérvix posterior a 9 cm de dilatación. Membranas íntegras. Extremidades íntegras, simétricas con buen llenado capilar distal.","Ante el cuadro clínico anterior, tu primera sospecha diagnóstica sería:",Desprendimiento Prematuro de Placenta Normo Inserta (DPPNI),Vasa Previa,Acretismo Placentario,Ruptura Uterina,,Desprendimiento Prematuro de Placenta Normo Inserta (DPPNI),,,
"Femenino de 24 años de edad, G4P3, con embarazo de 35 sdg, que es traída a urgencias posterior a accidente automovilístico. Presenta dolor abdominal intenso, sangrado transvaginal rojo de moderada cantidad. A la EF: consciente, tranquila, cooperadora, con presencia de dolor en región de cuello, dificultad para movilizarlo, precordio rítmico dinámico, abdomen globoso a expensas de útero gestante con fondo uterino de 32 cm, con producto único vivo, longitudinal cefálico dorso a la derecha, con FCF 90 lpm. Genitales de acuerdo al sexo y a la edad de la paciente. Tacto vaginal cérvix posterior a 9 cm de dilatación. Membranas íntegras. Extremidades íntegras, simétricas con buen llenado capilar distal.",Una de las principales complicaciones que puede tener el DPPNI al haber infiltración hemática del miometrio es:,Coagulación Vascular Diseminada,Hemorragia uterina,Atonía uterina,Útero de Couvelaire,,Útero de Couvelaire,,,
"Femenino de 24 años de edad, G4P3, con embarazo de 35 sdg, que es traída a urgencias posterior a accidente automovilístico. Presenta dolor abdominal intenso, sangrado transvaginal rojo de moderada cantidad. A la EF: consciente, tranquila, cooperadora, con presencia de dolor en región de cuello, dificultad para movilizarlo, precordio rítmico dinámico, abdomen globoso a expensas de útero gestante con fondo uterino de 32 cm, con producto único vivo, longitudinal cefálico dorso a la derecha, con FCF 90 lpm. Genitales de acuerdo al sexo y a la edad de la paciente. Tacto vaginal cérvix posterior a 9 cm de dilatación. Membranas íntegras. Extremidades íntegras, simétricas con buen llenado capilar distal.",El manejo indicado en esta paciente seria:,"Estabilizar a la madre, reposición de concentrados plaquetarios, cesárea de urgencia","Estabilización materna, canalizar dos vías, toma de laboratorios, cesárea de urgencia","Estabilización materna y fetal, canalizar dos vías, realizar amniorexis, iniciar conducción con oxitocina, atención del parto.","Estabilización materna y fetal, solicitar USG de control para valoración del desprendimiento, canalizar dos vías, toma de laboratorio, conducción con oxitocina y atención del parto",,Estabilización,cesárea,de,"urgencia"""