Contexto / Caso Clínico,Pregunta,Opción A,Opción B,Opción C,Opción D,Opción E,Respuesta Correcta,puntos
Fisiología y contracción miocárdica,1.- Proteína que se encarga de disminuir la recaptura de Calcio mediante la inhibición del SERCA:,Calsequestrina,Calmodulina,Fosfolamban,Proteína ligada a los Canales L de Calcio,,Fosfolamban,1
Fisiología cardiovascular,2.- Determinantes de la función cardiaca:,"Precarga, postcarga, frecuencia cardiaca y contractilidad","Lusiotropismo, inotropismo, cronotropismo","Postcarga, precarga, estrés miocárdico visceral y consumo miocárdico de oxígeno","Fuerza contráctil, automatismo, excitabilidad y dromotropismo",,"Precarga, postcarga, frecuencia cardiaca y contractilidad",1
Anatomía cardiaca,3.- ¿Cual de las siguientes estructuras no forma parte de la aurícula derecha?,Banda moderadora,Músculo pectíneo,Tendón de Todaro,Cresta terminal,,Banda moderadora,1
"Mujer de 35 años de edad diagnosticada con flutter auricular típico, se programó para ablación del itsmocavotricuspídeo, sin embargo tres horas posteriores presentó debilidad generalizada asociado a obnubilación, solicita electrocardiograma y evidenció bloqueo AV completo.",4.- ¿Qué estructura cree usted que se lesionó durante la intervención?,Nodo SA,Haces Internodales,Nodo AV,Haz de James,,Nodo AV,1
Anatomía del sistema de conducción cardiaco,5.- El nodo AV se localiza en:,"Triangulo de Marshall: ligamento de Marshall, Tendon de Eustaquio y valva septal de la mitral","Triangulo de Todaro: Tendón de Todaro, valva septal de la tricúspide, Válvula de Koch","Triangulo de Koch: Tendón de Todaro, valva septal de la tricúspide, Válvula de Tebesio","Triangulo de Tebesio: Tendón de Todaron, valva posterior de la tricúspide, Válvula de Eustaquio",,"Triangulo de Koch: Tendón de Todaro, valva septal de la tricúspide, Válvula de Tebesio",1
Anatomía coronaria,"6.- En relación a las arterias coronarias, ¿Qué aseveración es la correcta?",La primera rama de la Coronaria izquierda es la rama del cono,"La coronaria izquierda se divide en circunfleja, descendente anterior y ramo intermedio en el 45% de los casos","Se define dominancia con base en quien da ramo posterolateral, quien llega a la cruz del corazón y quien da la rama del Nodo AV",La arteria del nodo SA usualmente nace como primera rama de la arteria circunfeja,,"Se define dominancia con base en quien da ramo posterolateral, quien llega a la cruz del corazón y quien da la rama del Nodo AV",1
Mujer de 56 años de edad que acude por insuficiencia mitral primaria,7.- ¿Cual de las siguientes estructuras del aparato valvular mitral no es susceptible a reparación?,Músculos papilares,Pared septal del Ventrículo izquierdo,Cuerdas Tendinosas,Anillo valvular,,Pared septal del Ventrículo izquierdo,1
Fisiología del potencial de acción cardiaco,8.- ¿Qué canales son los encargados de mantener la fase 2 del potencial de acción (Meseta)?,ITO,Ik1,Rápidos de Calcio,Lentos de Calcio,,Lentos de Calcio,1
"Paciente de 60 años de edad, sin enfermedades previas. Refiere tres semanas con deterioro de clase funcional, angina de esfuerzo, disnea de medianos esfuerzos y síncope. A la auscultación con soplo expulsivo aórtico grado III/VI. EKG muestra criterios de hipertrofia ventricular izquierda.",9.-¿qué criterio utilizó? (según las flechas en aVL y V3),Índice de Cabrera,Índice de Sokolow,Índice de Cornell,índice de Smith,,Índice de Cornell,1
"Mujer de 65 años de edad quien refiere infecciones de repetición durante la infancia. Acude por disnea de medianos esfuerzos, ortopnea y disnea paroxística nocturna. Presenta disfonía de tres días de evolución (Síndrome de Ortner) y soplo diastólico con chasquido de apertura.",10. ¿Cual sería la causa de la disfonía?,Dilatación de venas pulmonares,Calcificación de vía aérea superior asociado a enfermedad degenerativa de la válvula mitral,Compresión del laríngeo recurrente,Dato ominoso de edema agudo pulmonar,,Compresión del laríngeo recurrente,1
Fisiología del ciclo cardiaco y ruidos cardiacos,11. El primer ruido cardiaco coincide con la R del electrocardiograma y el periodo de contracción isovolumétrica.,Verdadero,Falso,,,,Verdadero,1
"Joven de 28 años de edad que acude por deterioro de clase funcional y sincope de esfuerzo. Refiere soplo detectado desde la infancia. A la evaluación física destaca soplo sistólico en borde paraesternal izquierdo, con segundo ruido desdoblado fijo y amplio.",12 Joven de 28 años de edad... El diagnóstico más probable es:,Comunicación interauricular tipo ostium secundum,Comunicación interauricular tipo ostium primum,Tetralogía de Fallot,Anomalía de Ebstein,,Comunicación interauricular tipo ostium secundum,1
Joven de 28 años de edad con Comunicación Interauricular (CIA),13. Lo que sustenta al diagnóstico es:,"QRS < de 120 ms, rSR´, y eje a la derecha y SIQ3T3 y R terminal en AVR.","QRS < 110 ms, RS en V5 y V6 y R terminal en AVR, S1Q3T3.","QRS > 120 ms, Eje a la izquierda, rSR´, RS en V5 y V6 y R terminal en AVR","QRS > 110 ms, RS en V5 y V6, S1Q3T3, R terminal en AVR.",,"QRS < de 120 ms, rSR´, y eje a la derecha y SIQ3T3 y R terminal en AVR.",1
"Mujer de 35 años que acude a evaluación por palpitaciones de inicio súbito posterior a esfuerzo físico, rápidas, irregulares, mareo y disnea. EKG muestra Taquicardia Supraventricular por Reentrada Nodal. Hemodinámicamente estable.",14. ¿Cuál es el tratamiento inicial?,Desfibrilación con 150 J,Adenosina 6 mg IV,Adenosina 12 mg IV,Amiodarona IV impregnación con 5-7 mg/kg,,Adenosina 6 mg IV,1
Mujer de 35 años con Taquicardia Supraventricular por Reentrada Nodal (TRNAV),15. Lo que sustenta el diagnóstico es:,"Genero, Edad, síntomas, FC, Pseudo S en cara inferior y Pseudo R en cara inferior","Genero, Edad, síntomas, FC, eje eléctrico, y la respuesta con maniobras vagales","Genero, Edad, síntomas, FC, Pseudo S en cara inferior y Pseudo R en AVR, V1 y V2","Genero, Edad, síntomas, FC, Pseudo S en cara inferior y disociación AV",,"Genero, Edad, síntomas, FC, Pseudo S en cara inferior y Pseudo R en AVR, V1 y V2",1
Mujer de 35 años con Taquicardia Supraventricular por Reentrada Nodal,16. El pronostico es:,Malo para a función ventricular si no se corrige la etiología primaria.,Bueno con terapia eléctrica y crioablación,Bueno con terapia farmacológica y colocación marcapaso biventricular,Bueno con terapia farmacológica inicial y ablación con radiofrecuencia en el triangulo de Koch,,Bueno con terapia farmacológica inicial y ablación con radiofrecuencia en el triangulo de Koch,1
"Joven de 36 años de edad quien acude a evaluación prequirúrgica. Asintomático cardiovascular, con antecedente de síncope hace 2 años durante esfuerzo. EKG muestra patrón de preexcitación (Síndrome de Wolff-Parkinson-White).",17. El tratamiento de elección es:,Vigilancia ya que esta asintomático en ritmo sinusal.,"Beta bloqueadores, calcio antagonistas y/ó adenosina con ablación con radiofrecuencia","Amiodarona, procainamida o Ibutilide con ablación y marcapaso",Ablación con radiofrecuencia y flecainideóibutilide,,Ablación con radiofrecuencia y flecainideóibutilide,1
Mismo paciente con WPW que presenta Fibrilación Auricular preexcitada con respuesta ventricular rápida e inestabilidad hemodinámica (TA 80/40).,18. El tratamiento de elección es:,"Adenosina IV, Beta bloqueador y amiodarona IV","Beta bloqueadores, calcio antagonistas y/ó adenosina con ablación con radiofrecuencia","Amiodarona, Diltiazem con desfibrilación con 50 J.",Amiodarona ó propafenona con cardioversión eléctrica,,Amiodarona ó propafenona con cardioversión eléctrica,1
"Hombre de 68 años con cirrosis hepática CHILD C en tratamiento con propranolol. Presenta obnubilación, bradicardia (FC 45 lpm, TA 90/60). Antecedente de toma de difenhidramina.",19. ¿Cual sería su primera estrategia Terapéutica?,Atropina y suspensión de betabloqueador y difenhidramina,Suspensión de difenhidramina y betabloqueador,Suspensión de difenhidramina y betabloqueador con colocación de marcapaso temporal,"Suspensión de difenhidramina y betabloqueador, glucagón y gluconato de Calcio IV",,Suspensión de difenhidramina y betabloqueador,1
Paciente cirrótico con bradicardia por interacción de Propranolol y Difenhidramina,20. ¿Cuál es el mecanismo de este trastorno?,Disminución del periodo refractario de los haces internodales por inhibición del CYP3A4,Incremento de la fase 3 del potencial de acción por inducción del CYP3A4,Incremento de fase 2 y disminución de la fase de despolarización por inducción del CYP2D6,Disminución de la pendiente de despolarización secundario a la inhibición del CYP2D6,,Disminución de la pendiente de despolarización secundario a la inhibición del CYP2D6,1
Electrocardiograma que muestra taquicardia helicoidal o Torsades de Pointes,21. Tratamiento de elección:,"Corrección de hiperkalemia e hipocalcemia, hidrato de magnesio 20 mg IV.",Corrección de hipokalemia e hipercalcemia sulfato de magnesio 20 mg IV,"Corrección de QT, hipokalemia, hipocalcemia e hipomagnasemia, sulfato de magnesio 2 g IV","Corrección de QT, hiperkalemia, hipocalcemia e hipomagnasemia, sulfato de magnesio 1 g IV",,"Corrección de QT, hipokalemia, hipocalcemia e hipomagnasemia, sulfato de magnesio 2 g IV",1
Mujer de 58 años de edad con antecedente de prótesis valvular mitral. Acude por palpitaciones rápidas e irregulares por Fibrilación Auricular.,22. ¿Cuál es el tratamiento de elección?,"Apixaban, metoprolol, ASA y losartan","Warfarina, bisoprolol, enalapril y furosemide","Rivaroxaban, bisoprolol, enalapril y furosemide","Dabigatran, amiodarona, metoprolol, ASA y losartan",,"Warfarina, bisoprolol, enalapril y furosemide",1
"Hombre 67 años con cardiopatía dilatada por Chagas, en tratamiento con bisoprolol, enalapril, furosemide, acenocumarina y digoxina. FEVI 41%. EKG muestra bloqueo de rama. Insuficiencia cardiaca estadio C.",23. El siguiente paso en el tratamiento para ICC (Estadio C) es:,Agregar espironolactona y valoración para prevención de muerte súbita con DAI.,Agregar nitrato con hidralazina y terapia de re-sincronización,Proponer para trasplante de corazón con dispositivo,"Cambiar enalapril por losartan y furosemide por clortalidona, ya que el efecto actual no es el deseado",,Agregar espironolactona y valoración para prevención de muerte súbita con DAI.,1
Tratamiento farmacológico moderno de la Insuficiencia Cardiaca con Fracción de Eyección Reducida,24. Fármaco de primera línea en falla cardiáca:,Perindopril,Amiloride,Sacubitril-Valsartan,Enalapril,,Sacubitril-Valsartan,1
Farmacología en Insuficiencia Cardiaca,25. Efecto adverso más común del fármaco anterior (Sacubitril-Valsartan):,Disgeusia y angioedema,Diarrea e hiperkalemia,Hipotensión e hiperkalemia,Tos e hiperkalemia,,Hipotensión e hiperkalemia,1
Farmacoterapia inotrópica digital e Insuficiencia Cardiaca,26. ¿Cuál es el beneficio de utilizar digoxina en ICC?,Disminuye mortalidad en Insuficiencia cardiaca con fracción de eyección conservada y fibrilación auricular,Disminuye hospitalizaciones en Insuficiencia cardiaca con fracción de eyección conservada y fibrilación auricular,Disminuye hospitalizaciones en Insuficiencia cardiaca con fracción de eyección reducida y fibrilación auricular,Disminuye mortalidad en Insuficiencia cardiaca con fracción de eyección reducida y fibrilación auricular,,Disminuye hospitalizaciones en Insuficiencia cardiaca con fracción de eyección reducida y fibrilación auricular,1
"Señor de 67 años con antecedente de DM2, HAS y dolor torácico opresivo de 10/10. EKG con elevación del segmento ST en cara anterior (V1-V4).",27. ¿Cuál es el tratamiento inicial?,Trombolísis ó intervención coronaria percutánea,"Oxígeno, Morfina, Aspìrina, clopidogrel y metoprolol","Oxígeno, Nitratos, Aspirina, Prasugrel, IECA","No requiere oxígeno, Metoprolol, ASA, Ticagrelor , IECA",,Trombolísis ó intervención coronaria percutánea,1
Paciente de 67 años con IAMCEST anterior que presenta un nuevo soplo holosistólico en ápex y borde paraesternal izquierdo.,28. El diagnostico diferencial del soplo auscultado en el paciente incluye:,Regurgitación tricuspídea y insuficiencia pulmonar,CIV postinfarto e insuficiencia mitral,Frote pericárdico por Síndrome de Dressler con insuficiencia tricuspídea,Rotura de la pared libre del Ventrículo izquierdo con insuficiencia aórtica,,CIV postinfarto e insuficiencia mitral,1
Diagnóstico diferencial electrocardiográfico en urgencias cardiovasculares,"29.Los siguientes son diagnósticos diferenciales electrocardiográficos de elevación del segmento ST, excepto:",Repolarización precoz,Hipertrofia ventricular izquierda,Síndrome de Brugada,Síndrome deGanon-Levine,,Síndrome deGanon-Levine,1
"Señor con obesidad grado II postoperado de derivación gastroyeyunal. Acude por disnea súbita, síncope y choque obstructivo. Gasometría con gradiente A-a de 108. Diagnóstico de TEP de alto riesgo.",30. El tratamiento de elección en este paciente sería:,"Trombolisis, anticoagulación e inicio de ventilación mecánica invasiva","Aspirina, anticoagulación e inicio de ventilación mecánica invasiva","Trombofragmentación, anticoagulación e inicio de ventilación mecánica invasiva","Colocación de filtro e vena cava inferior, aspirina, anticoagulación e inicio de ventilación mecánica invasiva",,"Trombolisis, anticoagulación e inicio de ventilación mecánica invasiva",1
Paciente con sospecha de Tromboembolia Pulmonar (TEP),31. El método diagnóstico de elección es:,Gamagrama V/Q,Angioresonancia pulmonar,Angiotomografia pulmonar,USG doppler de vena cava inferior y extremidades inferiores,,Angiotomografia pulmonar,1
Señor de 68 años de edad que acude por síncope de esfuerzo. Soplo sistólico en foco aórtico con irradiación a cuello. Aumenta con elevación de piernas y disminuye con Valsalva. Estenosis aórtica severa sintomática.,32. El tratamiento de elección:,Vigilancia hasta tener más síntomas,Cambio valvular por prótesis mecánica,Cambio valvular percutáneo,"Tiene riesgo quirúrgico alto por edad, no hay beneficio de terapia quirúrgica",,Cambio valvular percutáneo,1
Paciente de 68 años con Estenosis Aórtica severa sintomática no tratada,33. El pronostico sin tratamiento seria:,Mortalidad en 3 años,Mortalidad en 2 años,Mortalidad en 5 años,"No tiene riesgo de mortalidad, se puede mantener vigilancia clínica.",,Mortalidad en 3 años,1
Guías de Tratamiento de Hipertensión Arterial Sistémica,34. Tratamiento de elección en hipertensión arterial sistólica aislada:,Amlodipino,Clortalidona,Telmisartan,Nevibolol,,Amlodipino,1
Manejo de Hipertensión Arterial en comorbilidades,35. Tratamiento de elección para HAS en pacientes con DM2:,"Ramirpriló Candesartan, Amlodipino y furosemide","Clortalidona, Atenolol y amiloride","Telmisartan, nevibolol, indapamida y captopril","Nevibolol, lisinorpil, verapamilo y furosemide",,"Ramirpriló Candesartan, Amlodipino y furosemide",1
Emergencias hipertensivas cardiovasculares,36. Tratamiento de elección en crisis hipertensiva con síndrome aórtico agudo:,"Amlodipino, nitroglicerina y reducir menos del 25% de la TAM en los primeros 15 minutos",Nitroglicerina con IECA/ ARAII y reducir el 25% de la TAM en las primeras dos horas,Nitropusiato y reducir > del 25% de la TAS en la primera hora,Nitrglicerina y reducir< del 25% de la TAS en la primera hora,,Nitropusiato y reducir > del 25% de la TAS en la primera hora,1
"Mujer de 35 años de edad con antecedente de diarrea hace dos semanas, acude por fiebre y dolor torácico que alivia al inclinarse hacia adelante. EKG con elevación difusa del ST cóncavo. Troponina I normal/baja.",37. El tratamiento de elección es:,"Indometacina, colchicina y esteroides por 8 semanas",Colchicina y esteroides durante 4-6 semanas.,"Ketorolaco, colchicina y esteroides, durante 8 semanas",Ibuprofeno y colchicina durante 4-6 semanas,,Ibuprofeno y colchicina durante 4-6 semanas,1
Paciente con Pericarditis Tuberculosa y Derrame Pericárdico Severo,38. Tratamiento de elección:,"RIF, INH, Etambutoly PZA con pericardiocentesis",Colchicina y esteroides y pericardiocentesis,"RIF, INH, Etambutol y PZA con pericardiectomía","Ibuprofeno, colchicina, corticoesteroides y ventana pericardica",,"RIF, INH, Etambutoly PZA con pericardiocentesis",1
Joven de 28 años con antecedente familiar de muerte súbita en 2 hermanos. Presenta síncope de esfuerzo y soplo sistólico que incrementa con Valsalva (Miocardiopatía Hipertrófica).,39. El tratamiento de elección sería:,Betabloqueadores no vasodilatadores y evaluar colocación de DAI.,Amiodarona y digoxina por probable FA con ICC,Terapia de re sincronización cardiaca y colocación de DAI,Ablacion con radiofrecuencia y colocación de Marcapaso,,Betabloqueadores no vasodilatadores y evaluar colocación de DAI.,1
Mujer de 30 años con síndrome de Marfan con dolor torácico opresivo súbito 10/10. AngioTAC muestra flap de disección desde raíz de aorta hasta aorta infrarrenal (Disección Aórtica Tipo A).,40.-El tratamiento de elección sería:,Betabloqueadores y terapia endovascular,Betabloqueador y reemplazo quirúrgico de la raíz de aorta con reimplante de coronarias,Betabloqueador y losartan para disminuir el riesgo de extensión de la disección,Betabloqueador y enalapril para disminuir la degeneración de la media,,Betabloqueador y reemplazo quirúrgico de la raíz de aorta con reimplante de coronarias,1
A 60-year-old man is referred with a 10-year history of gastroesophageal reflux for which he has been taking pantoprazol 40 mg. He smokes 4 cigarettes per day since he was 20.,41.- What is the next step in the management of this patient?,Continue PPI therapy with the same dose.,Perform an upper endoscopy,Perform and upper endoscopy only if the patient develops alarm symptoms.,Perform an ambulatory 24-hour pH monitoring.,Consider surgical treatment for gastroesophageal reflux.,Perform an upper endoscopy,1
Risk factors in Gastroesophageal Reflux Disease (GERD) and Barrett's Esophagus,"42. The following are risk factors for developing Barret’s esophagus, EXCEPT:",Men,Age >50 years,Tobacco,Alcohol,BMI,Alcohol,1
Histopathology of Barrett's Esophagus,43. Which of the following confirms the diagnosis of Barrett`s esophagus:,Intestinal metaplasia with globet cells,Intestinal metaplasia without globet cells,Salmon-pink mucosa above gastroesophageal junction,Intestinal metaplasia withdysplasia,Non oftheabove,Intestinal metaplasia with globet cells,1
Clinical features and complications of Barrett's Esophagus,44. Which of the following statements is NOT true about Barrett esophagus:,It is considered a premalignant condition,Patients with Barrett esophagus are prone to develop squamous cell cancer,Patients with Barrett esophagus are prone to develop adenocarcinoma,Patients with Barrett esophagus must undergo periodic endoscopic surveillance,Patients with Barrett and dysplasia need eradication therapy,Patients with Barrett esophagus are prone to develop squamous cell cancer,1
Management of Barrett's Esophagus without dysplasia,45. Multiples biopsies revealed Barret’s esophagus without dysplasia. Then you decide.,Endoscopysurveillance.,Life-long PPI therapy.,Sucralfate,A and B are correct.,A and C are correct.,A and B are correct.,1
Mujer de 70 años con dolor epigástrico intermitente que empeora con alimentos. Endoscopia muestra úlcera gástrica de 1 cm en antro. Niega hemorragia.,46. ¿Cuál de los siguientes factores no se considera un factor causal en el padecimiento de la paciente?,Uso de AINES,Adenocarcinoma gástrico.,Síndrome de Zollinger-Ellison.,Isquemia gastrointestinal,Dieta alta en irritantes,Dieta alta en irritantes,1
Mujer de 70 años con úlcera gástrica antral de 1 cm,47. ¿Cuál de las siguientes opciones NO es correcta en el manejo de la paciente?,Deben tomarse biopsias de la úlcera gástrica,Deben tomarse biopsias de la mucosa gástrica sana,Pantoprazol 40 mg cada 12 horas por 8 semanas,Debe realizarse una endoscopia de revisión a las 8 semanas,Colocar un clip por endoscopia para el cierre de la úlcera,Colocar un clip por endoscopia para el cierre de la úlcera,1
Tratamiento de erradicación de Helicobacter pylori,48. Se documentó H. pylori durante el abordaje diagnóstico. ¿Cuál de las siguientes opciones es la opción más apropiada para su tratamiento?,Claritromicina / amoxicilina / IBP por 7 días,Claritromicina / amoxicilina / IBP por 14 días,Tetraciclina / bismuto / metronidazol / IBP por 7 días,Tetraciclina / bismuto / metronidazol / IBP por 14 días,Amoxicilina / levofloxacino / IBP por 14 días,Tetraciclina / bismuto / metronidazol / IBP por 14 días,1
Pruebas de confirmación de erradicación de Helicobacter pylori,49. ¿Cuál de las siguientes NO se considera una opción apropiada para documentar erradicación por H. pylori?,Prueba de urea en aliento,Antígeno fecal para H. pylori,Prueba de ureasa,Examen histológico,Serología para H. pylori,Serología para H. pylori,1
"Hombre de 60 años con dispepsia, endoscopia con gastritis atrófica y metaplasia intestinal por H. pylori.",50. ¿Cuál de las siguientes aseveraciones no es correcta respecto a la condición del paciente?,El paciente tiene predisposición a úlcera gástrica,El paciente tiene predisposición a úlcera duodenal,El paciente tiene predisposición a adenocarcinoma gástrico,El paciente tiene predisposición a MALToma,Debido a la atrofia gástrica no sería necesario administrar tratamiento,Debido a la atrofia gástrica no sería necesario administrar tratamiento,1
Biopsia gástrica que muestra granulomas no caseificantes en mucosa gástrica,51. ¿Cuál de las siguientes condiciones podría asociarse con este hallazgo histopatológico?,Gastroenteritis eosinofílica,Enfermedad de Crohn,Tuberculosis,El hallazgo es explicable por H. pylori,Gastritis autoinmune,Enfermedad de Crohn,1
Histopatología gástrica: Atrofia epitelial con metaplasia intestinal,52. ¿Cuál es el significado de encontrar atrofia epitelial con metaplasia intestinal?,No tiene relevancia clínica,Se asocia a hipersecreción de ácido clorhídrico sobre todo cuando hay involucro del cuerpo y fondo,Se considera una condición premaligna en especial cuando se confina al antro,Se considera una condición premaligna en especial cuando el compromiso es difuso,No requiere en ningún caso endoscopia de vigilancia,Se considera una condición premaligna en especial cuando el compromiso es difuso,1
"Paciente con antecedente de gastritis atrófica que presenta anemia macrocítica (Hb 8 g/dL, VGM 110 fL) por deficiencia de vitamina B12.",53. ¿Cuál de los siguientes mecanismos fisiopatológicos explican esta complicación?,Pérdida crónica de hierro por inflamación gástrica,Alteración en la absorción de hierro por hipoclorhidria,Anticuerpos anti-células parietales,Anticuerpos anti-factor intrínseco,Pérdida de glándulas oxínticas,Anticuerpos anti-factor intrínseco,1
Biopsia antral que muestra hiperplasia foveolar sin infiltrado inflamatorio (gastropatía reactiva),54. ¿Cuál de los siguientes factores se relaciona con este hallazgo histopatológico?,Infección por H. pylori,Gastroenteritis eosinofílica,Gastritis autoinmune,Consumo de alcohol,Cirrosis hepática,Consumo de alcohol,1
Masculino de 20 años de edad con DM1 y vitíligo. Presenta diarrea crónica por malabsorción intestinal con D-xilosa baja.,"55. Todas las siguientes puede ser causas de diarrea crónica en el paciente, excepto:",Insuficiencia pancreática exócrina,Sprue tropical,Enfermedad de Crohn,Enfermedad celiaca,Sobrepoblación bacteriana,Insuficiencia pancreática exócrina,1
"Masculino de 20 años con DM1, vitíligo y síndrome de malabsorción con prueba de D-xilosa alterada.","56. En base a los antecedentes del paciente, ¿Cuál es su principal sospecha diagnóstica?",Enfermedad celiaca,Sobrepoblación bacteriana,Insuficiencia pancreática exocrina,Diarrea por sales biliares,Enfermedad de Whipple,Enfermedad celiaca,1
Paciente con sospecha diagnóstica de Enfermedad Celiaca,"57. De acuerdo a su sospecha diagnóstica, ¿Cuál es la prueba inicial de elección?",Aspirado yeyunal,Biopsia de duodeno,Biopsias de yeyuno e íleon,Tomografía computada de abdomen,Anticuerpos anti-transglutaminasa IG-A,Anticuerpos anti-transglutaminasa IG-A,1
Enfermedad Celiaca: Confirmación histopatológica,58. ¿Cuál de los siguientes hallazgos es probable encontrar en la prueba diagnóstica solicitada?,105Unidades formadoras de colonias de E. coli en el cultivo,Calcificaciones difusas en parénquima pancreático,Positividad de anticuerpos antitransglutaminas,Atrofia de vellosidades con infiltrado linfocítico,Infiltración con macrófagos PAS positivos,Atrofia de vellosidades con infiltrado linfocítico,1
Genética e inmunología de la Enfermedad Celiaca,59. ¿Cuál es el papel diagnóstico del HLA en estos casos?,Se asocia a HLA DR4 y DR8 y su presencia diagnostica la enfermedad,Se asocia a HLA DR4 y DR8 y su ausencia excluye la enfermedad,Se asocia a HLA DQ2 y DQ8 y su ausencia excluye la enfermedad,No tiene ningún valor diagnóstico,Se asocia a HLA DQ2 y DQ8 y su presencia diagnostica la enfermedad,Se asocia a HLA DQ2 y DQ8 y su ausencia excluye la enfermedad,1
Hombre de 55 años que consume 375 mL de ron (40% alcohol) al día desde hace 20 años.,60. De acuerdo a estos datos ¿Qué cantidad de alcohol en gramos toma diariamente?,60 gramos,40 gramos,70 gramos,90 gramos,110 gramos.,110 gramos.,1
Límites y consumo de riesgo de alcohol según guías clínicas,61. ¿Cuál de las siguientes opciones representa mejor la cantidad diaria máxima recomendada de consumo de alcohol?,20 gramos de alcohol en hombres / 30 gramos de alcohol en mujeres,30 gramos de alcohol en ambos sexos,60 gramos de alcohol en hombres / 30 gramos de alcohol en mujeres,30 gramos de alcohol en hombres / 20 gramos de alcohol en mujeres,10 gramos de alcohol en hombres / 20 gramos de alcohol en mujeres,30 gramos de alcohol en hombres / 20 gramos de alcohol en mujeres,1
"Hombre de 55 años con ictericia, hipertrofia parotídea, AST 200 U/L, ALT 100 U/L, GGT 500 U/L, Hb 10 g/dL con VGM 69 fL.",62. ¿Cuál de los hallazgos encontrados en el paciente NO es explicable por su ingesta excesiva de alcohol?,Patrón de ALT/AST 1:2,Elevación de la GGT a 500,Hipertrofia parotídea,Hiperbilirrubinemia de 22,VGM 69,VGM 69,1
Histopatología de la Hepatitis Alcohólica,63. ¿Cuál de los siguientes hallazgos histológicos NO es probable encontrar en caso de que a este paciente se le realizara una biopsia hepática?,Megamitocondrias,Cuerpos de Mallory,Infiltrado con polimorfonucleares,Esteatosis macrovesicular,Hepatitis de interfase,Hepatitis de interfase,1
Manejo de Hepatitis Alcohólica Severa (Puntaje de Maddrey = 68),"64. Se calculó un puntaje de Maddrey de 68. De acuerdo a este valor, ¿Cuál es la mejor conducta a seguir con este paciente?",Pentoxifilina,Prednisona,Pentoxifilina + Prednisona,Infliximab,Plasmaféresis,Prednisona,1
"Mujer de 23 años con dolor abdominal en mesogastrio, hematoquezia episódica, PCR/VSG elevada y tomografía con engrosamiento de íleon terminal y válvula ileocecal.",65. ¿Cuál es el diagnóstico más probable en este paciente?,Colitis ulcerativa,Ileítis por Yersinia,Enfermedad celíaca,Amebiasis intestinal,Enfermedad de Crohn,Enfermedad de Crohn,1
Mujer de 23 años con sospecha de Enfermedad de Crohn,"66. De acuerdo a su diagnóstico presuncional, ¿Cuál es el siguiente paso en el abordaje diagnóstico?",Colonoscopía con ileoscopía,Enteroscopía retrógrada,Videocápsula endoscópica,Coprocultivo para gérmenes poco usuales,Entero-resonancia magnética,Colonoscopía con ileoscopía,1
Características clínicas de la Enfermedad de Crohn,67. ¿Cuál de las siguientes NO es una característica de esta enfermedad?,Úlceras lineales profundas con áreas de mucosa sana intercaladas con zonas de mucosa enferma,Afección universal del recto,Elevación de títulos de ASCAS en algunos pacientes.,Afección perianal en algunos pacientes,Fístulas enterales en algunos pacientes,Afección universal del recto,1
Tratamiento de mantenimiento a largo plazo en Enfermedad Inflamatoria Intestina (Crohn),68. ¿Cuál de los siguientes fármacos NO es útil en el tratamiento a largo plazo de esta enfermedad?,Azatioprina,6 mercapto-purina,Prednisona,Infliximab,Metotrexate,Prednisona,1
Manifestaciones extraintestinales en Enfermedad Inflamatoria Intestinal,69. ¿Cuál de las siguientes NO es una manifestación extraintestinal típica de esta enfermedad?,Eritema nodoso,Pioderma gangrenoso,Uveítis,Artropatía axial,Penfigoide ampolloso,Penfigoide ampolloso,1
"Mujer de 42 años con hipercolesterolemia (330 mg/dL), fatiga, prurito incapacitante y cambios en la coloración de la piel.","70. De acuerdo a los datos comentados, ¿Cuál de las siguientes manifestaciones clínicas no sería concordante con el cuadro de la paciente?",Xantelasmas,Xantomas,Tiroiditis,Boca seca,Colangitis de repetición,Colangitis de repetición,1
"Mujer de 42 años con sospecha de Colangitis Biliar Primaria (CBP). FA 525 U/L, USG hepático normal.",71. ¿Cuál de los siguientes exámenes complementarios tiene mayor probabilidad de aportar información diagnóstica en esta paciente?,Anticuerpos anti-nucleares,Anticuerpos anti-mitocondriales,Anticuerpos anti-músculo liso,Anticuerpos anti-LKM 1,Anticuerpos anti-SLA,Anticuerpos anti-mitocondriales,1
Mujer de 42 años con Anticuerpos Anti-Mitocondriales (AMA) positivos y FA elevada.,72. El estudio previamente solicitado fue reportado positivo. ¿Cuál es el siguiente paso en el abordaje diagnóstico?,Biopsia hepática,Solicitar nivel de globulinas,Con la información actual ya tenemos diagnóstico,Anticuerpos anti-fosfolípidos,Colangio-resonancia magnética,Con la información actual ya tenemos diagnóstico,1
Tratamiento farmacológico de la Colangitis Biliar Primaria,73. ¿Cuál es el tratamiento de elección en este caso?,No existe tratamiento específico,Atorvastatina,Prednisona,Ácido Urso-desoxi-cólico,Esfinterotomía endoscópica,Ácido Urso-desoxi-cólico,1
Tratamiento sintomático del prurito en Colangitis Biliar Primaria,74. ¿Cuál de los siguientes tratamientos NO es útil en el manejo del prurito?,Colestiramina,Plasmaféresis,Sertralina,Rifampicina,Prednisona,Prednisona,1
A 60 year old woman with longstanding HCV compensated cirrhosis presents with 2 weeks of abdominal swelling and lower limb edema. Abdomen with shifting dullness. NSAID use for ankle sprain.,75. Which of the following is the most useful clinical clue for the diagnosis of ascites?,Fluid wave test,Shifting dullness,Flank percussion,Protruding umbilical hernia,Iceberg sign,Shifting dullness,1
Woman with HCV cirrhosis presenting with new onset ascites,76. Which of the following is the best next step in the workup of this patient?,Abdominal ultrasound,Diagnostic paracentesis,Abdominal CT,Observe her response to diuretics,TIPS,Diagnostic paracentesis,1
Decompensation factors in chronic liver disease,77. Which of the following is NOT a factor that contributes to new onset ascites in a patient with previously compensated cirrhosis?,Acute kidney injury,Hepatocellular carcinoma,Portal vein thrombosis,Progression of the primary liver disease,Encephalopathy,Encephalopathy,1
"Cirrhotic patient with AKI (Cr 1.6), low FeNa, SAAG 2.0. PMN count 125/hpf.",78. Which of the following options is not appropriate in the workup/treatment at this point?,Albumin 1 gr/kg,Hold NSAID use,Renal USG,Urinary sediment,Furosemide,Furosemide,1
Cirrhotic patient with Hepatorenal Syndrome - AKI progressing to Cr 3.5 despite albumin.,79. Which of the following is not an appropriate option in the management of this patient?,Albumin + terlipressin,Albumin + norepinephrine,Speed-up workup for liver transplant,Paracentesis as needed for tense ascites,Dialysis,Dialysis,1
"A 40 year old obese woman presents with 2 hours of severe epigastric pain radiating to back, with 5-6 bilious emesis episodes. Guarding on exam.",80. Which of the following is NOT an appropriate initial option in this patient diagnosis/management?,Crystalloid infusion / opioid analgesia,Nasogastric tube,Abdominal USG,Serum lipase,Begin antibiotics,Begin antibiotics,1
"Patient with acute pancreatitis, Lipase 1200, ALT 320, AST 300, Bilirubin 5 mg/dL.",81. Which of the following is the most likely cause of the clinical picture in this patient?,Persistent obstruction of the cystic duct by a stone,Choledocolitiasis,Pancreatic head mass,Pancreatic ductal calcifications,Pancreas divisum,Choledocolitiasis,1
Acute pancreatitis patient requiring intubation for respiratory failure / ARDS.,82. Which of the following options is NOT true about current patient condition?,According to Atlanta classification she has acute severe pancreatitis,There’s not enough information at this point to classify the severity of this patient pancreatitis,Diagnosis of acute severe pancreatitis mainly depends on persistent organ failure,"If the patient improves in the next hours and can be extubated, the pancreatitis could be classified as moderate",The patient has some predictors of severe acute pancreatitis but right now it cannot be classified as such,There’s not enough information at this point to classify the severity of this patient pancreatitis,1
"Pancreatitis patient in ICU showing clinical improvement after 24 hrs, bilirubin decreasing.",83. What’s the best strategy in the management of this patient biliary tract?,Program an early ERCP right now,ERCP when patient is discharged from the ICU,ERCP if the patient has cholangitis at some point,Not perform ERCP under any circumstance,Perform a biliary tract percutaneous drainage right now,ERCP if the patient has cholangitis at some point,1
"Patient 2 weeks after acute pancreatitis develops fever, WBC 18,000, CT shows peripancreatic necrosis with gas.",84. Which of the following is the best strategy for the management at this point?,Perform a fine needle aspiration biopsy,Initiate antibiotics and defer interventional procedures,Perform open necrosectomy,Perform endoscopic necrosectomy,Percutaneous drainage,Initiate antibiotics and defer interventional procedures,1
"A 70 year old man with painless jaundice, 10 kg weight loss, CT showing 2.8 cm mass in pancreatic head with CBD dilation.",85. Which of the following is the most appropriate next step in management?,Schedule an ERCP,Schedule an EUS with FNA,Pancreaticoduodenectomy,Refer him to medical oncology for chemotherapy,Palliative care,Pancreaticoduodenectomy,1
Pancreatic head solid tumor histopathology epidemiology,"86. Considering epidemiology, which of the following is the most likely diagnoses?",Lymphoma,Ductal adenocarcinoma,Acinar adenocarcinoma,IgG4 chronic pancreatitis,Retroperitoneal sarcoma,Ductal adenocarcinoma,1
Imaging characteristics of pancreatic ductal adenocarcinoma,87. Which of the following imaging features would not be expected in a patient with your diagnosis?,Pancreatic duct dilation,Atrophic pancreas,Diffuse pancreatic enlargement with sausage appearance,Non-enhacing mass,Vascular invasion in some patients,Diffuse pancreatic enlargement with sausage appearance,1
Staging and resectability of pancreatic ductal adenocarcinoma,88. Which of the following is NOT a typical feature of this disease?,It’s one of the most lethal cancers,"At time of presentation, tumors in the head are smaller than those in the body and tail",Only 10-20% are resectable at diagnosis,Superior mesenteric artery invasion makes tumor unresectable,Common liver duct invasion makes tumor unresectable,Common liver duct invasion makes tumor unresectable,1
Chemotherapy regimens in pancreatic adenocarcinoma,"89. When this group of patients need medical treatment, which of the following is NOT a usual option?",Gemcitabine,Oxaliplatin,Fluouracil,Prednisone,Irinotecan,Prednisone,1
"Hombre de 45 años con Hodgkin post quimioterapia hace 10 días, presenta fiebre, escalofríos y TA 95/60. Neutropenia febril.",90. ¿Cuál es el tratamiento inicial de elección en un paciente con FOD asociada a neutropenia?,Cefepime o imipenem + Amikacina,Imipenem más voriconazol,Amikacina más vancomicina,Ceftriaxona + Amikacina,,Cefepime o imipenem + Amikacina,1
Paciente neutropénico con fiebre persistente tras 4 días de Cefepime y Vancomicina.,91. ¿El tratamiento de elección para un paciente neutropénico que no mejora tras cuatro días en tratamiento con Cefepime y vancomicina es?,Agregar caspofungina más anfotericina B por probable candidiasis,Agregar Colistina por probable resistencia,Agregar Voriconazol por probable aspergilosis,Agregar trimetroprim sulfametoxazol pro probable infección por Serratia spp,,Agregar Voriconazol por probable aspergilosis,1
Infecciones en el paciente inmunocomprometido / neutropénico,92. El proceso infeccioso intestinal más frecuente en neutropénicos es:,Aspergilosis invasiva,Candidiasis hepática,Absceso perianal,Colitis por C. difficilae,,Colitis por C. difficilae,1
"Trasplantado de médula ósea en recuperación hematológica presenta fiebre, FA elevada y abscesos hepáticos/esplénicos en ojo de buey.",93. El diagnóstico probable es:,Fasciola hepática,Hepatitis por CMV,Candidiasis hepatoesplénica,Progresión de la neoplasia con infiltración a hígado,,Candidiasis hepatoesplénica,1
Infecciones en receptores de trasplante de órganos/médula,94. La principal causa infecciosa de rechazo de los injertos es:,Pseudomonas aeruginosa,Citomegalovirus,Candidiasis mucocutánea,Aspergillus spp,,Citomegalovirus,1
Definición y graduación de neutropenia en hematología/oncología,95. ¿Cómo se define la neutropenia profunda?,Neutrófilos periféricos menores de 3500/mL,Neutrófilos periféricos menores de 1000/mL,Neutrófilos periféricos menores de 500/mL,Neutrófilos periféricos menores de 100/mL,,Neutrófilos periféricos menores de 100/mL,1
"Masculino de 21 años con LMA postquimioterapia, presenta fiebre refractaria a antibióticos. TAC de tórax con nódulos pulmonares y signo del halo.",96. ¿Cuál sería la sospecha diagnóstica?,Mucormicosis,Histoplasmosis,Coccidiodomicosis,Aspergilosis,,Aspergilosis,1
Paciente con sospecha de Aspergilosis pulmonar invasiva,97. ¿Que estudio esperaría encontrar positivo?,Antígeno urinario de Histoplasma,Adenosin deaminasa,Galactomanano,Serología para Coccidioides,,Galactomanano,1
Factores de riesgo para Aspergilosis Invasiva,98. ¿Cuál es el factor de riesgo más importante para contraer esta entidad infecciosa?,Sexo masculino,Neutropenia prolongada,Uso previo de antibióticos,Neoplasia hematológico,,Neutropenia prolongada,1
Tratamiento antifúngico en Aspergilosis invasiva,99. ¿Cuál es el tratamiento de elección inicial?,Voriconazol,Terbinafina,Fluconazol,Griseofulvina,,Voriconazol,1
Histopatología de Aspergillus spp.,100. ¿Qué estructuras esperaríamos encontrar en cortes histológicos?,Hifas hialinas septadas con ramificaciones en ángulo de 45 grados,Levaduras intracelulares,Esférulas,Hifas gruesas no septadas con ramificación irregular en ángulo recto,,Hifas hialinas septadas con ramificaciones en ángulo de 45 grados,1
"Paciente de 35 años seropositivo a VIH con cefalea creciente, fotofobia, LCR con células 200/mm3 mononucleares, glucosa baja, presión >30 cmH2O.","101. De acuerdo a las caracterisiticas clínicas y epidemiológicas, el agente infeccioso mas frecuente es:",Haemophilus influezae,Meningococo,Streptococo pneumoniae,Criptococos neoformans,,Criptococos neoformans,1
Paciente VIH con sospecha de Meningitis por Cryptococcus,102. ¿Qué prueba diagnóstica solicitaría en el líquido cefaloraquideo?,Cultivo aeróbico,Tinta china,Antigeno de histoplasma,Aglutininas en LCR,,Tinta china,1
Tratamiento de la Neurocriptococosis en VIH,103. ¿Cuál es el mejor tratamiento para esta condición?,Ceftriaxona 2 gramos IV cada 12 horas,Ceftriaxona 2 gramos IV cada 12 horas + Vancomicina,Fluconazol 800mg IV al día,Anfotericina B + 5-Flucitosina,,Anfotericina B + 5-Flucitosina,1
"Paciente de 72 años con cefalea, fiebre, bradipnea, parálisis de VI par craneal y rigidez de nuca.","104. Basandose en las características clínicas y epidemiológicas, cual cree Ud que es el Dx mas probable del paciente:",Meningitis Aguda Bacteriana Probable,Absceso Cerebral probable,EVC hemorrágico,Meningoencefalitis viral Probable,,Meningitis Aguda Bacteriana Probable,1
Meningitis bacteriana aguda en el adulto mayor / anciano,"105. Respecto al caso anterior, cual cree que es el agente etiológico mas frecuente:",M. Tuberculosis,C.Neoformans,Meningococo,Listeria Monocytogenes,,Listeria Monocytogenes,1
Manejo farmacológico de Listeria monocytogenes,106. ¿Cual es el tratamiento específico para este microorganismo?,Amoxicilina clavulanato,Ampicilina + Gentamicina,Meropenem,Ceftriaxona + Vancomicina,,Ampicilina + Gentamicina,1
"En un país con 6 millones de hab. se produjeron 60,000 muertes en total. 30,000 muertes por cólera entre 100,000 enfermos de cólera.",107.¿Cuál fue la tasa de mortalidad específica por causa del cólera en 1995?,10 por 1000 habitantes,5 por 1000 habitantes,1 por 1000 habitantes,100 por 1000 habitantes,,5 por 1000 habitantes,1
Epidemiología: Tasa de letalidad en epidemia de cólera,108.¿Cuál fue la tasa de letalidad por causa del cólera en 1995?,10%,20%,30%,40%,,30%,1
Epidemiología: Tasa de letalidad,109.¿Cuál fue la tasa de letalidad por causa del cólera en 1995?,10%,20%,30%,40%,,30%,1
Paciente masculino de 37 años con VIH positivo y lesiones nodulares eritematosas-violáceas en cara e ingle.,110.¿Cuál es el diagnóstico clínico de las lesiones cutáneas en este paciente?,Sarcoma de Kaposi,TB cuténea,MAC,Linfoma cutáneo de células T,,Sarcoma de Kaposi,1
Etiología viral del Sarcoma de Kaposi,111.Esta enfermedad es producto de la siguiente infección:,Micobacteria atípica,Virus de Epstein bar,Mycobacterium tuberculosis complex,Herpes 8,,Herpes 8,1
Mecanismos de transmisión de HHV-8 en homosexuales masculinos,112.La vía más frecuentemente de transmisión en el grupo de pacientes con VIH del agente señalado previamente es:,Fecal-oral,Oral-Anal,Respiratorio,Parenteral,,Oral-Anal,1
"Paciente de 62 años con cuadro gripal severo de 3 días, infiltrados reticulonodulares y prueba rápida de influenza positiva.","113.Con respecto a la prueba rápida los siguientes enunciados son correctos, excepto:",Tiene una alta tasa de falsos positivos.,La sensibilidad es del 50-60%,Detecta influenza A y B,La especificidad de la prueba es muy alta >90%.,,Tiene una alta tasa de falsos positivos.,1
Tratamiento antiviral específico de la Influenza,114.El tratamiento especifico para influenza en este paciente debe de ser con:,"No requiere tratamiento, ya que tiene menos de 65 años y tiene ya más de 72 horas del inicio de la fiebre",Rimantadina oral,Oseltamivir oral,Amantadina oral,,Oseltamivir oral,1
Superinfección bacteriana pulmonar post-influenza,115.Los gérmenes que más comunmente dan neumonía post-influenza son:,H. influenzae y S. pneumoniae,S. aureus y S. epidermidis,S. aureus y S. pneumoniae,H. influenzae y S. aureus,,S. aureus y S. pneumoniae,1
"Masculino de 29 años con fiebre, ictericia, faringitis, hepatoesplenomegalia y linfocitos atípicos. EBV VCA IgM positivo.",116.El paciente tiene una hepatitis por:,Alcohol,Tóxica por medicamentos.,Síndrome retroviral agudo,Virus de Epstein bar,,Virus de Epstein bar,1
Pronóstico de la hepatitis por Mononucleosis Infecciosa (VEB),117.La etiología el paciente nos debe hacer pensar en que su pronóstico es:,Favorable sin tratamiento farmacológico,Desfavorable a pesar de tratamiento farmacológico,Favorable con el antídoto específico,Debe iniciar antiretrovirales para limitar la seroconversión,,Favorable sin tratamiento farmacológico,1
Diagnóstico molecular de infección activa por VEB,118.El diagnóstico de certeza en este caso se establece mediante:,Reacción de cadena de la polimerasa para EBV,Reacción de cadena de la polimerasa para HIV,Medición de niveles séricos de paracetamol,Medición de niveles séricos de etanol,,Reacción de cadena de la polimerasa para EBV,1
"A 19-years-old man with 3 days of fever, severe arthralgia, headache and rash after travel to Veracruz and Campeche.",119.What is the most probable diagnosis of this patient?,Malaria,Leptospirosis,Dengue fever,Zika virus infection,,Dengue fever,1
Management of Dengue fever without warning signs,120.What is the specific treatment for this patient?,"Paracetamol, rest, and active surveillance of warning signs",Amoxicillin and rest,Intravenous artesunate,He already has warning signs. The patient should be admitted.,,"Paracetamol, rest, and active surveillance of warning signs",1
Rapid diagnostic tests for Dengue virus,"121.In the diagnosis of this disease, what does the rapid diagnostic test detects?",IgG and IgM for specific flavivirus and NS1 antigenic protein,IgG and IgM for specific trophozoite parasite,There is no rapid diagnostic test commercially available,IgG and NS1 antigenic protein,,IgG and IgM for specific flavivirus and NS1 antigenic protein,1
"Mujer de 37 años con antecedente de hemorragia obstétrica masiva hace 11 años, agalactia, amenorrea secundaria, hipotiroidismo e hipoglucemia grave.",122.Cuál es tu primera sospecha diagnostica?,Leucemia,Síndrome de Sheehan,Insuficiencia suprarenal aislada,Hipotiroidismo autoinmune,,Síndrome de Sheehan,1
Tratamiento de reemplazo hormonal en el Panhipopituitarismo / Sheehan,123.El primer eje a reemplazar es:,Tirotropo,Gonadotropo,Corticotropo,,,Corticotropo,1
Estudios de imagen en necrosis hipofisaria posparto,124.La imagen caraceteristica en resonancia magnética es:,Presencia de microadenoma,Silla turca vacía,Aracnoidocele grado III,,,Silla turca vacía,1
Fisiopatología del Síndrome de Sheehan,125.¿Cuál de los siguientes ejes suele NO verse afectado en el síndrome de Sheehan?,Tirotropo,Gonadotropo,Corticotropo,Vasopresina,,Vasopresina,1
Etiopatogenia de la necrosis hipofisaria isquémica,126.Es cierto que la etiología de este padecimiento es infiltrativa:,Verdadero,Falso,,,,Falso,1
Diagnóstico diferencial de Hipertensión Arterial Secundaria (Feocromocitoma),"127.En este paciente, ¿cuales son los datos que lo harían sospechar de hipertensión secundaria?","Cefalea que se acompaña de palpitaciones, diaforesis y palidez",TA sistólica >180 mmHg en 3 determinaciones,Retinopatía grado I,Todas las anteriores,,"Cefalea que se acompaña de palpitaciones, diaforesis y palidez",1
Abordaje de la Hipertensión Arterial Secundaria,"128.De acuerdo con la edad y datos clínicos del paciente, ¿Cuáles son los diagnósticos que se deben descartar?","Disfunción tiroidea, displasia fibromuscular de la arterial renal","Coartación de la Aorta, Enfermedad renal","Feocromocitoma, hiperaldosteronismo, SAHOS","Aortoesclerosis de la arterial renal, hipotiroidismo",,"Feocromocitoma, hiperaldosteronismo, SAHOS",1
Etiopatogenia de la Hipertensión Renovascular,129.¿Que es la hipertensión renovascular?,Hipertensión secundaria a enfermedad oclusiva y progresiva de la arteria renal,Hipertensión secundaria a secreción autónoma de renina,Hipertensión secundaria a enfermedad renal crónica,Hipertensión secundaria a antagonistas del receptor de angiotensina,,Hipertensión secundaria a enfermedad oclusiva y progresiva de la arteria renal,1
Etiología del Hiperaldosteronismo Primario,130.¿Cual es la causa más frecuente de hiperaldosteronismo primario?,Enfermedad de Conn,Hiperplasia adrenal unilateral,Hiperplasia adrenal bilateral idiopática,Hiperaldosteronismo Familiar,,Hiperplasia adrenal bilateral idiopática,1
"Masculino de 28 años en tratamiento con risperidona. Presenta disfunción eréctil, libido baja, testosterona baja y Prolactina de 85 ng/ml.",131.Ante este cuadro clínico el siguiente estudio a solicitar sería:,Resonancia magnética de hipófisis,Tomografia de cráneo,Diluciones de prolactina,Suspender fármacos y repetir en 1 semana perfil hormonal,,Suspender fármacos y repetir en 1 semana perfil hormonal,1
Abordaje de la Hiperprolactinemia persistente,"132.En caso de que la prolactina persistiera elevada después del manejo inicial, cual seria el siguiente paso a seguir:",Solicitar perfil tiroideo y RM de hipófisis,"Solicitar perfil tiroideo, tomografía de cráneo y diluciones de prolactina",Solicitar RM de hipófisis sin contraste,Solicitar RM de hipófisis sin contraste + niveles IGF-1,,Solicitar perfil tiroideo y RM de hipófisis,1
Farmacología y metabolismo de la Prolactina,133.Cual de los siguientes fármacos no se asocia a hiperprolactinemia:,Risperidona,Cabergolina,Metroclopramida,Olanzapina,,Cabergolina,1
Manifestaciones clínicas de hiperprolactinemia en el varón,134.Con respecto a la hiperprolactinemia es muy común en hombres presentar galactorrea:,Verdadero,Falso,,,,Falso,1
Diagnóstico bioquímico de los Prolactinomas,135.Los valores arriba de 50 ng/ml de prolactina son diagnósticos de prolactinomas:,Verdadero,Falso,,,,Falso,1
Femenina de 41 años con AHF de cáncer medular de tiroides e hiperparatiroidismo. BAAF de nódulo tiroideo reporta Carcinoma Medular.,"136.Debido a los antecedentes familiares + el cuadro clínico actual, que síndrome sospechas en la paciente.",MEN1,MEN2A,MEN2B,MEN4,,MEN2A,1
Marcadores tumorales en Cáncer Medular de Tiroides,137. Cual es el marcador tumoral asociado al cancer medular de tiroides:,Tiroglobulina,Ca 19-9,Calcitonina,Ca 125,,Calcitonina,1
Tamizaje preoperatorio en Síndrome Neoplásico Endocrino Múltiple 2A (MEN2A),138.Cual de los siguientes estudios de tamizaje deberían realizarse en esta paciente antes de la tiroidectomía:,Metafrinas y normetanefrinas urinarias de 24 horas + calcio ionizado y PTH,Metefrinas y normetanefrinas urinarias de 24 horas + prolactina y resonancia magnética de hipófisis,Calcio ionizado y PTH + Resonancia pancreática y niveles de B12,Resonancia pancreática y niveles de B12 + prolactina y resonancia magnética de hipófisis,,Metafrinas y normetanefrinas urinarias de 24 horas + calcio ionizado y PTH,1
Genética molecular del Síndrome MEN2,139.La mutación asociada al cuadro clínico de la paciente es:,Gen de la menina en el cromosoma 11,Proto oncogen RET en el cromosoma 10,CDKN1B en el cromosoma 12,Gen tumor supresor RET en el cromosoma 11,,Proto oncogen RET en el cromosoma 10,1
Patrón de herencia en Neoplasias Endocrinas Múltiples,140.-El patrón de herencia de esta enfermedad es:,Autosomico dominante,Autosomico recesivo,Ligado al X,Poligenico,,Autosomico dominante,1
"Femenino de 38 años con colesterol total 395 mg/dL, LDL 331 mg/dL, xantomas tendinosos y AHF de hipercolesterolemia grave.",141.Tu sospecha diagnóstica es:,Hipercolesterolemia Familiar heterocigota,Hipercolesterolemia Familiar monocigota,Hiperlipidemia familiar combinada,Hiperlipidemia poligénica combinada.,,Hipercolesterolemia Familiar heterocigota,1
Genética de la Hipercolesterolemia Familiar,142.El patron de herencia de es esta enfermedad:,Autosomica dominante,Autosómica recesiva,Ligada al x,Poligenica,,Autosomica dominante,1
Bases moleculares de la Hipercolesterolemia Familiar,143.La mutación genética asociada a esta entidad es:,Alteraciones en el gen del receptor LDL,Alteracion en el gen APO A,Alteracion en LPL,,,Alteraciones en el gen del receptor LDL,1
Manejo farmacológico hipolipemiante intensivo,144.El tratamiento de elección es:,Cambios en el estilo de vida,Rosuvastatina 40 mg cada 24 horas,Ezetimibe 50 mg cada 24 horas,Fenofibrato 160mg cada 24 horas,,Rosuvastatina 40 mg cada 24 horas,1
Definición de Enfermedad Arterial Coronaria Prematura,145.Se considera enfermedad coronaria prematura:,hombres < 65 años y mujeres < 60 años,hombres < 55 años y mujeres < 60 años,hombres < 75 años y mujeres < 80 años,hombres < 45 años y mujeres < 50 años,,hombres < 55 años y mujeres < 60 años,1
"Mujer de 32 años con crecimiento acral de manos y pies, prognatismo, visión tubular y cefalea. Sospecha de Acromegalia.",146.Ante la sospecha clínica cual es el primer abordaje a realizar:,Solicitar niveles de IGF y medición de GH postsupresión con curva de glucosa,Solicitar resonancia magnética de hipófisis,Solicitar niveles de prolactina y macroprolactina,,,Solicitar niveles de IGF y medición de GH postsupresión con curva de glucosa,1
Tratamiento definitivo del Adenoma Hipofisario Productor de GH,147.El tratamiento de elección es:,Vigilancia,Cabergolina,Cirugía transesfenodial,Radioterapia,,Cirugía transesfenodial,1
Tratamiento farmacológico de segunda línea en Acromegalia,148.En pacientes con enfermedad persistente cual es tratamiento médico de elección:,Bromocriptina,Ocreotide,Temozolamida,Estrógenos,,Ocreotide,1
Tamizaje de complicaciones en Acromegalia,149.¿ Cuál de las siguientes tamizajes debe realizarse en personas con acromegalia?,Colonoscopia,Ecocardiograma,Densitometria,Todas las anteriores,,Todas las anteriores,1
"Mujer de 50 años con DM1, hiperpigmentación progresiva, astenia, hipotensión ortostática y parálisis flácida episódica.","150.¿Que diagnostico considera en una paciente con antecedente de DM tipo 1, historia de hiperpigmentación, hipotensión ortostática?",Insuficiencia suprarrenal primaria,Insuficiencia suprarrenal secundaria,Feocromocitoma,Hiperaldosteronismo,Hipoaldosteronismo,Insuficiencia suprarrenal primaria,1
Síndromes Poliglandulares Autoinmunes (SGA tipo 2 / Schmidt),151.¿Que otras endocrinopatías asocia a este padecimiento?,"DM tipo 2, enfermedad de graves","Hipoparatiroidismo, hipotiroidismo","DM tipo 1, enfermedad tiroidea autoinmune",Candidiasis crónica,"Acromegalia, insulinomas e hiperparatiroidismo","DM tipo 1, enfermedad tiroidea autoinmune",1
Tratamiento sustitutivo en Insuficiencia Suprarrenal Primaria,152.¿Cuál es el tratamiento a seguir en este caso?,Hidrocortisona 10mg cada 12 horas,Fludrocortisona 0.1mg cada día,Solución salina 1000cc Hidrocortisona 100mg en bolus y solución salina,A y B son correctas,,A y B son correctas,1
Etiopatogenia de la Insuficiencia Suprarrenal Primaria,153.La primera causa de insuficiencia suprarenal es hemorrágica,Verdadero,Falso,,,,Falso,1
Diagnóstico diferencial entre Insuficiencia Suprarrenal Primaria y Secundaria,154.La hiperpigmentación es un dato clásico de la insuficiencia suprarenal secundaria,Verdadero,Falso,,,,Falso,1
"Mujer de 34 años con aumento de peso de 20 kg, cara de luna llena, jiba dorsal, estrías violáceas y cortisol urinario elevado suppressible con 8 mg de dexametasona. Resonancia con macroadenoma hipofisario.",155.La principal sospecha es:,Enfermedad de Addison,Síndrome de Cushing,Prolactinoma,Acromegalia,,Síndrome de Cushing,1
Diagnóstico diferencial del Síndrome de Cushing,156.¿Cuál de los siguientes es un diagnóstico diferencial del síndrome del paciente?,SOAP,Insuficiencia suprarenal,Diabetes insipida,Galactorrea,,SOAP,1
Tratamiento del Adenoma Hipofisario en Enfermedad de Cushing,157.El tratamiento ideal definitivo para este paciente es ketoconazol :,Verdadero,Falso,,,,Falso,1
Morfología tumoral hipofisaria en Resonancia Magnética (12x13 mm),158.En el estudio de imagen se observa un :,Macroadenoma,Microadenoma,Prolactinoma,Glioblastoma,,Macroadenoma,1
Complicaciones postquirúrgicas de la Cirugía Transesfenoidal,159.Una de las complicaciones del tratamiento definitivo es:,Panhipopituitarismo,Diabetes tipo 2,Hepatotoxicidad,,,Panhipopituitarismo,1
Mujer de 55 años con menopausia quirúrgica temprana y alteración de densidad mineral ósea en densitometría.,"160.Además de la densitometría, que escala se utiliza para determinar el tratamiento de esta paciente:",Escala de Frax,Escala de Eugogo,Escala de Hutchinson,,,Escala de Frax,1
Evaluación metabólica ósea previa al tratamiento de Osteoporosis,161.¿Qué laboratorio solicitarías adicional antes de iniciar tratamiento en este paciente ?,Niveles 25 OHD,Calcio ionizado,Fósforo urinario,Gamagrama paratiroideo,,Niveles 25 OHD,1
Farmacología y efectos adversos de Bifosfonatos,162.El efecto adverso mas clasico del tratamiento de eleccion es:,Hipocalcemia,Fracturas atipicas,Osteosarcoma,Gastritis,,Gastritis,1
Criterios diagnósticos de Osteoporosis según la OMS,163.La osteoporosis solamente se puede diagnosticar cuando hay T score >2.5,VERDADERO,FALSO,,,,FALSO,1
"Hombre de 40 años con Miastenia Gravis, presenta úlceras orales dolorosas, ampollas en tronco con Nikolsky positivo y lesiones vegetantes axilares.",164. EL DIAGNÓSTICO MÁS PROBABLE ES:,PÉNFIGO VULGAR,PENFIGOIDE BULOSO,PENFIGO PARANEOPLÁSICO,DERMATITIS HERPETIFORME,,PÉNFIGO VULGAR,1
Formas clínicas de Pénfigo en la población mexicana,165. LA FORMA MÁS COMÚN EN MÉXICO ES:,POR IGA,FOLÁCEO,DISHIDRÓTICO,PARANEOPLÁSICO,,FOLÁCEO,1
Inmunopatología del Pénfigo Vulgar,166. LA SEROLOGÍA EN ESTA PACIENTE SERÁ POSITIVA CONTRA:,DESMOCOLINA,DEMOGLEÍNA 1 Y 3,TRANSGLUTAMINASA,PROTEÍNAS BP 180/230,,DEMOGLEÍNA 1 Y 3,1
Tratamiento inmunosupresor en Dermatosis Ampollosas Autoinmunes,167. EL TRATAMIENTO DE ELECCIÓN SERÁ:,SOPORTE,ESTEROIDES,AZATIOPRINA,CICLOFOSFAMIDA,,ESTEROIDES,1
Dermatosis inducidas por medicamentos,168. UNO DE LOS FÁRMACOS RELACIONADOS AL PÉNFIGO INDUCIDO POR MEDICAMENTOS ES:,SULFAS,CAPTOPRIL,CLOROQUINA,VANCOMICINA,,CAPTOPRIL,1
"Hombre de 18 años con lesiones denudadas múltiples, mucositis y estomatitis tras infección respiratoria tratada con antibiótico.",169. UNA INFECCIÓN QUE PUEDE ASOCIARSE EN LOS PACIENTES CON ESTE TIPO DE PROBLEMA DERMATOLÓGICO ES:,POR MYCOPLASMA PNEUMONIAE,POR VIRUS DE HEPATITIS B,POR VIRUS DE HEPATITIS C,POR HERPES VIRUS SIMPLE,,POR MYCOPLASMA PNEUMONIAE,1
"Paciente de 55 años con pápulas pruriginosas agrupadas en racimos, biopsia compatible con Dermatitis Herpetiforme.",170. UNO DE LOS COMPONENTES PRIMORDIALES EN EL SEGUIMIENTO DEBERÁ SER:,DIETA LIBRE DE GLUTEN,REALIZAR PCR PARA HERPES VIRUS,LIMITAR CONSUMO DE FÁRMACOS,CONTROL DE SÍNDROME METABÓLICO,,DIETA LIBRE DE GLUTEN,1
Tratamiento específico de la Dermatitis Herpetiforme,171. EL TRATAMIENTO DE ELECCIÓN PARA ESTE PACIENTE ES:,DAPSONA,ESTEROIDES,AZATIOPRINA,METOTREXATO,,DAPSONA,1
Tratamiento sistémico del Acné Inflamatorio Severo / Conglobata,"172. UN HOMBRE DE 17 AÑOS CON LESIONES EN CARA COMPATIBLES CON ACNÉ CONGLOBATA, DEBERÁ RECIBIR TRATAMIENTO CON:",FOTOTERAPIA,BENZOATO NA+,ISOTRETINOINA,CALCIPOTRIOL,ANTIBIÓTICOS,ISOTRETINOINA,1
Monitoreo de toxicidad por Retinoides Sistémicos,173. UNA VEZ INICIADO EL TRATAMIENTO SE DEBERÁ MONITORIZAR CON EXÁMENES DE:,BIOMETRÍA HEMÁTICA Y VSG,LÍPIDOS Y FUNCIÓN HEPÁTICA,CALCIO Y 25(OH) VITAMINA D,"CREATININA, MIOGLOBINA Y CPK",,LÍPIDOS Y FUNCIÓN HEPÁTICA,1
Antibiocoterapia sistémica en patología dermatológica inflamatoria,174. EL ANTIBIÓTICO DE ELECCIÓN QUE USTED DECIDE PARA PACIENTES ESTE PACIENTE ES:,AMOXICILINA,TETRACICLINA,CLINDAMICINA,CIPROFLOXACINO,,TETRACICLINA,1
Manejo farmacológico adjunto en Acné Conglobata,175. EL PACIENTE DEBERÁ RECIBIR DENTRO DEL ESQUEMA DE TRATAMIENTO:,ANTIBIÓTICO VS. ANAEROBIOS,DICLOXACILINA Y ACETAMINOFÉN,OPIÁCEOS Y NUTRICIÓN PARENTERAL,FACTOR DE CRECIMIENTO EPIDÉRMICO,,ANTIBIÓTICO VS. ANAEROBIOS,1
"Mujer de 25 años con placas eritematoescamosas nacaradas en cuero cabelludo y rodillas, y artritis psoriásica.",176. UN TRATAMIENTO CONTRAINDICADO EN ESTOS PACIENTES ES:,P U V A,RETINOIDE,ESTEROIDE,RAYOS U V,VITAMINA D,ESTEROIDE,1
Anatomía de la Cavidad Oral,¿Qué estructura NO forma parte de la mucosa oral?,Lengua,Paladar duro,Mucosa yugal,Cartílago nasal,,Cartílago nasal,1
Diagnóstico clínico de Candidiasis Oral,¿Cuál de las siguientes es la lesión elemental más frecuentemente asociada a candidiasis?,Vesículas,Placa blanca removible,Mancha pigmentada,Ulceración aftosa,,Placa blanca removible,1
Odontología preventiva y salud bucal,¿Cuál es el factor de riesgo más importante para caries dental?,Consumo frecuente de alimentos cariogénicos,Edad avanzada,Consumo de lácteos,Uso diario de flúor,,Consumo frecuente de alimentos cariogénicos,1
Patología Periodontal,¿Qué patología periodontal se caracteriza principalmente por inflamación sin pérdida ósea?,Periodontitis crónica,Gingivitis,Periodontitis agresiva,Pericoronitis,,Gingivitis,1
Manifestaciones orales de enfermedades sistémicas (Anemia Ferropénica),¿Cuál de las siguientes manifestaciones orales es más frecuente en pacientes con anemia ferropénica?,Macroglosia,Glositis atrófica (lengua depapilada),Hipercementosis,Abscesos recurrentes,,Glositis atrófica (lengua depapilada),1
Lesiones potencialmente malignas de la mucosa oral,¿Qué lesión oral debe considerarse potencialmente maligna hasta demostrar lo contrario?,Afta menor,Leucoplasia,Hipoplasia del esmalte,Cálculo supragingival,,Leucoplasia,1
Semiótica y examen estomatológico clínico,Se excluye del examen clínico estomatológico,Examen extraoral,Examen intraoral,Examen dentario,Colonoscopia,,Colonoscopia,1
Complicaciones infecciosas graves de origen odontogénico,¿Qué complicación bucal grave puede desarrollarse a partir de un absceso odontogénico no tratado?,Sialolitiasis,Angina de Ludwig,Liquen plano oral,Caries radicular,,Angina de Ludwig,1
Microbiología de las micosis orales,¿Cuál es el agente etiológico más frecuente de la candidiasis oral?,Candida albicans,Streptococcus mutans,Herpes virus tipo 1,Papilomavirus humano,,Candida albicans,1
Salud bucal en enfermedades metabólicas (Diabetes Mellitus),"En pacientes diabéticos mal controlados, ¿cuál es la enfermedad bucal más frecuente?",Periodontitis,Melanoma de mucosa oral,Amelogénesis imperfecta,Macroglosia,,Periodontitis,1
Topografía y epidemiología de la Leucoplasia Oral,¿Cuál es la localización más común de la leucoplasia en cavidad oral?,Paladar duro,Bordes laterales de la lengua y mucosa yugal,Piso de boca,Encía adherida,,Bordes laterales de la lengua y mucosa yugal,1
Prevención en Estomatología y Periodoncia,¿Cuál es el paso más importante para prevenir enfermedad periodontal?,Uso exclusivo de colutorios,Higiene oral correcta diaria,Comer alimentos blandos,Uso constante de prótesis,,Higiene oral correcta diaria,1
Diagnóstico diferencial en enfermedades gingivoperiodontales,Signo excluyente de la gingivitis:,Sangrado al sondaje,Retracción gingival severa,Inflamación de encías,Enrojecimiento marginal,,Retracción gingival severa,1
Semiología de las estomatitis aftosas,¿Qué aspecto describe mejor una úlcera aftosa menor?,Vesícula múltiple dolorosa,Placa blanca fija,"Úlcera superficial, redondeada, con halo eritematoso",Mancha pigmentada marrón,,"Úlcera superficial, redondeada, con halo eritematoso",1
Promoción de la salud bucal en medicina general,¿Qué medida preventiva básica debe reforzar el médico general en la consulta?,Uso de prótesis total,Cepillado dental dos a tres veces al día con pasta fluorada,Lavados con agua oxigenada cada hora,Uso diario de anestésicos tópicos,,Cepillado dental dos a tres veces al día certified con pasta fluorada,1
Patología bucal en inmunocomprometidos,¿Cuál es el hallazgo clínico oral más frecuente en pacientes inmunosuprimidos?,Caries en esmalte,Candidiasis pseudomembranosa,Macrodoncia,Displasia fibrosa,,Candidiasis pseudomembranosa,1
Manejo de urgencias odontogénicas,¿Cuál es la conducta correcta ante un paciente con absceso facial de origen dental?,Indicar solo analgésicos,Referencia urgente a odontología o cirugía maxilofacial,Enviar a casa sin tratamiento,Hacer limpieza superficial con alcohol,,Referencia urgente a odontología o cirugía maxilofacial,1
Etiopatogenia de la Caries y Enfermedad Periodontal,¿Qué es la placa dentobacteriana?,Lesión blanca de origen viral,"Capa blanda compuesta por bacterias, restos de alimentos y saliva",Depósito mineral duro,Cálculo supragingival,,"Capa blanda compuesta por bacterias, restos de alimentos y saliva",1
Criterios de referencia a Estomatología/Maxilofacial,¿Cuál es la indicación principal para referir a un paciente a estomatología especializada?,Dolor leve y pasajero,Lesiones sospechosas de malignidad o lesiones persistentes,Diente temporal en erupción,Halitosis ocasional,,Lesiones sospechosas de malignidad o lesiones persistentes,1
Diagnóstico y urgencias en Angina de Ludwig,¿Cuál es el signo más importante para sospechar angina de Ludwig?,Dolor lingual aislado,Edema rápido del piso de la boca y dificultad respiratoria,Dolor solo al cepillarse,Úlcera traumática,,Edema rápido del piso de la boca y dificultad respiratoria,1