Pregunta,Opción A,Opción B,Opción C,Opción D,Respuesta Correcta,Puntos,,,,,
"Paciente masculino de 7 meses con 3 días de diarrea acuosa, vómitos, ojos hundidos y signo de lienzo ++. ¿Cuál es el diagnóstico clínico de deshidratación?",deshidratación leve,deshidratación grave,deshidratación moderada,choque hipovólemico,deshidratación moderada,1,,,,,
"De todos los signos clínicos de deshidratación en pediatría, ¿cuál se incluye entre los más sensibles para el diagnóstico?",signo de lienzo,sed,ausencia de lagrimas,fontanela deprimida,signo de lienzo,1,,,,,
"Para un paciente masculino de 7 meses con deshidratación moderada instalada por pérdidas gastrointestinales, ¿cuál es el tratamiento indicado?",Rehidratación intravenosa,Plan A de hidratación,Cargas a 20 mlkgdosis,Plan B de hidratación,Plan B de hidratación,1,,,,,
"En el Plan B de hidratación oral para un lactante con deshidratación moderada, ¿qué solución específica se debe utilizar?",solución glucosa 5% con aporte de electrolitos,solución de rehidratación oral con sodio a 75 mEq/L y glucosa a 75 mg/dL (baja osmolaridad),solución de rehidratación oral con sodio a 45-90 mEq/L y relación 1:3,solución cristaloide isotónica,solución de rehidratación oral con sodio a 75 mEq/L y glucosa a 75 mg/dL (baja osmolaridad),1,,,,,
"Masculino de 6 años de edad ingresa por TCE moderado con Glasgow de 13 y peso de 20 kg. Si se decide dejar en ayuno, ¿cuál es el total de líquidos de mantenimiento para 24 horas usando la fórmula de Holliday-Segar?",1500 ml/24 horas,1300 ml/24 horas,1000 ml/24 horas,2000 ml/24 horas,1500 ml/24 horas,1,,,,,
"Al utilizar el método de Holliday-Segar para el cálculo de líquidos de mantenimiento en ayuno, ¿qué tipo de pérdidas y requerimientos hídricos basales se están cubriendo?",pérdidas insensibles y agua obligatoria renal,pérdidas insensibles y pérdidas sensibles basales (agua obligatoria renal y gastrointestinal sin déficit extra),agua obligatoria renal,pérdidas renales y déficit extra por pérdidas gastrointestinales,pérdidas insensibles y agua obligatoria renal,1,,,,,
"De acuerdo al método de Holliday-Segar, ¿cuál es el requerimiento basal de sodio que le corresponde al paciente por cada 100 ml de líquidos administrados?",5 meq/100 ml,3 meq/100 ml,30 meq/100 ml,50 meq/100 ml,3 meq/100 ml,1,,,,,
"De acuerdo al método de Holliday-Segar, ¿cuál es el requerimiento basal de potasio que le corresponde al paciente por cada 100 ml de líquidos administrados?",2 meq/100 ml,40 meq/100 ml,4 meq/100 ml,20 meq/100 ml,2 meq/100 ml,1,,,,,
Mencione cuál es la etiología o tipo de choque circulatorio más frecuente en la población pediátrica.,choque hemorrágico,choque séptico,choque hipovolémico,choque neurogénico,choque hipovolémico,1,,,,,
¿Cuál de las siguientes definiciones operacionales sobre estados de compromiso respiratorio y circulatorio es correcta?,dificultad respiratoria está caracterizado por signos de aumento o disminución del trabajo respiratorio con bradicardia habitual.,insuficiencia respiratoria es el estado clínico caracterizado por inadecuada oxigenación y adecuada ventilación con incremento constante del trabajo.,choque es el estado clínico caracterizado por un déficit de energía global (ATP) debido a inadecuada perfusión tisular resultando en entrega insuficiente de O2 y sustratos.,choque compensado es un estado de inadecuada perfusión con alteración marcada de la presión arterial sistólica y del gasto cardiaco.,choque es el estado clínico caracterizado por un déficit de energía global (ATP) debido a inadecuada perfusión tisular resultando en entrega insuficiente de O2 y sustratos.,1,,,,,
¿Cuál es el valor límite inferior de la presión arterial sistólica (percentil 5) aceptado para definir normotensión en un niño de 5 años?,70 mmhg,75 mmhg,80 mmhg,90 mmhg,80 mmhg,1,,,,,
"Niño de 5 años con tos, fiebre de 39ºC, taquipnea y dificultad respiratoria severa. Con puntas nasales a 3 L/min tiene Sat 85%, FC 135 lpm, PA 92/45 mmHg y estertores crepitantes bilaterales. ¿Cuál es la conducta inmediata más adecuada?",suministro de oxígeno con un dispositivo de alto flujo (mascarilla de no reinhalación parcial),intubación traqueal inmediata,tomar una radiografía PA y lateral de tórax,aspiración de secreciones y aumentar el flujo de oxígeno a 10 L/min,suministro de oxígeno con un dispositivo de alto flujo (mascarilla de no reinhalación parcial),1,,,,,
"Niño de 5 años presenta tos, fiebre de 39ºC, taquipnea, aleteo nasal, hipoxemia refractaria a bajo flujo y estertores crepitantes bilaterales. ¿Cuál es la principal sospecha diagnóstica?",crisis asmática,crup,bronquiolitis,neumonía,neumonía,1,,,,,
"Ante la sospecha clínica de neumonía en un paciente pediátrico con dificultad respiratoria y estertores crepitantes, ¿qué estudio de gabinete inicial es el indicado?",radiografía AP y lateral de cuello,espirometría,tele de torax,ningún estudio es necesario,tele de torax,1,,,,,
"En un paciente de 5 años con neumonía clínica, la biometría hemática reporta leucocitosis marcada con neutrofilia y bandemia. ¿Cuál es el agente bacteriano más probable?",virus sincicial respiratorio,activación de macrófagos y liberación de citocinas pro-inflamatorias,pneumococo,virus parainfluenza,pneumococo,1,,,,,
"Para un paciente pediátrico con diagnóstico establecido de neumonía bacteriana lobar por neumococo con respuesta inflamatoria sistémica, ¿cuál es el tratamiento antibiótico de elección?",ceftriaxona,tratamiento sintomático,penicilina g sódica cristalina,dexametasona y adrenalina nebulizada,ceftriaxona,1,,,,,
"Lactante de 8 meses letárgico, pálido, con antecedente de vómito y diarrea. Presenta FR 57, FC 198, pulsos periféricos débiles, llenado capilar de 5 segundos y TA 50/30 mmhg. ¿Cuál es el diagnóstico de estado de choque?",insuficiencia cardiorrespiratoria,deshidratación leve,taquicardia supraventricular con hipoperfusión,choque hipovolémico,choque hipovolémico,1,,,,,
"En un lactante de 8 meses en choque hipovolémico descompensado (TA 50/30, llenado capilar de 5 segundos), una vez de asegurar la vía aérea y con O2 suplementario, ¿cuál es la acción de reanimación hídrica indicada?",obtener una radiografía de tórax,dar líquidos de mantenimiento en infusión continua,administrar un bolo inmediato de 20 ml/kg de solución cristaloide isotónica IV,administrar adenosina a 0.1 mg/kg/dosis,administrar un bolo inmediato de 20 ml/kg de solución cristaloide isotónica IV,1,,,,,
"Masculino de 8 años con crisis de dificultad respiratoria, retracciones supraesternales marcadas, FR 50, Sat 89% aire ambiente, sibilancias bilaterales, FC 120, TA 85/65 y Temp 37.8°C. ¿Cuál es el manejo inicial correcto?",oxigeno a flujo libre a 10l/minuto y combivent nebulizado en serie de 3 con esteroide IV,oxígeno con mascarilla con reservorio a 5l/min con salbutamol DU y prednisona VO,oxigeno con puntas nasales con salbutamol seriado cada 20 minutos por 1 hora y prednisona VO,oxígeno con mascarilla con reservorio a 10l/min con salbutamol 0.15 mg/kg cada 20 min por 1 hora y prednisona 1-2 mg/kg VO,oxígeno con mascarilla con reservorio a 10l/min con salbutamol 0.15 mg/kg cada 20 min por 1 hora y prednisona 1-2 mg/kg VO,1,,,,,
"Al evaluar una crisis asmática mediante el índice o score pulmonar (Pulmonary Score), ¿qué parámetros específicos se cuantifican?",frecuencia respiratoria y uso de músculos accesorios con presencia de sibilancias o saturación,frecuencia respiratoria y uso de músculo esternocleidomastoideo con sibilancias (auscultación),frecuencia respiratoria y uso de músculos intercostales o subcostales con auscultación,frecuencia respiratoria y uso de músculos accesorios con oximetría de pulso aislada,frecuencia respiratoria y uso de músculo esternocleidomastoideo con sibilancias (auscultación),1,,,,,
"Un paciente de 8 años en crisis asmática presenta tras el manejo inicial: FC 140, FR 35, TA 89/65, Sat 92% con O2, uso moderado de músculos accesorios y sibilancias bilaterales. ¿Cómo se clasifica la gravedad de la crisis?",leve,moderada,grave,muy grave,moderada,1,,,,,
"Ante una crisis asmática clasificada como moderada persistente que no responde por completo a la primera hora de tratamiento, ¿cuál es el manejo continuo indicado?",oxígeno para mantener Sat > 90% con salbutamol nebulizado cada hora y esteroide más sulfato de magnesio,oxígeno para mantener Sat > 90% con esteroide cada 6 horas y salbutamol/ipratropio cada 2 horas,oxígeno para mantener Sat > 90% con salbutamol y bromuro de ipratropio combinados cada hora y esteroide sistémico,oxígeno para mantener Sat > 90% con salbutamol simple cada 2 horas,oxígeno para mantener Sat > 90% con salbutamol y bromuro de ipratropio combinados cada hora y esteroide sistémico,1,,,,,
"Al interrogar a un paciente con antecedentes de asma bronquial, ¿cuál es el factor de riesgo más importante para el desarrollo de una crisis de asma casi fatal?",antecedentes personales de atopia severa y bajo nivel socioeconómico,historia familiar directa de asma o más de 3 crisis en el último mes,antecedente previo de intubación y ventilación mecánica por una crisis asmática exacerbada,uso continuo de esteroides inhalados como esquema de mantenimiento diario,antecedente previo de intubación y ventilación mecánica por una crisis asmática exacerbada,1,,,,,
"Paciente de 8 años en manejo por crisis asmática. Tras 6 horas de vigilancia muestra adecuada tolerancia oral, Sat 92% sin O2 suplementario, FC 89, FR 28, TA 90/60, sin aumento de trabajo respiratorio y sibilancias espiratorias aisladas. ¿Cuál es la conducta?",continuar manejo hospitalario con salbutamol cada 4 horas y esteroide oral,mantener en observación en urgencias por 4 horas adicionales,iniciar esteroide inhalado de mantenimiento y tramitar ingreso a piso,egreso a domicilio con tratamiento inhalado ambulatorio (salbutamol + esteroide oral) y revisión en 24 horas,egreso a domicilio con tratamiento inhalado ambulatorio (salbutamol + esteroide oral) y revisión en 24 horas,1,,,,,
"Niña de 7 años con LAL pre-B en quimioterapia. Presenta fiebre de 39.5°C, tos, FC 166, FR 42, SpO2 87%, TA 76/36, estertores crepitantes, extremidades calientes con pulsos saltones, llenado inmediato y exantema petequial. ¿Cuál es el diagnóstico?",choque anafiláctico,choque cardiogénico,choque séptico (neutropenia febril),choque hipovolémico,choque séptico (neutropenia febril),1,,,,,
"En una paciente pediátrica con choque séptico descompensado, si tras administrar oxígeno se intenta canalizar dos accesos vasculares periféricos y no es posible tras 2 minutos, ¿cuál es la acción indicada?",intentar la colocación de un acceso venoso central,continuar intentos periféricos hasta cumplir 5 minutos totales,proceder de inmediato a la colocación de un acceso intraóseo (osteoclisis),realizar una venodisección quirúrgica tibial distal,proceder de inmediato a la colocación de un acceso intraóseo (osteoclisis),1,,,,,
"Una vez obtenido el acceso intraóseo en una paciente con choque séptico e hipotensión, ¿qué volumen total de solución cristaloide isotónica en cargas se puede administrar durante la primera hora si persiste la hipoperfusión sin datos de sobrecarga?",20 ml/kg/dosis y posteriormente valorar el uso de coloides,líquidos libres hasta un máximo de 80 ml/kg/hora,administración seriada de cargas de solución cristaloide hasta 60 ml/kg totales,la cantidad ilimitada que sea necesaria hasta normalizar la perfusión,administración seriada de cargas de solución cristaloide hasta 60 ml/kg totales,1,,,,,
"Paciente de 7 años con choque séptico refractario a volumen (ha recibido 60 ml/kg de cristaloides) que persiste con TA 90/36, extremidades calientes y llenado capilar inmediato (choque caliente refractario). ¿Cuál es el soporte vasoactivo inicial de elección?",administrar adrenalina por vía subcutánea a dosis de 0.1 mg/kg,iniciar una infusión continua de un vasopresor puro (norepinefrina),iniciar infusión de adrenalina a dosis bajas de 0.1 mcg/kg/min,iniciar el uso de un agente inotrópico puro (dobutamina),iniciar una infusión continua de un vasopresor puro (norepinefrina),1,,,,,
"En el manejo inicial del choque séptico en pediatría, ¿qué intervención terapéutica se debe realizar de manera prioritaria dentro de la primera hora del ingreso para reducir la mortalidad?",administración de antibióticos de amplio espectro dirigidos o empíricos,infusión combinada de antihistamínicos y esteroides sistémicos,inicio de soporte inotrópico temprano y corrección de calcio iónico,corrección agresiva de trastornos de la glucosa y transfusión por anemia,administración de antibióticos de amplio espectro dirigidos o empíricos,1,,,,,
"Al cumplir la primera hora de reanimación avanzada por choque séptico, el paciente se encuentra intubado y monitorizado. ¿Qué parámetro metabólico/gasométrico es la meta principal para evidenciar una adecuada reanimación?",aclaramiento de lactato sérico o un nivel de lactato menor a 2 mmol/L,corrección del exceso de base a un valor mayor a -5 mEq/L,mantenimiento de un índice cardiaco estrictamente entre 3.3 y 5 L/m²/min,saturación venosa central de oxígeno (SvcO2) persistentemente mayor al 75%,aclaramiento de lactato sérico o un nivel de lactato menor a 2 mmol/L,1,,,,,
Está atendiendo a un niño con sospecha de intoxicación grave por narcóticos u opiáceos. ¿Cuál de las siguientes opciones representa el manejo inicial prioritario?,abrir la vía aérea y apoyar la ventilación antes de administrar naloxona,administrar epinefrina para revertir la bradicardia,administrar primero naloxona y apoyar la ventilación si no hay respuesta,administrar bicarbonato para revertir la acidosis,abrir la vía aérea y apoyar la ventilación antes de administrar naloxona,1,,,,,
¿Cuáles serían los hallazgos clínicos clásicos que coincidirían con el toxíndrome por intoxicación grave por opiáceos/narcóticos?,miosis,bradicardia y salivación.,taquicardia,diaforesis y agitación.,bradicardia,estreñimiento y midriasis.,miosis,depresión respiratoria y coma,miosis,depresión respiratoria y coma,1
"Ante la presencia de dificultad respiratoria aguda y estertores crepitantes difusos en un paciente con intoxicación por opiáceos, ¿qué complicación pulmonar no cardiogénica sospecharía?",insuficiencia cardiaca,neumonía por aspiración.,edema agudo de pulmón,broncoespasmo,edema agudo de pulmón,1,,,,,
"Masculino de 16 años traído tras atropellamiento. Ingresa intubado con FC 145, TA 75/45, SpO2 81%, desviación traqueal a la izquierda, enfisema subcutáneo, elevación asimétrica y silencio respiratorio en hemitórax derecho, fractura de fémur. ¿Acción inicial?",asegurar permeabilización de la cánula endotraqueal,detener hemorragia femoral,conectar a un ventilador,obtener un segundo acceso vascular e iniciar carga de cristaloide,asegurar permeabilización de la cánula endotraqueal,1,,,,,
"Paciente politraumatizado de 16 años con desviación traqueal a la izquierda, silencio respiratorio derecho, ingurgitación y SpO2 81% refractaria. ¿Cuál es la siguiente acción de emergencia indicada?",reintubar al paciente,realizar descompresión con aguja en el segundo espacio intercostal línea media clavicular hemitórax derecho,retirar la cánula y ventilar con BVM,colocar una sonda pleural definitiva,realizar descompresión con aguja en el segundo espacio intercostal línea media clavicular hemitórax derecho,1,,,,,
"En el paciente politraumatizado de 16 años, la SpO2 sube a 90% tras aguja, pero persiste con ruidos disminuidos en hemitórax derecho y ahora se encuentra matidez a la percusión con TA 87/56 mmHg. ¿Cuál es la conducta?",iniciar carga de cristaloide isotónico y compresión en la fractura expuesta,solicitar pruebas rápidas y esperar sangre para administrar,administrar carga de albúmina al 5%,colocar sonda pleural (tubo de toracostomía derecho por hemotórax),colocar sonda pleural (tubo de toracostomía derecho por hemotórax),1,,,,,
"En un paciente víctima de trauma torácico cerrado de alta energía que presenta colapso pulmonar, desviación mediastínica y choque refractario inicial, ¿qué tipo de choque predomina?",choque hipovolémico,choque obstructivo,choque neurogénico,choque cardiogénico,choque obstructivo,1,,,,,
"Paciente politraumatizado de 16 años. Tras colocación de sonda pleural, la radiografía de tórax evidencia la presencia masiva combinada de aire y nivel opaco de líquido en espacio pleural derecho. ¿Qué diagnóstico confirma?",neumotórax,hemoneumotórax,contusión pulmonar,derrame pericárdico,hemoneumotórax,1,,,,,
"Ante la confirmación clínica y radiológica de un hemoneumotórax traumático masivo con persistencia de gasto hemático e inestabilidad, ¿cuál es la acción indicada?",colocación de sonda pleural de grueso calibre,descompresión repetida con aguja,punción pericárdica de urgencia,conectar al ventilador con PEEP elevada,colocación de sonda pleural de grueso calibre,1,,,,,
"Paciente politraumatizado de 16 años con TCE asociado. Muestra pupilas con anisocoria (pupila derecha de 4 mm fija, izquierda de 1 mm) y respuesta de retirada al dolor. ¿Qué diagnóstico de herniación cerebral realiza?",herniación uncal,herniación transtentorial,hipertensión endocraneana,herniación del cíngulo,herniación uncal,1,,,,,
"En la evaluación física inicial de un paciente pediátrico con traumatismo craneoencefálico grave, ¿qué signo clínico es altamente sugestivo de una fractura de la base anterior del cráneo?",salida de sangre por narinas,equimosis periorbitaria bilateral (“ojos de mapache”),trauma parietal aislado,anisocoria dinámica,equimosis periorbitaria bilateral (“ojos de mapache”),1,,,,,
"Ante un paciente con datos clínicos agudos de herniación uncal e hipertensión endocraneana inminente (anisocoria, deterioro neurológico), ¿qué medida médica de osmoterapia de primera línea realiza?",solicitar de inmediato una TAC de cráneo,administrar manitol al 20%,administrar una carga de solución salina hipertónica al 3%,hiperventilación transitoria controlada,administrar una carga de solución salina hipertónica al 3%,1,,,,,
"De acuerdo al mecanismo de lesión por trauma torácico cerrado de alta energía (atropellamiento), ¿qué tipo de lesión parenquimatosa pulmonar interna es la más frecuente?",contusión pulmonar,tórax inestable,neumomediastino,neumotórax visceral,contusión pulmonar,1,,,,,
"Masculino de 15 años tras actividad física intensa cursa con mareos, desorientación y síncope. Presenta FC 130, FR 35, TA 83/35, Temp 39.5°C, Glasgow 13 y sudoración profusa. ¿Cuál es su primera acción inmediata?",intubación orotraqueal,"administrar oxígeno al 100% con dispositivo de alto flujo, monitorizar e iniciar secuencia ABCDE",administrar antipirético de manera urgente vía intravenosa,iniciar con enfriamiento activo corporal,"administrar oxígeno al 100% con dispositivo de alto flujo, monitorizar e iniciar secuencia ABCDE",1,,,,,
"Tras la estabilización inicial y oxigenación de un paciente con sospecha de golpe de calor que persiste con hipotensión (TA 83/35) y deshidratación, ¿cuál es la siguiente acción?",solicitar TAC de cráneo urgente,canalizar dos vías periféricas de grueso calibre y administrar carga con solución cristaloide isotónica a 20 ml/kg,iniciar con soluciones de rehidratación vía oral tolerada,iniciar con líquidos de mantenimiento basal estricto vía IV,canalizar dos vías periféricas de grueso calibre y administrar carga con solución cristaloide isotónica a 20 ml/kg,1,,,,,
El enfriamiento activo para mitigar el daño tisular en un paciente con golpe de calor y disfunción neurológica se debe realizar de forma inmediata hasta alcanzar qué meta de temperatura central segura?,de manera pasiva hasta llegar a normotermia,de manera activa externa hasta llegar a normotermia,de manera activa interna/externa hasta llegar a 38 °C de forma segura,de manera pasiva ambiental hasta 37 °C,de manera activa interna/externa hasta llegar a 38 °C de forma segura,1,,,,,
¿Qué recomendación preventiva específica y eficaz es la indicada para evitar el golpe de calor por ejercicio extenuante en deportistas escolares?,no realizar ninguna actividad física o entrenamiento durante la estación de verano,"evitar realizar ejercicio intenso entre las 10 am y 4 pm, usar ropa ligera, hidratación continua y descansos frecuentes",enfriamiento activo con hielo previo al inicio de la actividad física,ingesta abundante de soluciones de rehidratación hiperbáricas exclusivamente posterior a la actividad,"evitar realizar ejercicio intenso entre las 10 am y 4 pm, usar ropa ligera, hidratación continua y descansos frecuentes",1,,,,,
"Niña de 4 años presenta de inicio gradual dificultad respiratoria leve, dolor faríngeo, estridor inspiratorio leve, tos traqueal perruna y disfonía. Fiebre de 38.6°C, FC 145, FR 65, SpO2 90%. ¿Intervención inicial más apropiada?",intubación traqueal inmediata,evaluación radiológica urgente de tejidos blandos de cuello,inmediata toma de gases arteriales y oximetría,aplicar oxígeno suplementario húmedo a tolerancia y continuar evaluación clínica cuidadosa,aplicar oxígeno suplementario húmedo a tolerancia y continuar evaluación clínica cuidadosa,1,,,,,
"Una niña de 4 años con un cuadro gradual de fiebre, disfonía, tos traqueal de tono perruno y estridor inspiratorio leve en reposo tiene como diagnóstico más probable:",epiglotitis aguda,crup (laringotraqueítis),traqueítis bacteriana,absceso retrofaríngeo,crup (laringotraqueítis),1,,,,,
"En un paciente pediátrico con diagnóstico clínico de crup (laringotraqueítis), ¿cuál es la etiología viral responsable de la gran mayoría de los casos?",infección por H. influenzae tipo b,infección por Streptococcus pyogenes,infección por virus parainfluenza humano,obstrucción subglótica por aspiración de cuerpo extraño,infección por virus parainfluenza humano,1,,,,,
¿Cuál es el esquema terapéutico de elección validado para el manejo de un paciente con crup de moderado a grave con estridor?,nebulización con adrenalina racémica o L-adrenalina más dexametasona sistémica (IM o VO),ceftriaxona IV de amplio espectro más asegurar la vía aérea,antibióticos IV empíricos más interconsulta urgente a cirugía,dicloxacilina IV de primera línea,nebulización con adrenalina racémica o L-adrenalina más dexametasona sistémica (IM o VO),1,,,,,
"En la proyección radiográfica anteroposterior de tejidos blandos de cuello de un paciente con laringotraqueítis (crup), ¿qué signo clásico se observa a nivel subglótico?",signo del pulgar (epiglotis edematosa),hiperinflación compensatoria o cuerpo extraño radiopaco,aumento del grosor del espacio retrofaríngeo blando,estrechamiento subglótico característico (“signo de la torre” o “punta de lápiz”),estrechamiento subglótico característico (“signo de la torre” o “punta de lápiz”),1,,,,,
"Paciente de 18 meses con caída de su propia altura con trauma parietal izquierdo y pérdida transitoria del estado de alerta de 1 min. Actualmente asintomático, Glasgow 15, hematoma subgaleal de 3x4 cm. Conducta según criterios PECARN:",dar de alta inmediata al paciente con hoja de datos de alarma a la madre,observación clínica estrecha continua en urgencias durante 2 a 6 horas,realizar radiografía AP y lateral de cráneo simple,realizar tomografía computarizada de cráneo (TAC) simple de urgencia,observación clínica estrecha continua en urgencias durante 2 a 6 horas,1,,,,,
"Con respecto a las manifestaciones clínicas en intoxicaciones agudas, ¿cuál de los siguientes síndromes o sustancias produce midriasis pupilar característica?",antihistamínicos (toxíndrome anticolinérgico),colinérgicos (organofosforados),opioides (narcóticos),sedantes hipnóticos (benzodiacepinas),antihistamínicos (toxíndrome anticolinérgico),1,,,,,
"Paciente de 3 años con crisis convulsiva tónico-clónica previa. EF: Temp 39ºC, FC 157, FR 30, TA 125/80, piel seca, rubicunda, pupilas midriáticas y peristalsis intestinal disminuida. ¿Qué toxíndrome integra?",intoxicación por simpaticomiméticos,intoxicación por colinérgicos,intoxicación por anticolinérgicos,intoxicación por sedantes hipnóticos,intoxicación por anticolinérgicos,1,,,,,
"Ante un paciente de 3 años con un toxíndrome anticolinérgico agudo secundario a la ingesta de fármacos psiquiátricos dentro de la primera hora del evento, ¿cuál es el mejor método de descontaminación digestiva?",lavado gástrico con sonda de grueso calibre,inducción mecánica del vómito,administración de una dosis única de carbón activado (1 g/kg),lavado intestinal total con solución de polietilenglicol,administración de una dosis única de carbón activado (1 g/kg),1,,,,,
Paciente de 3 años con toxíndrome anticolinérgico por ingesta de medicamentos de la abuela. El ECG muestra alargamiento del intervalo QT con riesgo de arritmias ventriculares. ¿Cuál es el fármaco tricíclico causal más probable?,propranolol,alprazolam,imipramina,ácido acetilsalicílico,imipramina,1,,,,,
"Ante la presencia de toxicidad miocárdica manifestada por alargamiento del intervalo QT o QRS secundario a sobredosis por antidepresivos tricíclicos (imipramina), ¿cuál es el tratamiento indicado?",bicarbonato de sodio IV (1-2 mEq/kg) para alcalinizar y bloquear canales de sodio,dosis múltiples de carbón activado seriado,naloxona en infusión continua,fisostigmina bajo monitoreo estricto,bicarbonato de sodio IV (1-2 mEq/kg) para alcalinizar y bloquear canales de sodio,1,,,,,
Mencione cuál es el antídoto específico de elección indicado para neutralizar la toxicidad hepática por sobredosis de acetaminofén.,carbón activado,n-acetilcisteína (NAC),deferoxamina,flumazenil,n-acetilcisteína (NAC),1,,,,,
"En un paciente intoxicado por monóxido de carbono que presenta niveles séricos de carboxihemoglobina (COHb) del 18%, ¿cuál es el tratamiento de primera línea indicado?",no representa una cifra de riesgo y puede egresarse de inmediato,administrar oxígeno al 100% con mascarilla con reservorio de alto flujo,intubación endotraqueal inmediata y soporte ventilatorio avanzado,manejo inmediato en cámara de oxigenación hiperbárica,administrar oxígeno al 100% con mascarilla con reservorio de alto flujo,1,,,,,
Mencione cuál es la dosificación estándar recomendada del carbón activado para la descontaminación gastrointestinal en pediatría.,50 g/kg,20 g/kg,5 g/kg,1 g/kg,1 g/kg,1,,,,,
"De las siguientes aseveraciones, mencione cuál es la composición molecular y electrolítica correcta de la solución de rehidratación oral de baja osmolaridad de la OMS actual:","glucosa 75 mmol/L, Na 75 mEq/L, K 20 mEq/L, Citrato 10 mmol/L, Cloro 65 mEq/L, osmolaridad 245 mOsm/L","glucosa 75 mmol/L, Na 75 mEq/L, K 20 mEq/L, Bicarbonato 30 mEq/L, Cloro 80 mEq/L","glucosa 248 mmol/L, Na 30 mEq/L, K 20 mEq/L, Bicarbonato 30 mEq/L, Cloro 40 mEq/L","glucosa 139 mmol/L, Na 45 mEq/L, K 20 mEq/L, Citrato 10 mmol/L, Cloro 50 mEq/L","glucosa 75 mmol/L, Na 75 mEq/L, K 20 mEq/L, Citrato 10 mmol/L, Cloro 65 mEq/L, osmolaridad 245 mOsm/L",1,,,,,
"Paciente de 5 años con caída de 4 metros de altura. EF: FC 110, FR 14, TA 90/60, SpO2 91%, solo abre ojos al dolor, emite sonidos incomprensibles, hematoma temporal derecho, otorraquia y anisocoria derecha fija. ¿Conducta inmediata correcta?",colocar un acceso vascular e iniciar carga rápida con solución salina a 20 ml/kg,colocar un acceso vascular e iniciar infusión de manitol a 0.25 g/kg,inmovilización estricta de la columna cervical y realizar secuencia de intubación rápida por compromiso neurológico,solicitar radiografía de cráneo simple y resonancia magnética urgente,inmovilización estricta de la columna cervical y realizar secuencia de intubación rápida por compromiso neurológico,1,,,,,
"Paciente de 5 años con traumatismo craneoencefálico grave que, una vez con vía aérea avanzada y estabilizada, persiste con datos clínicos de anisocoria por hipertensión endocraneana. ¿Cuál es su acción terapéutica inmediata?",solicitar de forma prioritaria una TAC simple de cráneo,administrar una carga rápida de solución salina hipertónica al 3 % para control osmótico,realizar hiperventilación profunda transitoria hasta corregir visualmente la anisocoria,solicitar de inmediato la valoración de urgencia por el servicio de neurocirugía,administrar una carga rápida de solución salina hipertónica al 3 % para control osmótico,1,,,,,
¿Cuál es el método de elección más adecuado para monitorizar de forma continua la evolución fisiopatológica y la presión de perfusión en un paciente con TCE grave?,solicitar la colocación de un transductor de presión intracraneal (PIC) intraparenquimatoso o ventricular,colocación de línea arterial invasiva y catéter venoso central para PVC,monitoreo continuo del dióxido de carbono exhalado (Capnografía),realización de electroencefalograma continuo en la unidad de cuidados intensivos,solicitar la colocación de un transductor de presión intracraneal (PIC) intraparenquimatoso o ventricular,1,,,,,
¿Cuáles son las metas fisiológicas y hemodinámicas primordiales a lograr durante el tratamiento de un paciente pediátrico con monitoreo de PIC?,presión arterial media mínima de 70 mmHg y PVC constante de 12 cm H2O,evidencia electroencefalográfica persistente de brote-supresión,mantenimiento de una PIC menor a 20 mmHg y una presión de perfusión cerebral (PPC) mínima de 60 mmHg,mantenimiento estricto de una PaCO2 entre 35 y 40 mmHg de forma aislada,mantenimiento de una PIC menor a 20 mmHg y una presión de perfusión cerebral (PPC) mínima de 60 mmHg,1,,,,,
"Usted presencia la caída súbita con pérdida de conciencia de un niño de 6 años durante una carrera escolar. Al acercarse a evaluarlo como primer respondiente, ¿cuál es la acción inicial correcta?","verificar el estado de conciencia y la presencia de respiración normal; si están alteradas, activar el sistema de emergencias y solicitar un DAE.",iniciar de inmediato ventilaciones de rescate con dispositivo de barrera.,determinar la presencia de pulso central por un mínimo de 15 segundos completos.,iniciar inmediatamente ciclos de compresiones torácicas de alta calidad.,"verificar el estado de conciencia y la presencia de respiración normal; si están alteradas, activar el sistema de emergencias y solicitar un DAE.",1,,,,,
"Tras activar el sistema de emergencias y confirmar la ausencia absoluta de pulso central en una víctima pediátrica con dos reanimadores activos en el sitio, ¿cuál es la relación compresión-ventilación indicada?",iniciar compresiones torácicas y respiraciones con una relación de 3:1 por 10 ciclos,iniciar compresiones torácicas y respiraciones con una relación de 5:1 por 5 ciclos,iniciar compresiones torácicas y respiraciones con una relación de 15:2 por 5 ciclos,iniciar compresiones torácicas y respiraciones con una relación de 30:2 por 5 ciclos,iniciar compresiones torácicas y respiraciones con una relación de 15:2 por 5 ciclos,1,,,,,
"Paciente masculino de 5 años y 2 meses que sufre caída desde dos escalones contra superficie dura. Presenta pérdida de alerta mayor a 5 min, un vómito y Glasgow de 13 desorientado. De acuerdo a la escala de Glasgow, ¿cómo clasifica el TCE?",traumatismo craneoencefálico leve,traumatismo craneoencefálico moderado,traumatismo craneoencefálico grave,traumatismo craneoencefálico leve-moderado,traumatismo craneoencefálico moderado,1,,,,,
"En un paciente mayor de 2 años evaluado por trauma craneal menor mediante criterios PECARN, ¿cuáles son los factores de riesgo de lesión intracraneal presentes en este caso?","vómito aislado, estado mental alterado (desorientación).",pérdida del estado de alerta y caída sobre superficie dura,hiperreflexia osteotendinosa y pérdida transitoria del estado de alerta,"vómitos, pérdida del estado de alerta y mecanismo de caída dura","vómitos, pérdida del estado de alerta y mecanismo de caída dura",1,,,,,
"De acuerdo con la clasificación de TCE moderado (Glasgow 13) y la presencia de múltiples factores de riesgo intermedios según PECARN en un niño mayor de 2 años, ¿qué estudio solicita?",radiografía AP y lateral de cráneo simple,tomografía computarizada (TAC) simple de cráneo,resonancia magnética nuclear cerebral urgente,radiografía AP y lateral de cráneo seguida de TAC contrastada si hay fractura,tomografía computarizada (TAC) simple de cráneo,1,,,,,
"Según las guías de trauma craneal menor en pacientes mayores de 2 años, ¿cuál de los siguientes se incluye entre los criterios directivos para la realización inmediata de una TAC simple de cráneo?",más de tres episodios de vómito documentados en 1 hora,evidencia física o sospecha fundada de fractura de la base del cráneo o hundimiento,hematoma subgaleal de localización estrictamente no frontal,crisis convulsivas precoces e inmediatas al trauma,evidencia física o sospecha fundada de fractura de la base del cráneo o hundimiento,1,,,,,
"En toxicología clínica, ¿qué síndrome (toxíndrome) se caracteriza por la presencia combinada de náuseas, vómitos, diarrea, sialorrea profusa, miosis pupilar y bradicardia?",síndrome adrenérgico,síndrome anticolinérgico,síndrome simpaticomimético,síndrome colinérgico,síndrome colinérgico,1,,,,,
Mencione cuál es el agente quelante considerado como el antídoto de elección específico para el tratamiento de la intoxicación aguda grave por hierro.,d-penicilamina,naloxona,deferoxamina,bal (dimercaprol),deferoxamina,1,,,,,
¿Cuál es el hallazgo bioquímico e inmunometabólico característico que confirma de forma rápida la sospecha de una intoxicación por metanol?,alcalosis respiratoria primaria con brecha aniónica normal,acidosis metabólica hiperclorémica con anion gap normal,acidosis metabólica con brecha aniónica (anion gap) y brecha osmolar aumentadas,acidosis metabólica pura con anion gap normal,acidosis metabólica con brecha aniónica (anion gap) y brecha osmolar aumentadas,1,,,,,
Mencione cuál es el fármaco antagonista y antídoto de primera línea indicado para revertir los efectos muscarínicos graves en la intoxicación por organofosforados.,azul de metileno,atropina,n-acetilcisteína,naloxona,atropina,1,,,,,
"En el caso específico de una intoxicación aguda o sobredosis por opioides con depresión respiratoria severa, ¿cuál es el antídoto de elección?",naloxona,protamina,flumazenil,azul de metileno,naloxona,1,,,,,
¿Cuál es el tratamiento farmacológico de elección (antídoto o sustrato competitivo) indicado para bloquear el metabolismo tóxico del etilenglicol?,d-penicilamina,etanol (o fomepizol),metanol puro,diálisis peritoneal inmediata,etanol (o fomepizol),1,,,,,
¿En qué condición clínica específica se justifica plenamente la realización de un lavado gástrico como medida de descontaminación en una intoxicación aguda?,si el tóxico ingerido disminuye de forma marcada la motilidad intestinal,si la ingestión del tóxico se realizó menos de 60 minutos previos a su llegada a urgencias,solamente de forma posterior a la utilización rutinaria de jarabe de ipecacuana,en cualquier caso de intoxicación por medicamentos de liberación prolongada sin importar el tiempo,si la ingestión del tóxico se realizó menos de 60 minutos previos a su llegada a urgencias,1,,,,,
Identifique cuál es la causa primaria y más frecuente que desencadena un paro cardiorrespiratorio en la población pediátrica.,insuficiencia cardiaca congestiva aguda,insuficiencia o fallo respiratorio progresivo (hipoxia),arritmias ventriculares primarias,traumatismo mayor o exanguinación,insuficiencia o fallo respiratorio progresivo (hipoxia),1,,,,,
"De acuerdo a las guías de reanimación cardiopulmonar avanzada de la AHA, ¿cuál es la recomendación de relación compresión:ventilación para RCP con dos reanimadores en niños?",15 compresiones por 2 respiraciones por 5 ciclos,30 compresiones por 2 respiraciones por 5 ciclos,15 compresiones por 2 respiraciones por 10 ciclos,30 compresiones por 1 respiración por 5 ciclos,15 compresiones por 2 respiraciones por 5 ciclos,1,,,,,
"Una vez que se ha colocado una vía aérea avanzada (tubo endotraqueal o dispositivo supraglótico) durante la RCP pediátrica, ¿cuál debe ser la secuencia correcta?",100 a 120 compresiones por minuto continuas con 1 respiración cada 2-3 segundos (20-30 rpm) asincrónicas,100 compresiones por minuto con 20 respiraciones sincrónicas fijas,80 compresiones por minuto con 10-20 respiraciones sincrónicas con la compresión,80 a 100 compresiones con 8-12 respiraciones asincrónicas por minuto,100 a 120 compresiones por minuto continuas con 1 respiración cada 2-3 segundos (20-30 rpm) asincrónicas,1,,,,,
¿Cuál es la dosificación y concentración correcta de la adrenalina indicada por vía intravenosa o intraósea durante el paro cardiorrespiratorio en pediatría?,0.01 mg/kg (0.1 ml/kg de la solución 1:10000),0.1 ml/kg de la solución diluida 1:1000 directa,0.1 mcg por kg de peso corporal total,0.15 mcg por kg de peso en bolo rápido,0.01 mg/kg (0.1 ml/kg de la solución 1:10000),1,,,,,
"En la clasificación de las quemaduras según su profundidad histológica, ¿en qué tipo existe destrucción de la epidermis, superficie eritematosa exudativa con flictenas (ampollas) y dolor intenso?",quemaduras de primer grado,quemaduras de tercer grado,quemaduras graves extensas,quemaduras de segundo grado (espesor parcial),quemaduras de segundo grado (espesor parcial),1,,,,,
¿Cuál de las siguientes opciones describe correctamente la fórmula de Parkland modificada utilizada para el cálculo de rescate hídrico en las primeras 24 horas en niños quemados?,10 ml/kg de solución Ringer Lactato multiplicado por el porcentaje de superficie corporal quemada,3 ml/kg de solución Ringer Lactato multiplicado por el porcentaje de superficie corporal quemada (%SCQ),5 ml/kg de solución Ringer Lactato por cada porcentaje de quemadura corporal,15 ml/kg de solución Ringer Lactato por % de superficie quemada total,3 ml/kg de solución Ringer Lactato multiplicado por el porcentaje de superficie corporal quemada (%SCQ),1,,,,,
¿Cuál de los siguientes hallazgos clínicos es un signo clásico y patognomónico de una fractura del piso anterior de la base del cráneo en un traumatismo?,equimosis periorbitaria bilateral bilateral (“ojos de mapache”),otorraquia franca,hemotímpano unilateral,hematoma subgaleal extenso difuso,equimosis periorbitaria bilateral bilateral (“ojos de mapache”),1,,,,,
"Ante un paciente pediátrico con diagnóstico de choque hemorrágico descompensado severo secundario a trauma, ¿cuál es el componente terapéutico de reposición de elección definitivo?",infusión intermitente de cargas de albúmina humana al 5%,transfusión inmediata de paquete globular (glóbulos rojos) empírico o cruzado,infusión continua de aminas vasoactivas a dosis elevadas,infusión continua de cargas masivas con solución cristaloide isotónica de forma aislada,transfusión inmediata de paquete globular (glóbulos rojos) empírico o cruzado,1,,,,,
"En pacientes pediátricos, ¿cuál es el fármaco de elección para el manejo del choque séptico hiperdinámico (choque caliente) con gasto alto y resistencias bajas que no responde a volumen?",adrenalina,norepinefrina,dobutamina,milrinona,norepinefrina,1,,,,,
"Paciente femenina de 2 años (13 kg) es traída 1 hora después de ingerir accidentalmente una botella de jarabe de acetaminofén (30 ml de concentración 80mg/1cc, dosis total 2400 mg o ~184 mg/kg). Se encuentra asintomática y con SV normales. ¿Cuál es el paso correcto?",proceder a intubación endotraqueal protectora de urgencia,mantener en observación pasiva sin intervenciones hasta cumplir las 4 horas de la ingesta,administrar carbón activado a dosis de 1 g/kg de inmediato y programar toma de niveles séricos a las 4 horas post-ingesta,inducir el vómito de forma mecánica con jarabe de ipecacuana,administrar carbón activado a dosis de 1 g/kg de inmediato y programar toma de niveles séricos a las 4 horas post-ingesta,1,,,,,
"Paciente de 2 años con sobredosis de acetaminofén (~184 mg/kg). Los niveles séricos medidos exactamente a las 4 horas post-ingesta reportan 200 mcg/mL, lo cual se sitúa en el rango de toxicidad hepática según el nomograma de Rumack-Matthew. ¿Qué acción realiza?",continuar la observación clínica por 6 horas más y egresar si se mantiene asintomático,iniciar de inmediato el tratamiento con el antídoto específico N-acetilcisteína (NAC) vía IV o VO,continuar administrando carbón activado cada 4 horas suspendiendo el uso de antídotos,iniciar de inmediato el protocolo prequirúrgico para realizar un trasplante de hígado urgente,iniciar de inmediato el tratamiento con el antídoto específico N-acetilcisteína (NAC) vía IV o VO,1,,,,,
¿A través de qué mecanismo fisiopatológico celular se ejerce la toxicidad hepática y la necrosis centrolobulillar por sobredosis de acetaminofén?,la acción directa de sus metabolitos conjugados por vía renal,la acumulación de su metabolito glucuronizado benigno,la acción directa de su metabolito sulfado saturado,la producción excesiva del metabolito reactivo NAPQI a través de las isoenzimas del citocromo P450,la producción excesiva del metabolito reactivo NAPQI a través de las isoenzimas del citocromo P450,1,,,,,
"Paciente de 17 años es traído por familiares tras encontrarlo obnubilado y profundamente dormido. Presenta FC 40, FR 8, TA 90/50, ausencia de reflejo nauseoso y pupilas puntiformes simétricas (miosis severa). ¿Cuál es el primer paso en su manejo?",administrar una carga rápida de glucosa hipertónica IV,obtener una muestra de orina inmediata para tamizaje toxicológico completo,administrar flumazenil intravenoso de forma inmediata,asegurar la permeabilidad de la vía aérea y establecer una adecuada ventilación mecánica/asistida,asegurar la permeabilidad de la vía aérea y establecer una adecuada ventilación mecánica/asistida,1,,,,,
"Un paciente de 17 años ingresa con un toxíndrome opioide clásico (coma, miosis puntiforme, depresión respiratoria, bradicardia). ¿Cuál de las siguientes sustancias es la responsable directa del cuadro clínico?",imipramina,midazolam,propranolol,codeína,codeína,1,,,,,
"Un adolescente refiere haber sido picado por una araña y trae el espécimen, el cual se identifica como una viuda negra (Latrodectus mactans). ¿Cuál es el síntoma clínico más frecuente y severo de este envenenamiento?",fiebre alta prolongada con exantema,necrosis cutánea extensa y ulceración en el sitio de la lesión,espasmos musculares intensos generalizados con rigidez abdominal y dolor lumbar,insuficiencia renal aguda oligúrica de inicio rápido,espasmos musculares intensos generalizados con rigidez abdominal y dolor lumbar,1,,,,,
"Lactante con cuadro de intoxicación aguda por sobredosis de tabletas de hierro. Se encuentra con vómitos persistentes, acidosis metabólica y la radiografía de abdomen evidencia múltiples fragmentos de tabletas radiopacas. ¿Qué método de descontaminación está indicado?",administración seriada de carbón activado,realizar una irrigación (lavado) intestinal total con solución con polietilenglicol,administración forzada de un catártico osmótico,inducción del vómito mediante jarabe de ipecacuana,realizar una irrigación (lavado) intestinal total con solución con polietilenglicol,1,,,,,
"Un adolescente de 16 años se encuentra inconsciente con debilidad generalizada, salivación excesiva (sialorrea), bradicardia extrema, fasciculaciones musculares y miosis pupilar severa. ¿Qué agente tóxico es el causante directo?",difenhidramina en dosis masivas,fenobarbital sódico,alcohol etílico,insecticidas organofosforados o carbamatos,insecticidas organofosforados o carbamatos,1,,,,,
Un preescolar acude a urgencias tras ingerir tabletas de sulfato ferroso (hierro elemental total calculado en >20 mg/kg). Se encuentra con vómitos hemáticos iniciales y letargia. ¿Cuál de los siguientes agentes quelantes específicos se debe administrar?,deferoxamina IV,EDTA (ácido etilendiaminotetraacético) cálcico disódico,BAL (British Anti-Lewisite / Dimercaprol),D-penicilamina vía oral,deferoxamina IV,1,,,,,
La presencia de una acidosis metabólica severa con brecha aniónica elevada (anion gap elevado) es un hallazgo de laboratorio característico de cuál de las siguientes intoxicaciones?,salicilatos,metanol y etilenglicol,acetaminofén,marihuana y benzodiacepinas,alcohol isopropílico,plomo y cocaína pura,bloqueadores de canales de calcio,aceite de pino y benzodiacepinas,salicilatos,metanol y etilenglicol,1
El desarrollo de un edema pulmonar no cardiogénico agudo acompañado de depresión respiratoria central es una complicación característica de la intoxicación por:,acetaminofén,bloqueadores de los canales de calcio,sustancias opiáceas (narcóticos),beta bloqueadores adrenérgicos,sustancias opiáceas (narcóticos),1,,,,,
"Un niño de 15 años acude por dolor abdominal, vómitos y letargia 2 horas después de ingerir líquido limpiaparabrisas (metanol). ¿Cuál de los siguientes estudios resulta más útil para establecer rápidamente el diagnóstico?",medición de niveles séricos cuantitativos de metanol,evidencia de una acidosis respiratoria pura en la gasometría arterial,presencia de cristales de oxalato de calcio en el examen de orina,el hallazgo de una acidosis metabólica con anion gap elevado y brecha osmolar aumentada,el hallazgo de una acidosis metabólica con anion gap elevado y brecha osmolar aumentada,1,,,,,
"Paciente masculino de 19 años presenta un cuadro gastrointestinal previo con vómito y diarrea. Horas después ingresa con espasmos masivos generalizados, distonía aguda con torsión de cuello y acatisia. ¿Qué fármaco causó este efecto extrapiramidal?",metoclopramida,difenhidramina,pralidoxima,atropina,metoclopramida,1,,,,,
"Masculino de 14 años con antecedente de dolor torácico ocasional. Ingresa por palpitaciones y ansiedad leve. SV: FC 197, FR 23, TA 100/60. Vía aérea permeable, sin dificultad respiratoria, ruidos cardiacos rítmicos muy rápidos sin soplos, llenado capilar 2 s, alerta. ¿Qué estudio solicita de primera instancia?",gasometría arterial y electrolitos séricos,radiografía digital de tórax (tele de tórax),electrocardiograma (ECG) completo de 12 derivaciones,ecocardiograma transtorácico bidimensional,electrocardiograma (ECG) completo de 12 derivaciones,1,,,,,
"En un paciente de 14 años hemodinámicamente estable con una frecuencia cardiaca de 197 lpm, el ECG muestra un ritmo regular con QRS estrecho (<0.09 s) y ausencia de ondas P visibles. ¿Cuál es el diagnóstico electrocardiográfico?",taquicardia ventricular monomórfica,taquicardia sinusal marcada,taquicardia supraventricular (TSV),torsión de puntas (Torsades de Pointes),taquicardia supraventricular (TSV),1,,,,,
"De acuerdo a las características clínicas y electrocardiográficas de una taquicardia supraventricular en un paciente pediátrico hemodinámicamente ESTABLE, ¿cuál es la primera línea de tratamiento indicada?",realización dirigida de maniobras vagales (hielo en cara o maniobra de Valsalva),tratar la causa médica desencadenante con antipiréticos o volumen,administración inmediata de sulfato de magnesio IV,infusión continua de amiodarona por vía central,realización dirigida de maniobras vagales (hielo en cara o maniobra de Valsalva),1,,,,,
"Al evaluar a un paciente pediátrico con una taquicardia supraventricular (TSV), ¿cuál es el factor clínico primordial que determina la elección de iniciar con maniobras vagales en lugar de cardioversión inmediata?",la presencia o antecedente de palpitaciones subjetivas,la edad cronológica exacta del paciente,el estado de estabilidad hemodinámica del paciente (ausencia de signos de choque),la intensidad del estado de ansiedad que presenta el paciente,el estado de estabilidad hemodinámica del paciente (ausencia de signos de choque),1,,,,,
"Si las maniobras vagales iniciales no logran revertir una taquicardia supraventricular en un paciente pediátrico que se mantiene estable, ¿cuál es la intervención farmacológica de primera elección?",adenosina en bolo rápido IV,amiodarona en infusión lenta,lidocaína en bolo intravenoso,infusión rápida de solución fisiológica isotónica,adenosina en bolo rápido IV,1,,,,,
Mencione cuál es la dosificación inicial correcta recomendada de la adenosina administrada en bolo rápido por una vía venosa proximal para la reversión de una TSV en pediatría.,5 mg/kg/dosis,1 mg/kg/dosis,20 ml/kg/dosis en carga,0.1 mg/kg/dosis (máximo 6 mg en la primera dosis),0.1 mg/kg/dosis (máximo 6 mg en la primera dosis),1,,,,,
"Paciente de 14 años con TSV. Tras dosis de adenosina persiste con ritmo acelerado. Revaloración: FR 28, FC 198, pulsos distales apenas perceptibles, llenado capilar de 4 segundos, TA 87/45 e inicio de letargia (choque). ¿Cuál es el tratamiento?",desfibrilación eléctrica inmediata no sincronizada a 2 J/kg,cardioversión eléctrica sincronizada inmediata (0.5 a 1 J/kg) bajo sedación si es posible,administración intravenosa de verapamilo con monitorización,infusión continua de esmolol de acción corta,cardioversión eléctrica sincronizada inmediata (0.5 a 1 J/kg) bajo sedación si es posible,1,,,,,
"Lactante de 2 meses ingresa por cianosis y dificultad respiratoria. SV: FC 176, FR 60, TA 75/48, Sat 78% aire ambiente. EF: tiraje intercostal, estertores crepitantes, piel fría y moteada, llenado capilar 4 s, ritmo de galope, hepatomegalia de 6 cm y edema periférico. ¿Sospecha diagnóstica?",síndrome nefrótico agudo,choque cardiogénico secundario a miocarditis / insuficiencia cardiaca aguda,insuficiencia renal aguda con sobrecarga de volumen,neumonía comunitaria complicada con hipoxia,choque cardiogénico secundario a miocarditis / insuficiencia cardiaca aguda,1,,,,,
"En un lactante menor con insuficiencia cardiaca congestiva aguda y choque cardiogénico, ¿cuál de los siguientes signos clínicos es el más específico para confirmar la falla ventricular izquierda?",presencia de estertores crepitantes pulmonares bilaterales,audición de un ritmo de galope (S3/S4) en la auscultación cardiaca,desarrollo de edema blando en miembros inferiores,presencia de edema periorbitario marcado,audición de un ritmo de galope (S3/S4) en la auscultación cardiaca,1,,,,,
"Ante un lactante con choque cardiogénico descompensado e insuficiencia cardiaca congestiva, ¿cuál debe ser el manejo e intervención hídrica inicial correcta?",administración inmediata de oxígeno y esquema antibiótico de amplio espectro,administración de oxígeno y valorar el uso juicioso de una carga de solución cristaloide muy lenta a 5-10 ml/kg,administración inmediata de esteroides sistémicos a dosis altas,administración agresiva de un diurético de asa (furosemida) como medida aislada inicial,administración de oxígeno y valorar el uso juicioso de una carga de solución cristaloide muy lenta a 5-10 ml/kg,1,,,,,
"Para mejorar la contractilidad miocárdica, disminuir las resistencias vasculares y optimizar el gasto cardiaco en un paciente pediátrico en choque cardiogénico establecido, ¿qué terapia añade?",valorar el inicio de diálisis peritoneal urgente,inicio de un agente inotrópico o inodilatador (como dobutamina o milrinona) en infusión continua,uso de un agente inmunosupresor esteroideo,administración aislada de oxígeno con dispositivo de alto flujo,inicio de un agente inotrópico o inodilatador (como dobutamina o milrinona) en infusión continua,1,,,,,
"En la radiografía de tórax de un lactante con insuficiencia cardiaca congestiva izquierda descompensada y choque cardiogénico, ¿qué hallazgo radiológico coincide con los estertores crepitantes bilaterales?",presencia de una zona de consolidación apical derecha,patrón radiológico de edema agudo de pulmón (infiltrado alveolar difuso/alas de mariposa),datos de hiperinflación pulmonar generalizada con aplanamiento diafragmático,presencia de infiltrado intersticial bilateral reticular aislado,patrón radiológico de edema agudo de pulmón (infiltrado alveolar difuso/alas de mariposa),1,,,,,
"Paciente femenino de 7 años acude por sospecha de mordedura de un animal. SV normales. EF: marcas puntiformes en pantorrilla derecha con induración, dolor intenso local y edema de 12 cm de diámetro; sin rigidez muscular ni síntomas neurológicos. ¿Qué sospecha?",mordedura por serpiente coralillo (Micrurus),mordedura por serpiente de cascabel (Crotalus / viperino),mordedura por araña viuda negra (Latrodectus),mordedura por araña violinista (Loxosceles),mordedura por serpiente de cascabel (Crotalus / viperino),1,,,,,
"De acuerdo con el diagnóstico de envenenamiento crotálico (serpiente de cascabel) con afección local moderada (edema >10 cm, dolor), ¿cuál es el tratamiento específico indicado?",administración inmediata de suero anticrotálico faboterápico (6 viales iniciales IV),administración de suero antiviperino variedad Sonora a dosis de 3 viales,uso exclusivo de dapsona oral para limitar la progresión,administración de suero antiviuda negra por vía intravenosa,administración inmediata de suero anticrotálico faboterápico (6 viales iniciales IV),1,,,,,
"Durante el monitoreo de un paciente en tratamiento por mordedura de serpiente de cascabel, ¿cuál de los siguientes hallazgos clínicos indica directamente el fracaso del antiveneno y la necesidad de dosis adicionales?",presencia de parestesias localizadas en el sitio de la mordedura,progresión continua del edema local con aparición de nuevas flictenas o ampollas hemorrágicas,desarrollo de rigidez muscular generalizada precoz,evolución tardía e inevitable de la lesión cutánea hacia la necrosis,progresión continua del edema local con aparición de nuevas flictenas o ampollas hemorrágicas,1,,,,,
"En un paciente con envenenamiento por mordedura de serpiente en el que se ha logrado el control de los síntomas locales y sistémicos tras el antiveneno a las 8 horas, ¿cuál es la conducta correcta?",continuar de forma indefinida con la administración de anti-veneno,egresar de forma inmediata con cita de control externo a las 24 horas,mantener en observación clínica continua y monitoreo de tiempos de coagulación hasta completar un mínimo de 24 horas,iniciar tratamiento antibiótico profiláctico de amplio espectro,mantener en observación clínica continua y monitoreo de tiempos de coagulación hasta completar un mínimo de 24 horas,1,,,,,
"¿Qué tipo de toxinas predominan en el veneno de las serpientes de la familia Viperidae (cascabel) que condicionan el daño tisular local, el edema y las alteraciones de la coagulación?",hemotoxinas y enzimas proteolíticas/miotóxicas,neurotoxinas presinápticas puras,escorpaminas bloqueadoras de canales iónicos,hialuronidasas puras sin actividad lítica,hemotoxinas y enzimas proteolíticas/miotóxicas,1,,,,,
"Lactante de 6 meses con 2 días de rinorrea y fiebre. Hoy presenta taquipnea, dificultad respiratoria. SV: FC 167, FR 53, Sat 89% aire ambiente. EF: estertores crepitantes bilaterales y sibilancias espiratorias difusas, piel caliente. ¿Sospecha diagnóstica?",neumonía lobar bacteriana,bronquiolitis aguda,crup agudo obstructivo,crisis asmática del lactante,bronquiolitis aguda,1,,,,,
"Ante un lactante de 6 meses con un cuadro clásico de bronquiolitis aguda en su primer episodio con sibilancias, ¿cuál es el método indicado para establecer el diagnóstico?",toma obligatoria de una placa de tórax digital,realización de una espirometría con prueba de broncodilatación,"ninguno, el diagnóstico de la bronquiolitis es eminentemente clínico",toma de una placa lateral de cuello,"ninguno, el diagnóstico de la bronquiolitis es eminentemente clínico",1,,,,,
¿Cuál es el pilar terapéutico de soporte respiratorio de elección indicado para un lactante con bronquiolitis aguda moderada con hipoxemia (Sat 89%)?,nebulización combinada de dexametasona y adrenalina,nebulización con solución salina hipertónica al 3 % bajo criterio de ensayo clínico y administración de oxígeno suplementario húmedo,administración de prednisona oral y salbutamol inhalado seriado,antibioticoterapia empírica intravenosa inmediata,nebulización con solución salina hipertónica al 3 % bajo criterio de ensayo clínico y administración de oxígeno suplementario húmedo,1,,,,,
¿Cuál de los siguientes se considera el factor de riesgo más importante para el desarrollo de un cuadro grave o complicaciones en un lactante con bronquiolitis aguda?,presencia de una cardiopatía congénita subyacente o antecedente de prematurez,antecedente de un cuadro similar previo que ameritó el uso de ventilación mecánica,presencia clínica de estridor inspiratorio en reposo,presencia radiológica de un derrame pleural asociado,presencia de una cardiopatía congénita subyacente o antecedente de prematurez,1,,,,,
Mencione cuál es el agente etiológico viral responsable de la gran mayoría de los casos de bronquiolitis aguda en lactantes.,virus sincicial respiratorio (VSR),Streptococcus pneumoniae,alérgenos ambientales específicos,virus parainfluenza tipo 2,virus sincicial respiratorio (VSR),1,,,,,
"Masculino de 5 años rescatado de un incendio doméstico. Ingresa inconsciente con FC 176, FR 54, TA 70/40 y SpO2 87%. Presenta quemaduras faciales y hollín en narinas. ¿Cuál es la indicación absoluta de intubación endotraqueal inmediata?",intoxicación sistémica por monóxido de carbono confirmada,sospecha fundada de lesión por inhalación de la vía aérea (quemadura de vía aérea),puntuación en la escala de coma de Glasgow disminuida de forma aislada,estado de choque distributivo/hipovolémico grave por quemaduras,sospecha fundada de lesión por inhalación de la vía aérea (quemadura de vía aérea),1,,,,,
"En un paciente pediátrico rescatado de un incendio con sospecha de lesión por inhalación y choque, una vez asegurada la vía aérea mediante intubación, ¿cuál es la acción prioritaria inmediata?",colocar un acceso intraóseo/venoso y administrar una carga inmediata de solución cristaloide isotónica a 20 ml/kg por choque,realizar una broncoscopia de urgencia para evaluar la mucosa traqueal,calcular la superficie corporal quemada exacta e iniciar el esquema de restitución hídrica de 24 horas,administrar oxígeno al 100% y trasladar de inmediato para tratamiento en cámara hiperbárica,colocar un acceso intraóseo/venoso y administrar una carga inmediata de solución cristaloide isotónica a 20 ml/kg por choque,1,,,,,
¿Cuál es el método de elección más preciso y recomendado en pediatría para calcular el porcentaje de superficie corporal quemada (%SCQ) en pacientes menores de 15 años?,la regla de los nueves de Wallace clásica del adulto,utilizar la palma de la mano del paciente para toda la superficie (regla del 1%),la tabla de Lund y Browder (que ajusta las proporciones de la cabeza y extremidades según la edad),estimación visual empírica rápida global,la tabla de Lund y Browder (que ajusta las proporciones de la cabeza y extremidades según la edad),1,,,,,
"Si un paciente pediátrico presenta un cálculo de superficie corporal quemada del 28% de tipo espesor parcial (2do grado), ¿cómo se clasifica la gravedad de sus quemaduras?",leve,moderada,grave,crítica,grave,1,,,,,
"Femenino de 16 años presenta pérdida súbita de alerta en entrenamiento. Es traída apneica y sin pulsos palpables. Al iniciar la reanimación cardiopulmonar (RCP), ¿cuál es la relación compresión:ventilación indicada para un adolescente?",15 compresiones seguidas de 2 ventilaciones por un reanimador,3 compresiones por 1 ventilación continua por 5 ciclos,100 compresiones por minuto continuas con 12 ventilaciones asincrónicas,30 compresiones seguidas de 2 ventilaciones (ritmo estándar de adulto/adolescente),30 compresiones seguidas de 2 ventilaciones (ritmo estándar de adulto/adolescente),1,,,,,
"Al conectar el monitor-desfibrilador durante las maniobras de RCP en una paciente adolescente en paro cardiaco, se observa un trazo de fibrilación ventricular (FV) o taquicardia ventricular sin pulso. ¿Cuál es la conducta?",administración inmediata de un bolo de adrenalina IV/IO,administrar una descarga eléctrica inmediata (desfibrilación no sincronizada) a una dosis de 2 a 4 J/kg,administrar un bolo inmediato de amiodarona IV,detener las maniobras para investigar causas reversibles (las H y las T),administrar una descarga eléctrica inmediata (desfibrilación no sincronizada) a una dosis de 2 a 4 J/kg,1,,,,,
"Durante la reanimación cardiopulmonar en un paciente pediátrico, ¿a qué frecuencia o ritmo exacto se deben administrar las compresiones torácicas externas?",a un ritmo constante de entre 80 y 120 compresiones por minuto,a un ritmo no menor de 100 y no mayor de 150 compresiones por minuto,a un ritmo de 100 a 120 compresiones por minuto de forma constante,a un ritmo libre no menor de 100 compresiones por minuto,a un ritmo de 100 a 120 compresiones por minuto de forma constante,1,,,,,
¿Cuál debe ser la profundidad efectiva recomendada para cada compresión torácica externa durante la RCP en un paciente adolescente?,aproximadamente 4 cm del diámetro anteroposterior del tórax,al menos 5 cm (un tercio del diámetro AP corporal),un rango de entre 5 cm y un máximo de 6 cm (2 pulgadas),un máximo estricto de 3 cm para evitar fracturas costales,un rango de entre 5 cm y un máximo de 6 cm (2 pulgadas),1,,,,,
"Durante la ejecución de la RCP de alta calidad en pediatría, ¿cuál es el intervalo de tiempo máximo permitido si es estrictamente necesario interrumpir las compresiones para verificar ritmo o pulso?",un lapso variable de entre 10 y 20 segundos totales,el menor tiempo posible y bajo ninguna circunstancia mayor a 10 segundos,un límite fijo de no más de 12 segundos,un intervalo de entre 5 y 10 segundos máximos,el menor tiempo posible y bajo ninguna circunstancia mayor a 10 segundos,1,,,,,
"Niño de 5 años presenta dolor ardoroso en mano tras ver un insecto oscuro. En 30 min presenta dolor intenso en el miembro superior, náusea, vómitos, disnea, hipertensión, taquicardia, priapismo y contracturas musculares. ¿Qué tipo de lesión sospecha?",mordedura por una araña loxoceles,mordedura por una araña lactrodectus (viuda negra),picadura por alacrán,mordedura de serpiente,mordedura por una araña lactrodectus (viuda negra),1,,,,,
¿Cuál es la fisiopatología de la sintomatología causada por el envenenamiento por araña viuda negra (Latrodectus) y la acción de la alfa-latroxina?,liberación masiva de catecolaminas y acetilcolina en las terminaciones nerviosas,acción de la esfingomielinasa d con efecto necrótico celular directo,bloqueo de canales de potasio y sodio por escorparminas.,acción neurotóxica central directa con bloqueo gabaérgico,liberación masiva de catecolaminas y acetilcolina en las terminaciones nerviosas,1,,,,,
"De acuerdo a los síntomas sistémicos graves (disnea, hipertensión, priapismo, contracturas musculares), ¿cuál es el grado de intoxicación por Latrodectus del paciente?",leve (grado i),moderado (grado ii),grave (grado iii),muy grave (grado iv),grave (grado iii),1,,,,,
¿Cuál sería el manejo general inicial más apropiado para un paciente con envenenamiento grave por Latrodectus que presenta disnea y dolor?,abrir vía aérea y preparación para secuencia de intubación.,abrir vía aérea y considerar sedación con midazolam,abrir vía aérea (oxígeno a 10 L/min) y accesos vasculares con líquidos de mantenimiento.,monitoreo pasivo sin oxígeno,abrir vía aérea (oxígeno a 10 L/min) y accesos vasculares con líquidos de mantenimiento.,1,,,,,
¿Cuál es el tratamiento específico (faboterápico) indicado para el envenenamiento por araña viuda negra (Latrodectus)?,antiveneno faboterápico antilactrodectus (Aracmyn),dapsona más antiveneno antiloxosceles,antiveneno faboterápico antialacrán,suero anti-crotálico,antiveneno faboterápico antilactrodectus (Aracmyn),1,,,,,
"Paciente de 17 años sufre accidente como peatón. Presenta FC 156, FR 14, TA 87 mmHg, Sat 94%, diaforesis, dolor abdominal generalizado de predominio izquierdo irradiado a hombro del mismo lado (signo de Kehr). ¿Acción inicial?",mejorar aporte de oxígeno con mascarilla reservorio,colocar segundo acceso periférico e iniciar una carga de cristaloide isotónico a 20 ml/kg por choque hemorrágico,solicitar de forma inmediata un ultrasonido enfocado en trauma (FAST),solicitar de forma urgente una TAC de abdomen contrastada,continuar con el mismo aporte de O2 y administrar una carga de albúmina,mejorar aporte de oxígeno con mascarilla reservorio,colocar segundo acceso periférico e iniciar una carga de cristaloide isotónico a 20 ml/kg por choque hemorrágico,1,,,
"En un paciente con trauma abdominal cerrado por mecanismo de alta energía que presenta datos de choque hipovolémico y dolor referido en el hombro izquierdo (signo de Kehr), ¿qué órgano se sospecha lesionado?",hígado,páncreas,bazo,riñón,bazo,1,,,,,
¿Qué estudio de laboratorio inicial o marcador indirecto se solicita como tamizaje para evaluar la sospecha de una lesión de órgano sólido abdominal en trauma?,biometría hemática completa (monitoreo de hemoglobina y hematocrito),medición de niveles séricos de AST y ALT de forma aislada,niveles séricos de deshidrogenasa láctica (DHL),creatinina sérica cuantitativa,biometría hemática completa (monitoreo de hemoglobina y hematocrito),1,,,,,
Paciente de 17 años con trauma abdominal y sospecha de lesión esplénica que se encuentra hemodinámicamente INESTABLE (choque refractario a la primera carga). ¿Cuál es la siguiente acción?,administrar paquete globular (sangre) a 10 ml/kg/dosis,solicitar de forma inmediata un ultrasonido abdominal completo en piso,administrar analgésico opioide potente de forma aislada,solicitar una TAC simple y contrastada de abdomen de urgencia en el tomógrafo,administrar paquete globular (sangre) a 10 ml/kg/dosis,1,,,,,
"Paciente femenino de 5 meses con cuadro de 5 días de fiebre elevada. Ingresa con tiraje intercostal, dificultad respiratoria de inicio agudo y auscultación de un soplo cardiaco de nueva aparición. ¿Cuál es el manejo inicial?",administración de oxígeno indirecto a 10 L/min de forma libre,"permeabilizar la vía aérea, administrar oxígeno con FiO2 cercana al 100% y obtener un acceso venoso periférico rápido",obtener acceso venoso periférico y administrar una carga de cristaloide a 20 ml/kg de forma inmediata,obtener acceso venoso periférico y administrar una carga selectiva a 10 ml/kg,"permeabilizar la vía aérea, administrar oxígeno con FiO2 cercana al 100% y obtener un acceso venoso periférico rápido",1,,,,,
"Paciente de 5 meses con fiebre, soplo nuevo, dificultad respiratoria, estertores crepitantes, ritmo de galope, hepatomegalia y pulsos disminuidos con llenado capilar retardado. ¿Cuál es el diagnóstico clínico?",neumonía lobar aguda bacteriana,bronquiolitis viral complicada,miocarditis aguda con insuficiencia cardiaca congestiva / choque cardiogénico,choque hipovolémico profundo,miocarditis aguda con insuficiencia cardiaca congestiva / choque cardiogénico,1,,,,,
"Para el manejo farmacológico específico de la precarga y la contractilidad en una paciente de 5 meses con miocarditis aguda e insuficiencia cardiaca congestiva, ¿cuál es el esquema correcto?",antibioticoterapia intravenosa de amplio espectro combinada,uso juicioso de diuréticos de asa (furosemida) y soporte inotrópico continuo bajo monitorización estrecha,solución salina hipertónica al 3% mediante nebulizaciones continuas,administración repetida de cargas de solución cristaloide a 5 ml/kg,uso juicioso de diuréticos de asa (furosemida) y soporte inotrópico continuo bajo monitorización estrecha,1,,,,,
¿Cuál es el agente etiológico infeccioso viral más frecuentemente asociado con el desarrollo de miocarditis aguda en la edad pediátrica?,Streptococcus pneumoniae,Virus Coxsackie B (Enterovirus),cardiopatía congénita acianógena preexistente,virus sincicial respiratorio,Virus Coxsackie B (Enterovirus),1,,,,,
"¿Cuál es el estudio de gabinete de elección y con mayor sensibilidad para confirmar el diagnóstico, evaluar la fracción de eyección y descartar derrame pericárdico en miocarditis pediátrica?",radiografía digital de tórax en proyección PA,"no se requiere ningún estudio, el diagnóstico es exclusivamente clínico",ecocardiograma transtorácico bidimensional con Doppler color,radiografía lateral de cuello enfocada,ecocardiograma transtorácico bidimensional con Doppler color,1,,,,,
"Lactante masculino de 6 meses ingresa a urgencias con una crisis convulsiva tónico-clónica generalizada continua de 10 minutos de duración. SV: FC 160, FR 34 irregular, Sat 87%, Temp 38.5°C. ¿Diagnóstico operacional?",epilepsia parcial secundariamente generalizada,neuroinfección bacteriana aguda central,estado epiléptico convulsivo generalizado (fase inicial),estado epiléptico no convulsivo sutil,estado epiléptico convulsivo generalizado (fase inicial),1,,,,,
"En un lactante de 6 meses que ingresa en estado epiléptico convulsivo activo (10 min de duración) con abundantes secreciones en vía aérea e hipoxia (Sat 87%), ¿cuál es la acción terapéutica inicial?",asegurar la permeabilización de la vía aérea (aspiración) y administración de oxígeno al 100%,obtener de forma prioritaria un acceso vascular periférico,administración inmediata de medicamentos anticonvulsivos por vía IM,proceder de forma directa a la intubación endotraqueal,asegurar la permeabilidad de la vía aérea (aspiración) y administración de oxígeno al 100%,1,,,,,
¿Cuál es el grupo farmacológico de elección considerado como la primera línea de tratamiento para detener la actividad convulsiva en el estado epiléptico?,fenobarbital sódico,tiopental e infusión continua,benzodiacepinas (como diazepam,midazolam o lorazepam) vía IV o intraósea,difenilhidantoína (DFH) en impregnación,benzodiacepinas (como diazepam,midazolam o lorazepam) vía IV o intraósea,1,,,
"De acuerdo a las definiciones internacionales de estado epiléptico en pediatría, ¿cuál es la definición correcta de estado epiléptico refractario?",actividad convulsiva continua que se prolonga por más de 15 minutos totales,actividad convulsiva continua que dura más de 5 minutos cronometrados,falla para detener la crisis tras el uso de fármacos de primera línea (benzodiacepinas),persistencia de la actividad convulsiva a pesar de un tratamiento adecuado con una benzodiacepina y un anticonvulsivo de segunda línea (DFH o Levetiracetam),persistencia de la actividad convulsiva a pesar de un tratamiento adecuado con una benzodiacepina y un anticonvulsivo de segunda línea (DFH o Levetiracetam),1,,,,,
"Durante el manejo de un estado epiléptico en pediatría, ¿qué parámetro metabólico/sistémico es prioritario controlar debido a que incrementa exponencialmente el metabolismo del tejido cerebral y dificulta el control de las crisis?",temperatura central (control de la fiebre elevada),escala analógica del dolor,niveles séricos cuantitativos de sodio,niveles séricos cuantitativos de calcio,temperatura central (control de la fiebre elevada),1,,,,,
"Niño de 2 años extraído de un incendio presenta eritema facial, flictenas, hollín perinasal, leve estridor, campos pulmonares limpios, quemaduras en tórax y extremidades (20% SCQ). ¿Manejo inmediato más adecuado?",administración de oxígeno al 100% con mascarilla y mantener vigilancia estrecha continua,administración de oxígeno al 100% y proceder a intubación orotraqueal a la brevedad por riesgo inminente de edema de vía aérea,colocar 2 accesos venosos periféricos y administrar una carga rápida con solución cristaloide a 20 ml/kg,colocar 2 accesos venosos periféricos y administrar una carga inmediata con coloides a 10 ml/kg,administración de oxígeno al 100% y proceder a intubación orotraqueal a la brevedad por riesgo inminente de edema de vía aérea,1,,,,,
"Niño de 2 años extraído de un incendio presenta eritema facial, flictenas, hollín perinasal y quemaduras en tórax, abdomen y brazos (20% SCQ). ¿Qué grado de quemadura presenta?",quemaduras de 1er grado,quemaduras de 2o grado,quemaduras de 3er grado,quemaduras de 4o grado,quemaduras de 2o grado,1,,,,,
¿Cuál es el esquema y tipo de soluciones de reanimación hídrica recomendado inicialmente para un paciente pediátrico críticamente quemado?,fórmula de Holliday-Segar basal simple,fórmula de Parkland modificada calculando 3 ml/kg/%SCQ de solución Ringer Lactato más la adición de los líquidos de requerimientos basales,fórmula de Galveston modificada calculando 5000 ml/m² de SCQ más requerimientos basales de 2000 ml/m² de SC total,fórmula de Carvajal simplificada con solución mixta,fórmula de Parkland modificada calculando 3 ml/kg/%SCQ de solución Ringer Lactato más la adición de los líquidos de requerimientos basales,1,,,,,
¿Cuál sería el analgésico de elección para el manejo del dolor severo en un paciente pediátrico con quemaduras de 2do grado del 20%?,paracetamol.,morfina,midazolam,ketorolaco,morfina,1,,,,,
"Lactante de 8 meses con evacuaciones líquidas de 3 días y vómitos. Se observa alerta, ojos normales, lengua hidratada y llanto con lágrimas. ¿Cuál es el plan de hidratación indicado?",plan a de hidratación oral,plan b de hidratación oral,plan c de hidratación,ayuno absoluto,plan a de hidratación oral,1,,,,,
¿En qué consiste la terapéutica indicada en el Plan A de hidratación para un lactante con diarrea sin deshidratación?,administración de soluciones de rehidratación oral a 100 ml/kg,administración de SRO de baja osmolaridad (245 mOsm/L) a dosis de 50 a 100 ml después de cada evacuación o vómito para prevenir deshidratación.,administración de SRO de alta osmolaridad en 8 tomas,solución glucosa al 5% IV,administración de SRO de baja osmolaridad (245 mOsm/L) a dosis de 50 a 100 ml después de cada evacuación o vómito para prevenir deshidratación.,1,,,,,
¿Cuál es la recomendación alimentaria correcta para un lactante de 8 meses durante un cuadro de diarrea aguda sin deshidratación?,inicio gradual con restricción de lactosa.,dieta normal para la edad y continuar con leche materna de forma frecuente.,leche deslactosada por 2 semanas.,ayuno por 24 horas y luego dieta blanda.,dieta normal para la edad y continuar con leche materna de forma frecuente.,1,,,,,
¿Cuál de los siguientes enunciados es correcto respecto a las soluciones de rehidratación oral (SRO)?,la efectividad está relacionada con mantener una relación sodio y osmolaridad cercanas 1:1,la efectividad de las soluciones con osmolaridad reducida (245 mOsm/L) es óptima para corregir deshidratación y disminuir el gasto fecal de forma segura.,las soluciones de alta osmolaridad (290 mOsm/L) son superiores.,las soluciones caseras son preferibles a las de la OMS.,la efectividad de las soluciones con osmolaridad reducida (245 mOsm/L) es óptima para corregir deshidratación y disminuir el gasto fecal de forma segura.,1,,,,,
"Paciente de 9 meses que cae de la cama hace 30 min. Ingresa con Glasgow de 15 y hematoma parietal derecho, sin otras alteraciones. De acuerdo a los criterios PECARN, ¿cuál es el riesgo de lesión intracraneal clínicamente importante?",4.40%,0.90%,1%,5%,0.90%,1,,,,,
"De acuerdo al riesgo bajo (0.9%) según PECARN en un lactante menor de 2 años con trauma craneal menor y Glasgow de 15, ¿cuál es la conducta más apropiada?",tac de cráneo de forma absoluta,observación clínica de manera absoluta,observación clínica de 2 a 6 horas vs TAC según decisión compartida,alta inmediata sin vigilancia,observación clínica de 2 a 6 horas vs TAC según decisión compartida,1,,,,,
"En un lactante menor de 2 años evaluado por trauma craneal mediante PECARN, ¿qué factor se considera de ALTO RIESGO para lesión intracraneal clínicamente importante?",glasgow menor a 15 (o alteración del estado mental),hematoma subgaleal no frontal,vómitos aislados,mecanismo de trauma grave,glasgow menor a 15 (o alteración del estado mental),1,,,,,
"Paciente femenino de 14 años con historia de poliuria, polidipsia y pérdida de peso. Presenta fiebre, múltiples vómitos, dolor abdominal difuso, desorientación, mucosas secas y extremidades frías. Dxtx: 450 mg/dL. ¿Qué diagnóstico considera?",Obstrucción intestinal aguda,Cetoacidosis diabética (CAD),Apendicitis aguda complicada,Choque séptico de origen urinario,Cetoacidosis diabética (CAD),1,,,,,
"Ante una paciente con diagnóstico de ingreso de cetoacidosis diabética con datos de deshidratación moderada y alteración del estado mental, ¿cuál es la acción de manejo hídrico inicial más adecuada?",Iniciar una carga rápida con solución isotónica a 10 ml/kg/dosis para pasar en 1 hora,Iniciar de forma inmediata una infusión continua de insulina a 0.1 UI/kg/h,Administrar una carga rápida de cristaloide a 20 ml/kg en 20 minutos,Iniciar de forma directa la reposición de líquidos calculada a 3000 ml/m²/SC,Iniciar una carga rápida con solución isotónica a 10 ml/kg/dosis para pasar en 1 hora,1,,,,,
"Paciente de 14 años con CAD. Laboratorio: Na 123, K 7.5, Cl 98. Gasometría: pH 7.07, Hco3 9, Pco2 21, Creatinina 1.6. El ECG muestra extrasístoles ventriculares con ondas T elevadas y acuminadas (hiperkalemia severa). ¿Qué acción realiza?",Administración en bolo de bicarbonato de sodio,Administración intravenosa inmediata de gluconato de calcio al 10% para estabilización miocárdica,Inicio de solución polarizante con insulina y glucosa,Nebulización con salbutamol de dosis alta,Administración intravenosa inmediata de gluconato de calcio al 10% para estabilización miocárdica,1,,,,,
¿Cuál es la complicación neurológica aguda prevenible que representa la mayor tasa de mortalidad en los pacientes pediátricos tratados por cetoacidosis diabética?,Edema cerebral severo,Perforación intestinal secundaria a íleo,Falla orgánica múltiple fulminante,Fuga capilar masiva a tercer espacio,Edema cerebral severo,1,,,,,
"¿Cuál es el pilar terapéutico definitivo para frenar la cetogénesis, revertir la acidosis y normalizar el metabolismo en la cetoacidosis diabética?",Antibioticoterapia intravenosa de amplio espectro,Colocación de sonda orogástrica (SOG) e hidratación IV aislada,Inicio y mantenimiento de una infusión continua de insulina de acción rápida,Intervención quirúrgica inmediata por sospecha de apendicitis,Inicio y mantenimiento de una infusión continua de insulina de acción rápida,1,,,,,
"Ante la confirmación de la presencia de edema cerebral agudo durante el tratamiento de una cetoacidosis diabética pediátrica, ¿qué osmoterapia de primera elección prefiere iniciar?",Administración de manitol IV (0.5 a 1 g/kg) en infusión,Hiperventilación mecánica agresiva transitoria,Administración de una carga de solución salina hipertónica al 3%,Uso de dexametasona IV a dosis altas,Administración de una carga de solución salina hipertónica al 3%,1,,,,,
Paciente femenino de 15 años con cetoacidosis diabética en tratamiento. Ingresó con glucosa de 450 mg/dL; tras 6 horas de infusión de insulina a 0.1 UI/kg/h se encuentra en 250 mg/dL (disminución de 150 mg/dL/h en las últimas dos horas). ¿Cómo se considera este ritmo de descenso de la glucosa?,Esperado,Aumentado,Disminuido,Peligroso,Aumentado,1,,,,,
"Dado un ritmo de disminución de la glucosa sérica excesivamente rápido (>100 mg/dL/hora) en una paciente con cetoacidosis diabética, ¿qué acción decide para prevenir el riesgo de edema cerebral?",Disminuir la infusión continua de insulina a una dosis de 0.05 UI/kg/h,Aumentar de forma empírica la infusión de insulina,Aumentar el aporte de glucosa en las soluciones intravenosas (añadir solución glucosilada al esquema),Ajustar de forma aislada el aporte de líquidos al grado de deshidratación clínica,Aumentar el aporte de glucosa en las soluciones intravenosas (añadir solución glucosilada al esquema),1,,,,,
"Paciente de 10 años con cetoacidosis diabética en el que los niveles de glucosa sérica se han mantenido sin cambios en las últimas 3 horas a pesar de infusión de insulina a 0.1 UI/kg/h, persistiendo con acidosis severa y fiebre. ¿Causa más probable?",Presencia de una infección concomitante no diagnosticada,Persistencia bioquímica de la acidosis metabólica por otra causa,Resistencia periférica extrema a la insulina,Subdosificación o dosis inadecuada de insulina,Presencia de una infección concomitante no diagnosticada,1,,,,,
"Ante un paciente con cetoacidosis diabética que presenta falla o refractariedad al tratamiento con insulina debido a una infección concomitante sospechada, ¿cuál es la conducta correcta?",Aumentar la infusión de insulina a dosis más elevadas,Administrar bolos repetidos de bicarbonato de sodio para corregir la acidosis,Búsqueda intencionada de la fuente de infección,toma de cultivos e inicio de antibioticoterapia empírica IV,Cambio inmediato del esquema por insulina de acción intermedia (NPH),Búsqueda intencionada de la fuente de infección,toma de cultivos e inicio de antibioticoterapia empírica IV,1,,,
"Masculino de 16 años se desmaya jugando fútbol con Temp de 39.5°C. Al ingresar: FC 165, FR 27, Temp central 41.3°C, TA 92/40, Glasgow de 8 con respiraciones superficiales y piel caliente/grisácea mal perfundida. ¿Manejo inicial prioritario?",Administración inmediata de oxígeno y preparación para asegurar la vía aérea mediante intubación endotraqueal por deterioro neurológico,Administración de líquidos intravenosos al doble de sus requerimientos de mantenimiento,Realización de un electroencefalograma (EEG) urgente para descartar estado epiléptico sutil,Iniciar de forma inmediata enfriamiento pasivo mediante compresas húmedas superficiales,Administración inmediata de oxígeno y preparación para asegurar la vía aérea mediante intubación endotraqueal por deterioro neurológico,1,,,,,
"Posterior al aseguramiento ventilatorio inicial en un paciente con golpe de calor que presenta datos de hipoperfusión tisular y choque (TA 92/40, piel grisácea), ¿qué intervención hemodínámica debe realizar?",Solicitar de forma urgente una TAC simple de cráneo en el tomógrafo,Realizar una punción lumbar inmediata para descartar neuroinfección,Administrar una carga rápida a 20 ml/kg de solución cristaloide isotónica para optimizar la perfusión,Iniciar de forma inmediata el manejo con un anticonvulsivante en infusión continua,Administrar una carga rápida a 20 ml/kg de solución cristaloide isotónica para optimizar la perfusión,1,,,,,
"¿Cuál es el mecanismo fisiopatológico primario que condiciona la disfunción orgánica, el colapso circulatorio y el daño neurológico en el golpe de calor?",Aumento masivo de los requerimientos metabólicos celulares inducido por la hipertermia extrema con incapacidad sistémica para mantenerlos,Desarrollo de un sangrado intracraneal masivo agudo por trauma,Edema cerebral grave secundario a una respuesta inflamatoria por neuroinfección bacteriana,Estimulación masiva de receptores adrenérgicos centrales por una sustancia exógena,Aumento masivo de los requerimientos metabólicos celulares inducido por la hipertermia extrema con incapacidad sistémica para mantenerlos,1,,,,,
"Paciente de 16 años con elevación extrema de la temperatura central (41.3°C) tras ejercicio extenuante bajo el sol, acompañado de disfunción grave del sistema nervioso central (Glasgow 8, crisis previa). ¿Diagnóstico clínico de certeza?",Meningitis bacteriana aguda central,Traumatismo craneoencefálico grave aislado,"Golpe de calor (""Heat stroke"")",Intoxicación aguda por agentes simpaticomiméticos,"Golpe de calor (""Heat stroke"")",1,,,,,
¿Cuál es la medida terapéutica definitiva e inmediata indicada para reducir la morbimortalidad y detener la cascada de daño celular en un paciente con golpe de calor?,Enfriamiento activo inmediato mediante métodos físicos (inmersión o evaporación conductiva con hielo/agua) y medidas de soporte avanzado,Evacuación quirúrgica urgente de un probable sangrado intracraneal,Tratamiento anticonvulsivante de sostén de forma aislada,Inicio inmediato de antibioticoterapia empírica intravenosa de amplio espectro,Enfriamiento activo inmediato mediante métodos físicos (inmersión o evaporación conductiva con hielo/agua) y medidas de soporte avanzado,1,,,,,